record_id,governorate,city,region,year,month,date,latitude,longitude,utm32_easting,utm32_northing,population_density,urban_index,temperature_c,rainfall_mm,humidity_pct,ndvi_score,drought_pressure_score,electricity_pressure_score,tourism_pressure_score,observed_index,data_nature,observed_lag_1,observed_lag_2,observed_lag_3,observed_lag_6,observed_lag_12,rolling_mean_3,rolling_mean_6,target_stage1_tabular_score,target_stage2_lstm_score,lstm_agri_price_next_3m
EX24_Ariana_2017_01,Ariana,Ariana,Nord-Est,2017,1,2017-01-15,36.801522,10.192484,606379.84,4073518.15,1800,86.0,12.22,101.9,85.65,72.46,21.81,73.94,65.18,37.05,données du projet,41.29,50.48,64.35,83.22,24.04,52.04,67.23,17.16,47.13,47.13
EX24_Ariana_2017_02,Ariana,Ariana,Nord-Est,2017,2,2017-02-15,36.832852,10.181435,605351.2,4076981.52,1800,86.0,11.57,78.95,83.56,73.9,20.23,80.43,77.03,29.34,données du projet,37.05,41.29,50.48,84.56,31.94,42.94,59.535,46.36,60.05,60.05
EX24_Ariana_2017_03,Ariana,Ariana,Nord-Est,2017,3,2017-03-15,36.906929,10.127179,600415.86,4085141.0,1800,86.0,16.57,73.63,87.31,70.33,22.47,90.58,71.22,44.78,données du projet,29.34,37.05,41.29,79.48,50.99,35.89333333333334,50.331666666666656,51.52,73.87,73.87
EX24_Ariana_2017_04,Ariana,Ariana,Nord-Est,2017,4,2017-04-15,36.865477,10.18444,605574.33,4080604.22,1800,86.0,25.06,37.1,73.63,67.72,63.36,85.99,71.91,62.46,données du projet,44.78,29.34,37.05,64.35,48.46,37.056666666666665,44.54833333333334,66.19,70.74,70.74
EX24_Ariana_2017_05,Ariana,Ariana,Nord-Est,2017,5,2017-05-15,36.901159,10.121643,599930.23,4084495.07,1800,86.0,22.5,53.88,63.67,65.81,53.43,94.99,66.13,71.21,données du projet,62.46,44.78,29.34,50.48,58.48,45.52666666666667,44.23333333333333,81.71,75.44,75.44
EX24_Ariana_2017_06,Ariana,Ariana,Nord-Est,2017,6,2017-06-15,36.851119,10.104669,598482.13,4078926.1,1800,86.0,32.39,45.85,58.3,56.83,71.31,94.26,89.81,74.78,données du projet,71.21,62.46,44.78,41.29,69.66,59.48333333333333,47.68833333333333,52.98,68.89,68.89
EX24_Ariana_2017_07,Ariana,Ariana,Nord-Est,2017,7,2017-07-15,36.853845,10.115656,599458.16,4079239.95,1800,86.0,34.03,14.94,53.73,50.51,79.56,94.3,100.0,76.0,données du projet,74.78,71.21,62.46,37.05,83.22,69.48333333333333,53.27,84.7,67.5,67.5
EX24_Ariana_2017_08,Ariana,Ariana,Nord-Est,2017,8,2017-08-15,36.84906,10.166857,604029.22,4078763.65,1800,86.0,33.48,32.49,59.5,50.72,73.79,100.0,94.32,79.15,données du projet,76.0,74.78,71.21,29.34,84.56,73.99666666666666,59.76166666666666,57.1,56.53,56.53
EX24_Ariana_2017_09,Ariana,Ariana,Nord-Est,2017,9,2017-09-15,36.841339,10.144661,602060.6,4077883.14,1800,86.0,29.01,37.06,70.07,50.56,61.75,95.63,93.32,61.03,données du projet,79.15,76.0,74.78,44.78,79.48,76.64333333333333,68.06333333333333,44.45,43.13,43.13
EX24_Ariana_2017_10,Ariana,Ariana,Nord-Est,2017,10,2017-10-15,36.868639,10.190266,606089.23,4080961.4,1800,86.0,19.22,81.2,75.93,61.94,44.18,84.14,52.83,61.89,données du projet,61.03,79.15,76.0,62.46,64.35,72.06,70.77166666666666,43.66,33.17,33.17
EX24_Ariana_2017_11,Ariana,Ariana,Nord-Est,2017,11,2017-11-15,36.86869,10.139422,601557.24,4080911.76,1800,86.0,11.2,86.69,81.46,75.65,29.48,83.47,70.39,44.11,données du projet,61.89,61.03,79.15,71.21,50.48,67.35666666666667,70.67666666666666,23.75,36.8,36.8
EX24_Ariana_2017_12,Ariana,Ariana,Nord-Est,2017,12,2017-12-15,36.896838,10.130793,600751.08,4084025.37,1800,86.0,12.65,95.82,78.51,71.59,22.31,85.24,68.79,31.07,données du projet,44.11,61.89,61.03,74.78,41.29,55.67666666666667,66.16000000000001,29.47,38.66,38.66
EX24_Ariana_2018_01,Ariana,Ariana,Nord-Est,2018,1,2018-01-15,36.866322,10.209194,607779.6,4080725.61,1800,86.0,13.85,87.63,85.7,73.35,25.91,81.49,61.93,34.2,données du projet,31.07,44.11,61.89,76.0,37.05,45.69,58.875,52.99,46.79,46.79
EX24_Ariana_2018_02,Ariana,Ariana,Nord-Est,2018,2,2018-02-15,36.818514,10.172362,604561.63,4075380.94,1800,86.0,11.29,88.71,82.12,79.34,8.87,62.7,62.28,46.72,données du projet,34.2,31.07,44.11,79.15,29.34,36.46,51.90833333333333,39.48,55.86,55.86
EX24_Ariana_2018_03,Ariana,Ariana,Nord-Est,2018,3,2018-03-15,36.86434,10.158305,603246.23,4080449.46,1800,86.0,18.66,76.91,75.65,65.94,33.07,78.2,78.39,44.69,données du projet,46.72,34.2,31.07,61.03,44.78,37.330000000000005,46.50333333333333,61.59,57.9,57.9
EX24_Ariana_2018_04,Ariana,Ariana,Nord-Est,2018,4,2018-04-15,36.890535,10.174072,604615.89,4083372.7,1800,86.0,23.48,48.17,70.78,66.17,61.0,88.0,52.92,53.89,données du projet,44.69,46.72,34.2,61.89,62.46,41.870000000000005,43.78,41.36,71.62,71.62
EX24_Ariana_2018_05,Ariana,Ariana,Nord-Est,2018,5,2018-05-15,36.864844,10.124495,600231.81,4080469.34,1800,86.0,26.94,43.74,68.04,56.22,63.95,98.56,67.07,60.62,données du projet,53.89,44.69,46.72,44.11,71.21,48.43333333333333,42.446666666666665,54.5,74.45,74.45
EX24_Ariana_2018_06,Ariana,Ariana,Nord-Est,2018,6,2018-06-15,36.890674,10.165063,603812.93,4083378.23,1800,86.0,30.24,25.78,62.91,49.56,69.67,100.0,90.61,63.38,données du projet,60.62,53.89,44.69,31.07,74.78,53.06666666666666,45.19833333333333,63.81,82.9,82.9
EX24_Ariana_2018_07,Ariana,Ariana,Nord-Est,2018,7,2018-07-15,36.84189,10.134595,601162.32,4077933.63,1800,86.0,33.93,8.35,52.16,46.91,84.38,99.6,88.92,78.83,données du projet,63.38,60.62,53.89,34.2,76.0,59.29666666666666,50.583333333333336,81.8,73.15,73.15
EX24_Ariana_2018_08,Ariana,Ariana,Nord-Est,2018,8,2018-08-15,36.855739,10.160706,603471.8,4079497.93,1800,86.0,30.63,13.84,55.72,45.06,88.21,100.0,85.56,83.54,données du projet,78.83,63.38,60.62,46.72,79.15,67.61,58.02166666666667,94.89,60.78,60.78
EX24_Ariana_2018_09,Ariana,Ariana,Nord-Est,2018,9,2018-09-15,36.916761,10.162683,603565.62,4086269.7,1800,86.0,27.24,32.24,62.28,57.49,78.51,94.09,100.0,85.44,données du projet,83.54,78.83,63.38,44.69,61.03,75.25,64.15833333333333,46.91,46.9,46.9
EX24_Ariana_2018_10,Ariana,Ariana,Nord-Est,2018,10,2018-10-15,36.906497,10.148113,602281.45,4085115.33,1800,86.0,20.46,63.01,80.41,61.56,44.06,93.79,70.45,54.66,données du projet,85.44,83.54,78.83,53.89,61.89,82.60333333333334,70.95,55.43,36.36,36.36
EX24_Ariana_2018_11,Ariana,Ariana,Nord-Est,2018,11,2018-11-15,36.846458,10.160078,603428.33,4078467.61,1800,86.0,17.4,90.36,83.09,74.63,29.16,86.13,79.36,47.24,données du projet,54.66,85.44,83.54,60.62,44.11,74.54666666666667,71.07833333333333,21.21,30.89,30.89
EX24_Ariana_2018_12,Ariana,Ariana,Nord-Est,2018,12,2018-12-15,36.890588,10.197097,606667.61,4083404.03,1800,86.0,13.54,101.05,89.98,74.49,9.24,77.31,51.65,35.97,données du projet,47.24,54.66,85.44,63.38,31.07,62.44666666666666,68.84833333333334,28.53,33.69,33.69
EX24_Ariana_2019_01,Ariana,Ariana,Nord-Est,2019,1,2019-01-15,36.859905,10.176899,604909.77,4079977.74,1800,86.0,14.11,118.79,92.24,72.21,26.95,78.3,70.1,37.15,données du projet,35.97,47.24,54.66,78.83,34.2,45.95666666666667,64.28,33.02,43.82,43.82
EX24_Ariana_2019_02,Ariana,Ariana,Nord-Est,2019,2,2019-02-15,36.888003,10.155732,602985.07,4083071.86,1800,86.0,11.46,128.21,87.48,75.73,9.99,82.04,55.84,26.11,données du projet,37.15,35.97,47.24,83.54,46.72,40.12,57.333333333333336,42.98,60.36,60.36
EX24_Ariana_2019_03,Ariana,Ariana,Nord-Est,2019,3,2019-03-15,36.802296,10.130583,600856.52,4073536.92,1800,86.0,20.13,99.88,78.09,71.87,29.94,86.3,66.07,49.07,données du projet,26.11,37.15,35.97,85.44,44.69,33.07666666666667,47.76166666666666,76.47,74.76,74.76
EX24_Ariana_2019_04,Ariana,Ariana,Nord-Est,2019,4,2019-04-15,36.901796,10.196302,606581.12,4084646.51,1800,86.0,21.52,50.5,70.17,67.62,63.98,90.5,58.26,66.28,données du projet,49.07,26.11,37.15,54.66,53.89,37.443333333333335,41.7,44.34,69.61,69.61
EX24_Ariana_2019_05,Ariana,Ariana,Nord-Est,2019,5,2019-05-15,36.834037,10.229222,609610.94,4077166.82,1800,86.0,25.23,60.28,65.37,56.87,60.89,90.61,67.24,64.51,données du projet,66.28,49.07,26.11,47.24,60.62,47.153333333333336,43.63666666666668,82.38,85.11,85.11
EX24_Ariana_2019_06,Ariana,Ariana,Nord-Est,2019,6,2019-06-15,36.876643,10.165831,603900.43,4081822.51,1800,86.0,33.13,40.12,61.9,41.12,76.14,97.24,84.03,78.22,données du projet,64.51,66.28,49.07,35.97,63.38,59.95333333333334,46.51500000000001,78.74,76.99,76.99
EX24_Ariana_2019_07,Ariana,Ariana,Nord-Est,2019,7,2019-07-15,36.920348,10.205022,607332.05,4086714.46,1800,86.0,34.41,15.35,59.35,47.64,88.31,100.0,86.0,73.77,données du projet,78.22,64.51,66.28,37.15,78.83,69.67,53.55666666666667,91.78,69.95,69.95
EX24_Ariana_2019_08,Ariana,Ariana,Nord-Est,2019,8,2019-08-15,36.865592,10.149973,602501.85,4080579.39,1800,86.0,32.6,6.58,54.25,46.5,82.41,100.0,88.0,79.09,données du projet,73.77,78.22,64.51,26.11,83.54,72.16666666666667,59.660000000000004,75.54,61.58,61.58
EX24_Ariana_2019_09,Ariana,Ariana,Nord-Est,2019,9,2019-09-15,36.854999,10.11292,599212.72,4079365.15,1800,86.0,27.34,55.09,65.91,57.89,62.61,94.22,100.0,74.68,données du projet,79.09,73.77,78.22,49.07,85.44,77.02666666666667,68.49000000000001,63.67,51.09,51.09
EX24_Ariana_2019_10,Ariana,Ariana,Nord-Est,2019,10,2019-10-15,36.855909,10.159407,603355.81,4079515.33,1800,86.0,21.22,86.98,77.64,58.82,27.86,84.56,68.83,58.9,données du projet,74.68,79.09,73.77,66.28,54.66,75.84666666666668,72.75833333333334,41.51,40.09,40.09
EX24_Ariana_2019_11,Ariana,Ariana,Nord-Est,2019,11,2019-11-15,36.887499,10.18012,605159.03,4083042.45,1800,86.0,15.86,103.42,80.99,76.16,16.79,83.84,71.28,44.86,données du projet,58.9,74.68,79.09,64.51,47.24,70.89,71.52833333333334,42.59,39.45,39.45
EX24_Ariana_2019_12,Ariana,Ariana,Nord-Est,2019,12,2019-12-15,36.924052,10.16187,603483.38,4087077.7,1800,86.0,12.83,95.56,92.74,71.61,9.5,81.49,45.71,42.65,données du projet,44.86,58.9,74.68,78.22,35.97,59.48,68.25333333333334,37.57,39.89,39.89
EX24_Ariana_2020_01,Ariana,Ariana,Nord-Est,2020,1,2020-01-15,36.836826,10.165906,603961.03,4077405.45,1800,86.0,13.33,96.47,92.29,77.23,24.59,74.81,66.36,38.22,données du projet,42.65,44.86,58.9,73.77,37.15,48.803333333333335,62.324999999999996,43.53,47.46,47.46
EX24_Ariana_2020_02,Ariana,Ariana,Nord-Est,2020,2,2020-02-15,36.823705,10.145939,602198.0,4075928.22,1800,86.0,11.41,79.96,91.56,85.11,21.1,85.69,59.39,35.44,données du projet,38.22,42.65,44.86,79.09,26.11,41.91,56.4,39.22,50.79,50.79
EX24_Ariana_2020_03,Ariana,Ariana,Nord-Est,2020,3,2020-03-15,36.845652,10.168629,604191.86,4078387.53,1800,86.0,18.81,74.24,81.19,74.21,27.57,77.49,77.62,47.42,données du projet,35.44,38.22,42.65,74.68,49.07,38.77,49.125,64.45,68.97,68.97
EX24_Ariana_2020_04,Ariana,Ariana,Nord-Est,2020,4,2020-04-15,36.833446,10.111815,599142.06,4076972.91,1800,86.0,23.63,52.63,69.27,51.63,47.42,93.14,67.84,59.71,données du projet,47.42,35.44,38.22,58.9,66.28,40.36,44.58166666666667,54.42,77.39,77.39
EX24_Ariana_2020_05,Ariana,Ariana,Nord-Est,2020,5,2020-05-15,36.864682,10.207565,607636.7,4080541.77,1800,86.0,24.58,62.99,67.32,64.56,63.77,89.74,64.31,66.26,données du projet,59.71,47.42,35.44,44.86,64.51,47.52333333333333,44.71666666666667,75.2,91.79,91.79
EX24_Ariana_2020_06,Ariana,Ariana,Nord-Est,2020,6,2020-06-15,36.831827,10.137042,601393.76,4076819.84,1800,86.0,28.47,48.75,53.84,57.52,72.19,100.0,87.67,78.29,données du projet,66.26,59.71,47.42,42.65,78.22,57.796666666666674,48.28333333333334,96.26,89.48,89.48
EX24_Ariana_2020_07,Ariana,Ariana,Nord-Est,2020,7,2020-07-15,36.860155,10.150415,602548.52,4079976.71,1800,86.0,33.04,30.18,50.01,42.53,92.22,100.0,100.0,90.03,données du projet,78.29,66.26,59.71,38.22,73.77,68.08666666666667,54.223333333333336,86.43,78.07,78.07
EX24_Ariana_2020_08,Ariana,Ariana,Nord-Est,2020,8,2020-08-15,36.865281,10.143588,601933.09,4080538.06,1800,86.0,30.6,18.72,60.08,55.47,93.86,99.56,85.22,94.31,données du projet,90.03,78.29,66.26,35.44,79.09,78.19333333333334,62.85833333333333,79.07,71.47,71.47
EX24_Ariana_2020_09,Ariana,Ariana,Nord-Est,2020,9,2020-09-15,36.880037,10.184386,605549.41,4082219.36,1800,86.0,27.21,42.35,64.37,57.95,65.63,95.85,98.74,81.15,données du projet,94.31,90.03,78.29,47.42,74.68,87.54333333333334,72.67,81.02,53.88,53.88
EX24_Ariana_2020_10,Ariana,Ariana,Nord-Est,2020,10,2020-10-15,36.86202,10.165335,603875.96,4080199.77,1800,86.0,21.32,59.55,74.1,67.2,50.39,91.4,59.09,68.02,données du projet,81.15,94.31,90.03,59.71,58.9,88.49666666666667,78.29166666666667,49.01,43.81,43.81
EX24_Ariana_2020_11,Ariana,Ariana,Nord-Est,2020,11,2020-11-15,36.89329,10.138795,601468.77,4083640.24,1800,86.0,18.01,89.45,82.71,72.74,31.64,73.75,70.05,57.77,données du projet,68.02,81.15,94.31,66.26,44.86,81.16000000000001,79.67666666666666,37.03,39.37,39.37
EX24_Ariana_2020_12,Ariana,Ariana,Nord-Est,2020,12,2020-12-15,36.87631,10.171804,604433.19,4081792.14,1800,86.0,13.91,108.08,84.85,74.65,6.34,75.64,71.2,39.51,données du projet,57.77,68.02,81.15,78.29,42.65,68.98,78.26166666666667,31.49,39.0,39.0
EX24_Ariana_2021_01,Ariana,Ariana,Nord-Est,2021,1,2021-01-15,36.91143,10.15284,602695.97,4085667.68,1800,86.0,12.29,95.45,90.22,84.29,2.43,85.37,71.87,31.11,données du projet,39.51,57.77,68.02,90.03,38.22,55.1,71.79833333333333,38.64,45.22,45.22
EX24_Ariana_2021_02,Ariana,Ariana,Nord-Est,2021,2,2021-02-15,36.885346,10.126136,600351.22,4082745.51,1800,86.0,15.24,80.8,83.96,79.76,18.13,86.54,66.48,40.33,données du projet,31.11,39.51,57.77,94.31,35.44,42.796666666666674,61.97833333333333,37.17,55.85,55.85
EX24_Ariana_2021_03,Ariana,Ariana,Nord-Est,2021,3,2021-03-15,36.893816,10.142493,601797.57,4083702.54,1800,86.0,16.86,72.71,78.51,67.83,32.48,90.75,68.45,42.37,données du projet,40.33,31.11,39.51,81.15,47.42,36.983333333333334,52.98166666666666,53.1,72.69,72.69
EX24_Ariana_2021_04,Ariana,Ariana,Nord-Est,2021,4,2021-04-15,36.874063,10.140503,601646.52,4081509.0,1800,86.0,22.56,48.77,71.98,62.21,49.46,90.35,57.37,62.52,données du projet,42.37,40.33,31.11,68.02,59.71,37.93666666666667,46.518333333333324,52.51,77.22,77.22
EX24_Ariana_2021_05,Ariana,Ariana,Nord-Est,2021,5,2021-05-15,36.863048,10.195235,606539.95,4080346.72,1800,86.0,27.35,41.86,66.62,64.96,63.44,92.28,66.29,66.5,données du projet,62.52,42.37,40.33,57.77,66.26,48.40666666666667,45.60166666666667,91.0,80.83,80.83
EX24_Ariana_2021_06,Ariana,Ariana,Nord-Est,2021,6,2021-06-15,36.873754,10.174954,604717.42,4081511.99,1800,86.0,26.9,18.28,63.37,46.38,80.72,89.32,89.9,81.98,données du projet,66.5,62.52,42.37,39.51,78.29,57.13,47.056666666666665,77.59,84.19,84.19
EX24_Ariana_2021_07,Ariana,Ariana,Nord-Est,2021,7,2021-07-15,36.90379,10.160551,603393.18,4084828.45,1800,86.0,31.39,26.05,50.61,45.14,82.68,100.0,87.36,76.62,données du projet,81.98,66.5,62.52,31.11,90.03,70.33333333333333,54.135,83.37,74.98,74.98
EX24_Ariana_2021_08,Ariana,Ariana,Nord-Est,2021,8,2021-08-15,36.904188,10.152052,602635.47,4084863.32,1800,86.0,32.75,39.07,55.8,47.25,74.79,92.9,87.82,83.58,données du projet,76.62,81.98,66.5,40.33,94.31,75.03333333333335,61.72,70.72,70.48,70.48
EX24_Ariana_2021_09,Ariana,Ariana,Nord-Est,2021,9,2021-09-15,36.849811,10.181588,605341.55,4078863.14,1800,86.0,27.8,32.83,56.84,52.34,58.22,94.41,88.39,83.1,données du projet,83.58,76.62,81.98,42.37,81.15,80.72666666666667,68.92833333333333,76.91,54.83,54.83
EX24_Ariana_2021_10,Ariana,Ariana,Nord-Est,2021,10,2021-10-15,36.815528,10.182802,605496.85,4075061.22,1800,86.0,19.43,76.07,79.08,64.39,36.01,97.46,62.24,65.68,données du projet,83.1,83.58,76.62,62.52,68.02,81.10000000000001,75.71666666666667,40.51,43.37,43.37
EX24_Ariana_2021_11,Ariana,Ariana,Nord-Est,2021,11,2021-11-15,36.851285,10.159887,603404.85,4079002.92,1800,86.0,15.51,94.21,77.86,69.84,33.71,84.1,54.63,54.8,données du projet,65.68,83.1,83.58,66.5,57.77,77.45333333333333,76.24333333333334,48.34,45.1,45.1
EX24_Ariana_2021_12,Ariana,Ariana,Nord-Est,2021,12,2021-12-15,36.901172,10.155973,602988.83,4084533.06,1800,86.0,14.16,139.3,93.03,75.64,9.07,72.0,70.93,42.29,données du projet,54.8,65.68,83.1,81.98,39.51,67.86000000000001,74.29333333333334,38.41,38.51,38.51
EX24_Ariana_2022_01,Ariana,Ariana,Nord-Est,2022,1,2022-01-15,36.860944,10.137176,601367.26,4080050.05,1800,86.0,11.44,101.24,84.15,76.57,15.49,82.02,48.64,37.72,données du projet,42.29,54.8,65.68,76.62,31.11,54.25666666666667,67.67833333333333,41.52,48.77,48.77
EX24_Ariana_2022_02,Ariana,Ariana,Nord-Est,2022,2,2022-02-15,36.854947,10.152615,602751.6,4079401.31,1800,86.0,13.72,89.26,84.33,75.03,18.61,79.72,71.48,35.49,données du projet,37.72,42.29,54.8,83.58,40.33,44.93666666666667,61.195,39.68,67.02,67.02
EX24_Ariana_2022_03,Ariana,Ariana,Nord-Est,2022,3,2022-03-15,36.884684,10.159085,603288.38,4082707.22,1800,86.0,19.48,103.01,81.78,74.11,26.81,84.08,59.19,51.89,données du projet,35.49,37.72,42.29,83.1,42.37,38.50000000000001,53.18000000000001,81.04,79.67,79.67
EX24_Ariana_2022_04,Ariana,Ariana,Nord-Est,2022,4,2022-04-15,36.84028,10.151677,602687.61,4077773.22,1800,86.0,23.48,67.81,73.4,66.64,54.48,86.24,61.97,66.08,données du projet,51.89,35.49,37.72,65.68,62.52,41.7,47.97833333333333,71.99,87.4,87.4
EX24_Ariana_2022_05,Ariana,Ariana,Nord-Est,2022,5,2022-05-15,36.866886,10.144749,602034.49,4080717.39,1800,86.0,26.64,44.41,75.04,60.75,63.34,100.0,60.91,80.74,données du projet,66.08,51.89,35.49,54.8,66.5,51.15333333333334,48.044999999999995,84.47,87.78,87.78
EX24_Ariana_2022_06,Ariana,Ariana,Nord-Est,2022,6,2022-06-15,36.851491,10.172816,604557.2,4079039.79,1800,86.0,30.75,14.66,65.32,54.01,78.91,93.24,86.91,86.28,données du projet,80.74,66.08,51.89,42.29,81.98,66.23666666666666,52.36833333333333,100.0,81.26,81.26
EX24_Ariana_2022_07,Ariana,Ariana,Nord-Est,2022,7,2022-07-15,36.924495,10.209714,607744.16,4087179.84,1800,86.0,31.43,13.23,58.64,41.28,85.47,85.02,95.27,87.96,données du projet,86.28,80.74,66.08,37.72,76.62,77.7,59.699999999999996,68.72,75.55,75.55
EX24_Ariana_2022_08,Ariana,Ariana,Nord-Est,2022,8,2022-08-15,36.916732,10.122173,599957.09,4086223.24,1800,86.0,26.75,43.96,66.31,47.76,78.16,100.0,84.75,79.91,données du projet,87.96,86.28,80.74,35.49,83.58,84.99333333333334,68.07333333333334,73.88,60.89,60.89
EX24_Ariana_2022_09,Ariana,Ariana,Nord-Est,2022,9,2022-09-15,36.854363,10.161586,603552.12,4079346.24,1800,86.0,26.22,28.39,70.01,58.59,67.47,99.55,73.24,73.15,données du projet,79.91,87.96,86.28,51.89,83.1,84.71666666666665,75.47666666666667,53.26,52.05,52.05
EX24_Ariana_2022_10,Ariana,Ariana,Nord-Est,2022,10,2022-10-15,36.922477,10.219707,608637.08,4086967.27,1800,86.0,20.13,59.31,80.07,63.88,34.98,86.4,60.69,68.8,données du projet,73.15,79.91,87.96,66.08,65.68,80.34000000000002,79.02,57.74,42.87,42.87
EX24_Ariana_2022_11,Ariana,Ariana,Nord-Est,2022,11,2022-11-15,36.849531,10.094773,597601.86,4078739.81,1800,86.0,16.84,83.37,86.82,77.44,17.85,99.84,72.2,52.19,données du projet,68.8,73.15,79.91,80.74,54.8,73.95333333333333,79.47333333333333,35.3,36.62,36.62
EX24_Ariana_2022_12,Ariana,Ariana,Nord-Est,2022,12,2022-12-15,36.855272,10.19753,606755.3,4079486.6,1800,86.0,13.31,83.29,93.59,80.7,10.72,85.18,54.21,37.95,données du projet,52.19,68.8,73.15,86.28,42.29,64.71333333333334,74.715,40.33,41.14,41.14
EX24_Ariana_2023_01,Ariana,Ariana,Nord-Est,2023,1,2023-01-15,36.849225,10.205682,607490.58,4078824.96,1800,86.0,11.66,106.78,83.5,77.66,11.34,87.75,62.27,36.55,données du projet,37.95,52.19,68.8,87.96,37.72,52.98,66.66,42.68,50.14,50.14
EX24_Ariana_2023_02,Ariana,Ariana,Nord-Est,2023,2,2023-02-15,36.870947,10.176938,604898.15,4081202.79,1800,86.0,13.8,85.67,94.76,80.61,23.53,87.28,61.39,33.67,données du projet,36.55,37.95,52.19,79.91,35.49,42.230000000000004,58.09166666666667,33.23,65.03,65.03
EX24_Ariana_2023_03,Ariana,Ariana,Nord-Est,2023,3,2023-03-15,36.863127,10.176992,604913.58,4080335.3,1800,86.0,18.44,75.83,86.62,70.98,33.53,88.82,71.88,48.48,données du projet,33.67,36.55,37.95,73.15,51.89,36.05666666666667,50.38499999999999,62.68,75.07,75.07
EX24_Ariana_2023_04,Ariana,Ariana,Nord-Est,2023,4,2023-04-15,36.858649,10.172314,604502.73,4079833.37,1800,86.0,23.26,71.47,69.0,53.53,50.96,89.61,73.79,66.87,données du projet,48.48,33.67,36.55,68.8,66.08,39.56666666666667,46.27333333333333,86.3,76.14,76.14
EX24_Ariana_2023_05,Ariana,Ariana,Nord-Est,2023,5,2023-05-15,36.920803,10.170478,604254.45,4086726.6,1800,86.0,25.63,47.2,65.12,64.25,62.18,94.82,64.2,75.26,données du projet,66.87,48.48,33.67,52.19,80.74,49.673333333333346,45.95166666666666,93.45,82.13,82.13
EX24_Ariana_2023_06,Ariana,Ariana,Nord-Est,2023,6,2023-06-15,36.844207,10.160201,603442.39,4078218.09,1800,86.0,29.93,27.66,60.88,51.26,71.08,99.73,92.57,79.32,données du projet,75.26,66.87,48.48,37.95,86.28,63.53666666666667,49.79666666666666,98.12,89.21,89.21
EX24_Ariana_2023_07,Ariana,Ariana,Nord-Est,2023,7,2023-07-15,36.869389,10.134843,601148.2,4080984.48,1800,86.0,33.15,0.0,48.64,52.47,100.0,100.0,78.61,92.89,données du projet,79.32,75.26,66.87,36.55,87.96,73.81666666666668,56.69166666666666,73.38,81.96,81.96
EX24_Ariana_2023_08,Ariana,Ariana,Nord-Est,2023,8,2023-08-15,36.934645,10.2011,606962.74,4088296.16,1800,86.0,30.38,32.15,59.12,50.16,78.35,99.36,89.93,84.87,données du projet,92.89,79.32,75.26,33.67,79.91,82.49000000000001,66.08166666666666,100.0,71.16,71.16
EX24_Ariana_2023_09,Ariana,Ariana,Nord-Est,2023,9,2023-09-15,36.875419,10.143879,601945.58,4081663.04,1800,86.0,26.16,29.38,71.98,57.43,68.03,100.0,100.0,87.4,données du projet,84.87,92.89,79.32,48.48,73.15,85.69333333333334,74.61500000000001,76.2,50.17,50.17
EX24_Ariana_2023_10,Ariana,Ariana,Nord-Est,2023,10,2023-10-15,36.862044,10.17243,604508.47,4080210.12,1800,86.0,20.57,70.26,74.14,63.87,43.5,96.33,55.59,63.88,données du projet,87.4,84.87,92.89,66.87,68.8,88.3866666666667,81.10166666666667,67.28,45.94,45.94
EX24_Ariana_2023_11,Ariana,Ariana,Nord-Est,2023,11,2023-11-15,36.845433,10.188784,605989.24,4078385.35,1800,86.0,17.28,74.25,84.49,80.61,36.12,91.63,68.3,58.5,données du projet,63.88,87.4,84.87,75.26,52.19,78.71666666666668,80.60333333333334,30.14,40.61,40.61
EX24_Ariana_2023_12,Ariana,Ariana,Nord-Est,2023,12,2023-12-15,36.86459,10.193028,606341.08,4080515.33,1800,86.0,12.43,105.27,84.49,81.42,0.56,87.16,70.27,38.32,données du projet,58.5,63.88,87.4,79.32,37.95,69.92666666666668,77.81,25.96,38.08,38.08
EX24_Ariana_2024_01,Ariana,Ariana,Nord-Est,2024,1,2024-01-15,36.866903,10.176409,604856.52,4080753.55,1800,86.0,11.35,108.16,94.68,81.69,15.96,76.59,58.37,37.02,données du projet,38.32,58.5,63.88,92.89,36.55,53.566666666666684,70.97666666666667,34.3,51.63,51.63
EX24_Ariana_2024_02,Ariana,Ariana,Nord-Est,2024,2,2024-02-15,36.833663,10.170941,604414.3,4077060.05,1800,86.0,15.13,97.35,87.77,77.08,19.0,87.7,73.27,37.6,données du projet,37.02,38.32,58.5,84.87,33.67,44.613333333333344,61.66500000000001,71.6,62.02,62.02
EX24_Ariana_2024_03,Ariana,Ariana,Nord-Est,2024,3,2024-03-15,36.881248,10.147699,602278.25,4082313.83,1800,86.0,17.42,73.2,77.51,74.78,37.82,94.51,54.85,60.71,données du projet,37.6,37.02,38.32,87.4,48.48,37.64666666666668,53.78666666666666,50.57,75.3,75.3
EX24_Ariana_2024_04,Ariana,Ariana,Nord-Est,2024,4,2024-04-15,36.856227,10.1583,603256.69,4079549.49,1800,86.0,22.56,66.44,76.28,57.65,61.32,84.28,70.27,59.53,données du projet,60.71,37.6,37.02,63.88,66.87,45.110000000000014,49.33833333333334,59.56,79.32,79.32
EX24_Ariana_2024_05,Ariana,Ariana,Nord-Est,2024,5,2024-05-15,36.860549,10.197342,606731.23,4080071.84,1800,86.0,27.07,39.39,76.5,63.48,59.52,96.32,62.58,69.3,données du projet,59.53,60.71,37.6,58.5,75.26,52.613333333333344,48.61333333333334,87.36,82.1,82.1
EX24_Ariana_2024_06,Ariana,Ariana,Nord-Est,2024,6,2024-06-15,36.825535,10.185934,605762.48,4076174.79,1800,86.0,24.97,17.71,55.82,44.49,90.52,98.32,91.32,82.64,données du projet,69.3,59.53,60.71,38.32,79.32,63.18000000000001,50.413333333333334,83.3,82.83,82.83
EX24_Ariana_2024_07,Ariana,Ariana,Nord-Est,2024,7,2024-07-15,36.875927,10.203124,607225.17,4081784.36,1800,86.0,31.77,13.56,50.27,45.48,81.65,97.87,88.8,87.66,données du projet,82.64,69.3,59.53,37.02,92.89,70.49000000000001,57.800000000000004,75.65,74.65,74.65
EX24_Ariana_2024_08,Ariana,Ariana,Nord-Est,2024,8,2024-08-15,36.892483,10.157951,603176.77,4083571.2,1800,86.0,32.03,23.52,60.44,46.89,77.33,100.0,90.17,79.15,données du projet,87.66,82.64,69.3,37.6,84.87,79.86666666666667,66.24,78.09,55.76,55.76
EX24_Ariana_2024_09,Ariana,Ariana,Nord-Est,2024,9,2024-09-15,36.827514,10.178391,605087.04,4076385.98,1800,86.0,28.39,36.03,68.02,60.03,59.23,96.74,88.49,74.07,données du projet,79.15,87.66,82.64,60.71,87.4,83.15000000000002,73.165,56.89,57.73,57.73
EX24_Ariana_2024_10,Ariana,Ariana,Nord-Est,2024,10,2024-10-15,36.915604,10.155355,602914.37,4086133.44,1800,86.0,19.12,61.46,71.43,68.16,52.71,93.57,63.18,60.36,données du projet,74.07,79.15,87.66,59.53,63.88,80.29333333333335,75.39166666666667,49.85,52.5,52.5
EX24_Ariana_2024_11,Ariana,Ariana,Nord-Est,2024,11,2024-11-15,36.934429,10.202312,607071.02,4088273.51,1800,86.0,17.24,75.77,89.26,81.27,27.49,84.97,63.03,54.44,données du projet,60.36,74.07,79.15,69.3,58.5,71.19333333333334,75.53,46.12,45.22,45.22
EX24_Ariana_2024_12,Ariana,Ariana,Nord-Est,2024,12,2024-12-15,36.831965,10.115023,599430.07,4076812.04,1800,86.0,12.92,80.29,89.16,75.9,17.57,78.61,75.05,42.09,données du projet,54.44,60.36,74.07,82.64,38.32,62.95666666666667,73.05333333333333,29.03,46.39,46.39
EX24_Ariana_2025_01,Ariana,Ariana,Nord-Est,2025,1,2025-01-15,36.896913,10.167594,604030.07,4084073.14,1800,86.0,13.43,119.64,82.46,76.25,17.13,86.78,60.62,42.7,données du projet,42.09,54.44,60.36,87.66,37.02,52.29666666666668,66.295,44.8,45.78,45.78
EX24_Ariana_2025_02,Ariana,Ariana,Nord-Est,2025,2,2025-02-15,36.892088,10.153395,602771.34,4083522.52,1800,86.0,14.29,86.98,90.53,69.72,24.94,98.4,77.57,48.66,données du projet,42.7,42.09,54.44,79.15,37.6,46.410000000000004,58.80166666666667,36.84,52.21,52.21
EX24_Ariana_2025_03,Ariana,Ariana,Nord-Est,2025,3,2025-03-15,36.852025,10.196938,606707.05,4079125.78,1800,86.0,19.67,63.83,79.71,57.02,33.12,85.84,79.07,42.22,données du projet,48.66,42.7,42.09,74.07,60.71,44.48333333333335,53.72,57.89,62.3,62.3
EX24_Ariana_2025_04,Ariana,Ariana,Nord-Est,2025,4,2025-04-15,36.881318,10.248226,611237.12,4082433.94,1800,86.0,21.06,67.96,73.75,64.97,47.1,93.01,69.72,46.29,données du projet,42.22,48.66,42.7,60.36,59.53,44.52666666666668,48.41166666666667,54.41,73.85,73.85
EX24_Ariana_2025_05,Ariana,Ariana,Nord-Est,2025,5,2025-05-15,36.910622,10.208894,607690.63,4085639.8,1800,86.0,24.6,34.76,66.44,52.32,68.48,94.23,57.15,59.83,données du projet,46.29,42.22,48.66,54.44,69.3,45.723333333333336,46.06666666666666,85.77,74.07,74.07
EX24_Ariana_2025_06,Ariana,Ariana,Nord-Est,2025,6,2025-06-15,36.873042,10.191018,606150.19,4081450.72,1800,86.0,30.68,19.6,63.61,51.79,81.27,89.44,100.0,72.31,données du projet,59.83,46.29,42.22,42.09,82.64,49.44666666666668,46.965,71.24,82.8,82.8
EX24_Ariana_2025_07,Ariana,Ariana,Nord-Est,2025,7,2025-07-15,36.887921,10.100017,598020.34,4083003.99,1800,86.0,32.48,41.09,57.75,43.39,79.36,100.0,84.45,74.69,données du projet,72.31,59.83,46.29,42.7,87.66,59.47666666666668,52.001666666666665,91.34,81.95,81.95
EX24_Ariana_2025_08,Ariana,Ariana,Nord-Est,2025,8,2025-08-15,36.866125,10.155227,602969.42,4080644.22,1800,86.0,31.49,30.83,47.54,56.25,86.95,99.28,87.31,84.52,données du projet,74.69,72.31,59.83,48.66,79.15,68.94333333333334,57.333333333333336,82.41,69.89,69.89
EX24_Ariana_2025_09,Ariana,Ariana,Nord-Est,2025,9,2025-09-15,36.877452,10.1549,602925.11,4081900.46,1800,86.0,25.89,40.91,63.72,55.6,63.89,91.45,87.49,88.82,données du projet,84.52,74.69,72.31,42.22,74.07,77.17333333333335,63.309999999999995,80.49,54.15,54.15
EX24_Beja_2017_01,Beja,Beja,Nord-Ouest,2017,1,2017-01-15,36.719238,9.156507,513976.45,4063738.65,125,42.0,10.62,62.59,78.86,57.86,43.0,55.37,29.88,48.15,données du projet,57.77,61.9,71.72,90.8,39.32,63.79666666666668,76.94,61.22,55.4,55.4
EX24_Beja_2017_02,Beja,Beja,Nord-Ouest,2017,2,2017-02-15,36.701219,9.186127,516625.41,4061744.65,125,42.0,13.33,69.7,78.58,54.87,41.88,47.7,7.93,44.59,données du projet,48.15,57.77,61.9,93.73,46.16,55.940000000000005,69.83166666666666,72.6,61.33,61.33
EX24_Beja_2017_03,Beja,Beja,Nord-Ouest,2017,3,2017-03-15,36.681682,9.113493,510140.14,4059567.27,125,42.0,18.36,51.69,67.25,43.17,47.21,48.81,12.47,58.35,données du projet,44.59,48.15,57.77,85.72,52.5,50.17000000000001,61.64166666666667,63.29,72.95,72.95
EX24_Beja_2017_04,Beja,Beja,Nord-Ouest,2017,4,2017-04-15,36.739534,9.167877,514987.85,4065991.83,125,42.0,23.51,39.26,61.29,34.87,67.93,62.79,6.07,58.85,données du projet,58.35,44.59,48.15,71.72,60.46,50.363333333333344,57.080000000000005,63.64,77.96,77.96
EX24_Beja_2017_05,Beja,Beja,Nord-Ouest,2017,5,2017-05-15,36.702904,9.246679,522033.61,4061943.69,125,42.0,30.66,33.27,52.2,32.37,78.92,56.82,18.73,66.97,données du projet,58.85,58.35,44.59,61.9,64.41,53.93000000000001,54.935,79.24,90.61,90.61
EX24_Beja_2017_06,Beja,Beja,Nord-Ouest,2017,6,2017-06-15,36.728932,9.184794,516500.4,4064818.55,125,42.0,31.01,6.84,56.42,26.87,96.97,68.52,46.1,83.48,données du projet,66.97,58.85,58.35,57.77,83.82,61.39000000000001,55.779999999999994,100.0,90.32,90.32
EX24_Beja_2017_07,Beja,Beja,Nord-Ouest,2017,7,2017-07-15,36.709388,9.199465,517814.91,4062653.14,125,42.0,34.61,20.18,41.77,22.32,96.16,62.96,48.69,90.55,données du projet,83.48,66.97,58.85,48.15,90.8,69.76666666666667,60.065,80.95,83.29,83.29
EX24_Beja_2017_08,Beja,Beja,Nord-Ouest,2017,8,2017-08-15,36.695831,9.178477,515943.25,4061145.61,125,42.0,32.99,13.63,51.4,31.84,100.0,64.82,59.64,87.52,données du projet,90.55,83.48,66.97,44.59,93.73,80.33333333333334,67.13166666666667,80.46,69.18,69.18
EX24_Beja_2017_09,Beja,Beja,Nord-Ouest,2017,9,2017-09-15,36.735592,9.165588,514784.21,4065554.22,125,42.0,27.16,34.47,53.0,39.3,80.13,62.12,51.46,84.47,données du projet,87.52,90.55,83.48,58.35,85.72,87.18333333333334,74.28666666666666,65.51,54.07,54.07
EX24_Beja_2017_10,Beja,Beja,Nord-Ouest,2017,10,2017-10-15,36.670102,9.184645,516499.7,4058292.62,125,42.0,21.03,36.46,67.45,48.3,66.19,54.55,14.63,63.99,données du projet,84.47,87.52,90.55,58.85,71.72,87.51333333333334,78.64,39.8,47.75,47.75
EX24_Beja_2017_11,Beja,Beja,Nord-Ouest,2017,11,2017-11-15,36.700165,9.210707,518821.24,4061632.26,125,42.0,16.43,41.78,69.39,49.56,41.28,50.35,8.33,55.7,données du projet,63.99,84.47,87.52,66.97,61.9,78.66000000000001,79.49666666666667,58.8,37.53,37.53
EX24_Beja_2017_12,Beja,Beja,Nord-Ouest,2017,12,2017-12-15,36.700768,9.205922,518393.65,4061698.13,125,42.0,15.29,54.81,72.88,62.22,37.55,51.32,9.68,48.52,données du projet,55.7,63.99,84.47,83.48,57.77,68.05333333333336,77.61833333333333,49.88,37.66,37.66
EX24_Beja_2018_01,Beja,Beja,Nord-Ouest,2018,1,2018-01-15,36.713691,9.135288,512082.38,4063120.49,125,42.0,12.5,43.29,72.56,54.23,37.55,56.84,18.28,39.0,données du projet,48.52,55.7,63.99,90.55,48.15,56.070000000000014,71.79166666666667,49.42,55.36,55.36
EX24_Beja_2018_02,Beja,Beja,Nord-Ouest,2018,2,2018-02-15,36.739791,9.242987,521693.47,4066034.71,125,42.0,14.62,45.31,73.08,51.16,45.36,52.66,27.56,43.01,données du projet,39.0,48.52,55.7,87.52,44.59,47.74000000000001,63.199999999999996,47.55,69.37,69.37
EX24_Beja_2018_03,Beja,Beja,Nord-Ouest,2018,3,2018-03-15,36.697446,9.203547,518182.36,4061329.23,125,42.0,16.4,36.74,67.53,43.71,65.15,57.47,11.38,46.65,données du projet,43.01,39.0,48.52,84.47,58.35,43.51000000000001,55.781666666666666,78.27,77.95,77.95
EX24_Beja_2018_04,Beja,Beja,Nord-Ouest,2018,4,2018-04-15,36.701719,9.227686,520337.52,4061808.03,125,42.0,24.3,21.9,63.07,44.58,79.39,75.09,6.47,75.58,données du projet,46.65,43.01,39.0,63.99,58.85,42.88666666666668,49.47833333333333,74.5,81.74,81.74
EX24_Beja_2018_05,Beja,Beja,Nord-Ouest,2018,5,2018-05-15,36.744519,9.210855,518823.6,4066552.31,125,42.0,25.87,35.52,54.52,40.07,79.24,58.25,3.16,79.38,données du projet,75.58,46.65,43.01,55.7,66.97,55.080000000000005,51.410000000000004,79.41,85.63,85.63
EX24_Beja_2018_06,Beja,Beja,Nord-Ouest,2018,6,2018-06-15,36.702373,9.186519,516660.2,4061872.71,125,42.0,31.1,12.47,43.67,29.41,100.0,68.75,30.89,75.13,données du projet,79.38,75.58,46.65,48.52,83.48,67.20333333333333,55.35666666666666,90.37,86.54,86.54
EX24_Beja_2018_07,Beja,Beja,Nord-Ouest,2018,7,2018-07-15,36.704872,9.172947,515447.41,4062147.6,125,42.0,34.42,14.04,41.0,28.4,100.0,71.99,44.58,81.96,données du projet,75.13,79.38,75.58,39.0,90.55,76.69666666666667,59.791666666666664,81.61,78.9,78.9
EX24_Beja_2018_08,Beja,Beja,Nord-Ouest,2018,8,2018-08-15,36.675834,9.178271,515928.94,4058927.4,125,42.0,30.18,17.96,50.64,21.0,100.0,64.19,41.0,96.58,données du projet,81.96,75.13,79.38,43.01,87.52,78.82333333333334,66.95166666666667,85.24,67.94,67.94
EX24_Beja_2018_09,Beja,Beja,Nord-Ouest,2018,9,2018-09-15,36.700888,9.199836,517850.01,4061710.3,125,42.0,26.83,23.86,55.97,36.67,87.97,75.99,43.93,86.58,données du projet,96.58,81.96,75.13,46.65,84.47,84.55666666666667,75.88,80.54,55.62,55.62
EX24_Beja_2018_10,Beja,Beja,Nord-Ouest,2018,10,2018-10-15,36.766088,9.175191,515635.4,4068938.58,125,42.0,24.25,48.63,62.61,39.49,60.34,52.09,12.93,62.24,données du projet,86.58,96.58,81.96,75.58,63.99,88.37333333333333,82.535,51.93,49.77,49.77
EX24_Beja_2018_11,Beja,Beja,Nord-Ouest,2018,11,2018-11-15,36.700694,9.207221,518509.78,4061690.21,125,42.0,15.01,43.21,67.86,49.38,51.97,60.6,14.28,55.07,données du projet,62.24,86.58,96.58,79.38,55.7,81.80000000000001,80.31166666666667,62.56,47.37,47.37
EX24_Beja_2018_12,Beja,Beja,Nord-Ouest,2018,12,2018-12-15,36.714898,9.182332,516283.52,4063261.37,125,42.0,11.94,68.63,83.79,55.86,35.42,53.25,26.65,47.31,données du projet,55.07,62.24,86.58,75.13,48.52,67.96333333333335,76.26,48.15,54.69,54.69
EX24_Beja_2019_01,Beja,Beja,Nord-Ouest,2019,1,2019-01-15,36.686597,9.194551,517381.15,4060124.14,125,42.0,12.96,51.06,90.21,45.35,29.06,55.72,14.39,45.46,données du projet,47.31,55.07,62.24,81.96,39.0,54.87333333333334,71.62333333333333,47.81,58.7,58.7
EX24_Beja_2019_02,Beja,Beja,Nord-Ouest,2019,2,2019-02-15,36.777853,9.174091,515534.93,4070243.42,125,42.0,14.56,53.07,67.82,42.04,33.91,60.75,14.81,52.18,données du projet,45.46,47.31,55.07,96.58,43.01,49.28000000000001,65.54,79.41,63.91,63.91
EX24_Beja_2019_03,Beja,Beja,Nord-Ouest,2019,3,2019-03-15,36.684196,9.227183,520297.18,4059864.22,125,42.0,17.54,53.48,56.41,52.26,52.36,53.76,12.28,64.2,données du projet,52.18,45.46,47.31,86.58,46.65,48.316666666666684,58.13999999999999,57.47,69.59,69.59
EX24_Beja_2019_04,Beja,Beja,Nord-Ouest,2019,4,2019-04-15,36.68364,9.218717,519540.93,4059800.7,125,42.0,23.57,30.61,60.6,47.9,68.29,57.85,9.39,61.18,données du projet,64.2,52.18,45.46,62.24,75.58,53.94666666666668,54.41,67.57,74.47,74.47
EX24_Beja_2019_05,Beja,Beja,Nord-Ouest,2019,5,2019-05-15,36.744193,9.177443,515840.92,4066510.21,125,42.0,27.57,33.81,49.42,40.28,76.35,67.94,11.77,68.6,données du projet,61.18,64.2,52.18,55.07,79.38,59.186666666666675,54.23333333333333,81.75,82.65,82.65
EX24_Beja_2019_06,Beja,Beja,Nord-Ouest,2019,6,2019-06-15,36.753474,9.14135,512617.23,4067534.36,125,42.0,28.45,41.55,41.65,30.69,100.0,76.03,35.42,78.41,données du projet,68.6,61.18,64.2,47.31,75.13,64.66000000000001,56.48833333333332,97.5,81.71,81.71
EX24_Beja_2019_07,Beja,Beja,Nord-Ouest,2019,7,2019-07-15,36.684901,9.192277,517178.42,4059935.53,125,42.0,28.58,19.28,42.52,21.13,95.17,66.5,31.17,82.35,données du projet,78.41,68.6,61.18,45.46,81.96,69.39666666666669,61.67166666666666,85.83,74.82,74.82
EX24_Beja_2019_08,Beja,Beja,Nord-Ouest,2019,8,2019-08-15,36.71929,9.183812,516414.79,4063748.78,125,42.0,29.17,39.55,42.71,28.35,93.92,64.46,37.44,86.18,données du projet,82.35,78.41,68.6,52.18,96.58,76.45333333333333,67.82,76.39,71.22,71.22
EX24_Beja_2019_09,Beja,Beja,Nord-Ouest,2019,9,2019-09-15,36.710133,9.148179,513234.31,4062727.45,125,42.0,23.16,33.8,53.08,23.89,81.07,80.79,41.02,77.47,données du projet,86.18,82.35,78.41,64.2,86.58,82.31333333333335,73.48666666666666,65.43,66.76,66.76
EX24_Beja_2019_10,Beja,Beja,Nord-Ouest,2019,10,2019-10-15,36.703416,9.183379,516379.52,4061987.79,125,42.0,21.1,52.48,69.63,46.9,56.1,63.09,15.29,67.24,données du projet,77.47,86.18,82.35,61.18,62.24,82.00000000000001,75.69833333333334,80.33,62.13,62.13
EX24_Beja_2019_11,Beja,Beja,Nord-Ouest,2019,11,2019-11-15,36.678666,9.161569,514436.07,4059238.91,125,42.0,16.07,38.16,71.48,44.97,58.72,63.83,2.96,69.09,données du projet,67.24,77.47,86.18,68.6,55.07,76.96333333333335,76.70833333333333,27.97,50.7,50.7
EX24_Beja_2019_12,Beja,Beja,Nord-Ouest,2019,12,2019-12-15,36.732558,9.155822,513912.88,4065216.1,125,42.0,11.04,45.5,81.81,51.68,39.29,54.81,16.12,48.26,données du projet,69.09,67.24,77.47,78.41,47.31,71.26666666666668,76.78999999999999,55.18,52.04,52.04
EX24_Beja_2020_01,Beja,Beja,Nord-Ouest,2020,1,2020-01-15,36.730176,9.161717,514439.61,4064952.74,125,42.0,11.9,40.46,80.02,53.14,35.21,57.94,18.5,47.91,données du projet,48.26,69.09,67.24,82.35,45.46,61.53000000000001,71.765,46.04,56.22,56.22
EX24_Beja_2020_02,Beja,Beja,Nord-Ouest,2020,2,2020-02-15,36.777443,9.202285,518050.88,4070202.93,125,42.0,13.63,48.98,72.58,44.47,45.41,51.41,15.02,52.41,données du projet,47.91,48.26,69.09,86.18,52.18,55.08666666666668,66.025,57.98,60.41,60.41
EX24_Beja_2020_03,Beja,Beja,Nord-Ouest,2020,3,2020-03-15,36.73195,9.170795,515249.88,4065151.03,125,42.0,18.74,25.84,70.98,46.07,58.75,60.94,9.43,53.6,données du projet,52.41,47.91,48.26,77.47,64.2,49.52666666666668,60.39666666666667,62.04,73.26,73.26
EX24_Beja_2020_04,Beja,Beja,Nord-Ouest,2020,4,2020-04-15,36.713206,9.189046,516883.5,4063074.75,125,42.0,26.49,50.85,61.04,32.5,73.85,51.7,12.7,58.0,données du projet,53.6,52.41,47.91,67.24,61.18,51.30666666666668,56.41833333333333,86.37,84.09,84.09
EX24_Beja_2020_05,Beja,Beja,Nord-Ouest,2020,5,2020-05-15,36.739363,9.198279,517702.14,4065977.99,125,42.0,26.48,17.26,59.84,39.37,81.96,75.96,16.62,75.36,données du projet,58.0,53.6,52.41,69.09,68.6,54.670000000000016,54.87833333333333,95.44,86.46,86.46
EX24_Beja_2020_06,Beja,Beja,Nord-Ouest,2020,6,2020-06-15,36.716254,9.156622,513987.23,4063407.7,125,42.0,29.57,35.34,49.76,31.61,92.89,61.53,37.85,89.07,données du projet,75.36,58.0,53.6,48.26,78.41,62.320000000000014,55.92333333333334,87.09,88.12,88.12
EX24_Beja_2020_07,Beja,Beja,Nord-Ouest,2020,7,2020-07-15,36.726728,9.206468,518436.27,4064577.99,125,42.0,35.99,16.06,38.83,10.25,100.0,71.95,47.94,88.62,données du projet,89.07,75.36,58.0,47.91,82.35,74.14333333333333,62.725,80.28,79.96,79.96
EX24_Beja_2020_08,Beja,Beja,Nord-Ouest,2020,8,2020-08-15,36.687064,9.196565,517561.0,4060176.3,125,42.0,30.75,6.4,42.06,22.12,93.79,76.4,46.5,92.67,données du projet,88.62,89.07,75.36,52.41,86.18,84.35000000000001,69.51,86.6,70.29,70.29
EX24_Beja_2020_09,Beja,Beja,Nord-Ouest,2020,9,2020-09-15,36.76857,9.198378,517704.24,4069217.95,125,42.0,27.82,14.86,52.03,30.91,99.51,60.43,34.17,83.61,données du projet,92.67,88.62,89.07,53.6,77.47,90.12,76.22000000000001,64.93,55.25,55.25
EX24_Beja_2020_10,Beja,Beja,Nord-Ouest,2020,10,2020-10-15,36.788616,9.178714,515945.22,4071438.22,125,42.0,19.71,25.83,72.39,46.08,58.05,67.68,14.31,72.32,données du projet,83.61,92.67,88.62,58.0,67.24,88.30000000000001,81.22166666666666,51.43,51.32,51.32
EX24_Beja_2020_11,Beja,Beja,Nord-Ouest,2020,11,2020-11-15,36.760973,9.197298,517609.65,4068374.99,125,42.0,17.1,56.37,76.7,42.26,41.8,51.16,16.57,59.77,données du projet,72.32,83.61,92.67,75.36,69.09,82.86666666666667,83.60833333333333,20.43,45.94,45.94
EX24_Beja_2020_12,Beja,Beja,Nord-Ouest,2020,12,2020-12-15,36.764067,9.21674,519344.13,4068722.03,125,42.0,15.13,64.34,76.13,48.46,28.02,48.87,13.5,42.17,données du projet,59.77,72.32,83.61,89.07,48.26,71.9,81.01,56.31,53.47,53.47
EX24_Beja_2021_01,Beja,Beja,Nord-Ouest,2021,1,2021-01-15,36.729465,9.164798,514714.84,4064874.36,125,42.0,12.14,42.48,73.34,49.82,36.87,44.36,26.91,47.51,données du projet,42.17,59.77,72.32,88.62,47.91,58.08666666666668,73.19333333333333,52.4,59.26,59.26
EX24_Beja_2021_02,Beja,Beja,Nord-Ouest,2021,2,2021-02-15,36.791646,9.160522,514321.47,4071771.36,125,42.0,11.38,38.69,67.95,54.44,33.33,51.22,6.35,53.49,données du projet,47.51,42.17,59.77,92.67,52.41,49.816666666666684,66.34166666666665,63.06,69.8,69.8
EX24_Beja_2021_03,Beja,Beja,Nord-Ouest,2021,3,2021-03-15,36.74822,9.10289,509184.86,4066947.09,125,42.0,20.09,45.6,68.59,55.3,58.71,56.36,2.97,57.67,données du projet,53.49,47.51,42.17,83.61,53.6,47.72333333333335,59.81166666666667,64.33,72.97,72.97
EX24_Beja_2021_04,Beja,Beja,Nord-Ouest,2021,4,2021-04-15,36.728738,9.169605,515144.25,4064794.44,125,42.0,24.22,104.86,67.29,36.44,56.11,76.23,11.01,68.42,données du projet,57.67,53.49,47.51,72.32,58.0,52.890000000000015,55.48833333333334,65.67,85.18,85.18
EX24_Beja_2021_05,Beja,Beja,Nord-Ouest,2021,5,2021-05-15,36.724621,9.160339,514317.63,4064336.32,125,42.0,26.41,23.81,53.72,31.93,84.68,63.57,6.61,78.88,données du projet,68.42,57.67,53.49,59.77,75.36,59.860000000000014,54.83833333333334,90.2,88.84,88.84
EX24_Beja_2021_06,Beja,Beja,Nord-Ouest,2021,6,2021-06-15,36.696343,9.163369,514593.49,4061200.02,125,42.0,30.69,15.88,44.52,30.17,89.97,69.26,38.17,87.41,données du projet,78.88,68.42,57.67,42.17,89.07,68.32333333333334,58.02333333333333,94.92,89.39,89.39
EX24_Beja_2021_07,Beja,Beja,Nord-Ouest,2021,7,2021-07-15,36.682663,9.188893,516876.52,4059686.69,125,42.0,33.57,28.64,40.05,23.41,92.46,75.16,52.95,88.66,données du projet,87.41,78.88,68.42,47.51,88.62,78.23666666666668,65.56333333333333,100.0,79.66,79.66
EX24_Beja_2021_08,Beja,Beja,Nord-Ouest,2021,8,2021-08-15,36.678841,9.195171,517438.36,4059263.87,125,42.0,31.54,87.9,45.1,31.76,83.69,68.66,43.92,90.54,données du projet,88.66,87.41,78.88,53.49,92.67,84.98333333333335,72.42166666666667,100.0,75.38,75.38
EX24_Beja_2021_09,Beja,Beja,Nord-Ouest,2021,9,2021-09-15,36.758496,9.165509,514772.81,4068094.9,125,42.0,29.02,16.27,47.06,36.01,87.53,61.04,43.92,88.74,données du projet,90.54,88.66,87.41,57.67,83.61,88.87,78.59666666666668,81.53,58.7,58.7
EX24_Beja_2021_10,Beja,Beja,Nord-Ouest,2021,10,2021-10-15,36.708915,9.158507,514156.88,4062593.87,125,42.0,21.11,23.04,67.57,43.74,68.83,71.25,16.64,70.58,données du projet,88.74,90.54,88.66,68.42,72.32,89.31333333333335,83.77499999999999,55.32,48.16,48.16
EX24_Beja_2021_11,Beja,Beja,Nord-Ouest,2021,11,2021-11-15,36.73198,9.169729,515154.65,4065154.16,125,42.0,15.1,48.45,68.7,40.11,59.1,60.68,13.73,65.14,données du projet,70.58,88.74,90.54,78.88,59.77,83.28666666666668,84.135,43.92,47.79,47.79
EX24_Beja_2021_12,Beja,Beja,Nord-Ouest,2021,12,2021-12-15,36.693721,9.134195,511987.84,4060905.1,125,42.0,14.36,72.26,78.52,47.84,35.46,62.92,29.74,44.88,données du projet,65.14,70.58,88.74,87.41,42.17,74.82000000000001,81.845,55.42,55.31,55.31
EX24_Beja_2022_01,Beja,Beja,Nord-Ouest,2022,1,2022-01-15,36.689971,9.17264,515423.0,4060494.66,125,42.0,13.73,54.9,78.59,56.52,33.54,45.99,4.99,44.04,données du projet,44.88,65.14,70.58,88.66,47.51,60.20000000000002,74.75666666666666,44.43,59.9,59.9
EX24_Beja_2022_02,Beja,Beja,Nord-Ouest,2022,2,2022-02-15,36.76384,9.134447,511999.44,4068683.36,125,42.0,13.72,43.47,68.52,55.13,31.74,54.38,8.3,52.34,données du projet,44.04,44.88,65.14,90.54,53.49,51.35333333333335,67.32000000000001,51.04,68.61,68.61
EX24_Beja_2022_03,Beja,Beja,Nord-Ouest,2022,3,2022-03-15,36.706174,9.263041,523494.14,4062310.29,125,42.0,18.74,32.57,70.38,56.67,45.13,63.1,26.95,57.23,données du projet,52.34,44.04,44.88,88.74,57.67,47.08666666666668,60.953333333333326,70.77,76.06,76.06
EX24_Beja_2022_04,Beja,Beja,Nord-Ouest,2022,4,2022-04-15,36.721366,9.183648,516399.67,4063979.02,125,42.0,24.94,17.83,59.4,29.68,85.65,59.72,23.33,63.48,données du projet,57.23,52.34,44.04,70.58,68.42,51.20333333333335,55.701666666666675,80.47,86.36,86.36
EX24_Beja_2022_05,Beja,Beja,Nord-Ouest,2022,5,2022-05-15,36.732223,9.176675,515774.84,4065182.16,125,42.0,25.57,18.68,53.24,32.15,82.3,70.8,6.22,82.59,données du projet,63.48,57.23,52.34,65.14,78.88,57.683333333333344,54.51833333333334,98.3,92.03,92.03
EX24_Beja_2022_06,Beja,Beja,Nord-Ouest,2022,6,2022-06-15,36.752404,9.202515,518077.25,4067425.38,125,42.0,27.68,45.95,53.64,34.51,92.52,79.32,37.52,90.73,données du projet,82.59,63.48,57.23,44.88,87.41,67.76666666666668,57.42666666666667,100.0,89.0,89.0
EX24_Beja_2022_07,Beja,Beja,Nord-Ouest,2022,7,2022-07-15,36.732298,9.144629,512913.48,4065185.73,125,42.0,33.19,10.77,48.36,19.1,99.15,78.13,42.14,92.44,données du projet,90.73,82.59,63.48,44.04,88.66,78.93333333333335,65.06833333333334,89.35,87.01,87.01
EX24_Beja_2022_08,Beja,Beja,Nord-Ouest,2022,8,2022-08-15,36.711939,9.141483,512635.92,4062926.95,125,42.0,31.23,15.02,50.17,26.31,100.0,74.03,48.4,94.5,données du projet,92.44,90.73,82.59,52.34,90.54,88.58666666666669,73.135,91.95,76.38,76.38
EX24_Beja_2022_09,Beja,Beja,Nord-Ouest,2022,9,2022-09-15,36.769783,9.198263,517693.71,4069352.42,125,42.0,26.22,12.37,58.01,25.05,91.12,64.62,29.64,89.54,données du projet,94.5,92.44,90.73,57.23,88.74,92.55666666666669,80.16166666666668,66.45,66.81,66.81
EX24_Beja_2022_10,Beja,Beja,Nord-Ouest,2022,10,2022-10-15,36.693542,9.158544,514163.05,4060888.56,125,42.0,18.64,41.8,72.69,46.72,57.7,55.23,10.45,74.48,données du projet,89.54,94.5,92.44,63.48,70.58,92.16000000000001,85.54666666666667,50.88,56.56,56.56
EX24_Beja_2022_11,Beja,Beja,Nord-Ouest,2022,11,2022-11-15,36.772269,9.244451,521815.02,4069637.77,125,42.0,16.64,41.07,71.47,41.25,52.99,58.15,7.53,65.2,données du projet,74.48,89.54,94.5,82.59,65.14,86.17333333333335,87.38,49.03,48.95,48.95
EX24_Beja_2022_12,Beja,Beja,Nord-Ouest,2022,12,2022-12-15,36.734492,9.24755,522102.37,4065447.87,125,42.0,14.47,58.88,79.54,57.91,44.78,57.17,1.74,57.18,données du projet,65.2,74.48,89.54,90.73,44.88,76.40666666666668,84.48166666666667,58.64,50.91,50.91
EX24_Beja_2023_01,Beja,Beja,Nord-Ouest,2023,1,2023-01-15,36.746757,9.184329,516455.11,4066795.74,125,42.0,10.4,50.29,80.63,58.34,30.96,66.41,13.8,47.11,données du projet,57.18,65.2,74.48,92.44,44.04,65.62000000000002,78.89,50.49,53.48,53.48
EX24_Beja_2023_02,Beja,Beja,Nord-Ouest,2023,2,2023-02-15,36.723519,9.19522,517432.59,4064219.88,125,42.0,13.08,42.07,73.1,58.02,45.98,63.5,24.14,45.44,données du projet,47.11,57.18,65.2,94.5,52.34,56.49666666666668,71.335,55.0,66.06,66.06
EX24_Beja_2023_03,Beja,Beja,Nord-Ouest,2023,3,2023-03-15,36.77262,9.209801,518722.72,4069669.43,125,42.0,17.1,41.49,64.0,51.4,48.72,62.73,6.22,57.45,données du projet,45.44,47.11,57.18,89.54,57.23,49.91000000000002,63.15833333333333,55.6,80.18,80.18
EX24_Beja_2023_04,Beja,Beja,Nord-Ouest,2023,4,2023-04-15,36.655125,9.11426,510212.15,4056621.51,125,42.0,21.03,40.5,61.99,45.15,62.24,57.78,1.93,69.62,données du projet,57.45,45.44,47.11,74.48,63.48,50.00000000000001,57.809999999999995,75.92,85.12,85.12
EX24_Beja_2023_05,Beja,Beja,Nord-Ouest,2023,5,2023-05-15,36.768519,9.220702,519696.61,4069216.62,125,42.0,24.27,36.83,57.57,37.33,78.28,60.85,12.54,76.53,données du projet,69.62,57.45,45.44,65.2,82.59,57.50333333333335,57.0,69.03,92.96,92.96
EX24_Beja_2023_06,Beja,Beja,Nord-Ouest,2023,6,2023-06-15,36.768489,9.174469,515570.48,4069204.81,125,42.0,32.44,15.92,52.19,29.64,100.0,67.83,45.41,84.9,données du projet,76.53,69.62,57.45,57.18,90.73,67.86666666666669,58.88833333333333,100.0,86.87,86.87
EX24_Beja_2023_07,Beja,Beja,Nord-Ouest,2023,7,2023-07-15,36.730466,9.15521,513858.57,4064984.01,125,42.0,33.24,2.48,43.68,17.42,96.54,91.31,41.23,92.93,données du projet,84.9,76.53,69.62,47.11,92.44,77.01666666666668,63.50833333333335,100.0,82.49,82.49
EX24_Beja_2023_08,Beja,Beja,Nord-Ouest,2023,8,2023-08-15,36.762347,9.207113,518485.28,4068529.32,125,42.0,28.96,0.0,39.68,33.67,100.0,71.65,47.35,96.51,données du projet,92.93,84.9,76.53,45.44,94.5,84.78666666666668,71.145,79.59,72.6,72.6
EX24_Beja_2023_09,Beja,Beja,Nord-Ouest,2023,9,2023-09-15,36.672565,9.200063,517876.91,4058568.53,125,42.0,29.15,22.76,51.27,36.9,74.02,69.41,51.02,71.97,données du projet,96.51,92.93,84.9,57.45,89.54,91.44666666666667,79.65666666666668,77.91,64.91,64.91
EX24_Beja_2023_10,Beja,Beja,Nord-Ouest,2023,10,2023-10-15,36.756323,9.191854,517124.76,4067858.23,125,42.0,19.44,31.98,65.65,47.95,53.66,67.99,13.23,75.46,données du projet,71.97,96.51,92.93,69.62,74.48,87.13666666666667,82.07666666666667,78.91,56.37,56.37
EX24_Beja_2023_11,Beja,Beja,Nord-Ouest,2023,11,2023-11-15,36.718433,9.174211,515557.58,4063652.14,125,42.0,15.67,55.56,74.75,56.35,47.68,63.38,12.9,59.86,données du projet,75.46,71.97,96.51,76.53,65.2,81.31333333333335,83.05000000000001,32.35,54.45,54.45
EX24_Beja_2023_12,Beja,Beja,Nord-Ouest,2023,12,2023-12-15,36.746297,9.212876,519003.59,4066749.96,125,42.0,10.99,45.28,79.21,47.47,35.01,48.95,23.22,49.21,données du projet,59.86,75.46,71.97,84.9,57.18,69.09666666666668,80.27166666666666,58.16,55.33,55.33
EX24_Beja_2024_01,Beja,Beja,Nord-Ouest,2024,1,2024-01-15,36.68092,9.169611,515154.14,4059490.17,125,42.0,13.46,63.22,74.38,58.42,30.52,64.61,20.38,54.39,données du projet,49.21,59.86,75.46,92.93,47.11,61.51000000000001,74.32333333333334,57.97,61.41,61.41
EX24_Beja_2024_02,Beja,Beja,Nord-Ouest,2024,2,2024-02-15,36.710698,9.168216,515023.71,4062793.15,125,42.0,13.65,47.81,76.37,56.78,22.0,44.48,13.48,60.38,données du projet,54.39,49.21,59.86,96.51,45.44,54.48666666666668,67.89999999999999,72.06,68.16,68.16
EX24_Beja_2024_03,Beja,Beja,Nord-Ouest,2024,3,2024-03-15,36.709351,9.213812,519096.34,4062651.77,125,42.0,18.44,66.1,68.29,51.13,46.68,63.57,9.77,62.21,données du projet,60.38,54.39,49.21,71.97,57.45,54.660000000000004,61.87833333333333,60.69,77.38,77.38
EX24_Beja_2024_04,Beja,Beja,Nord-Ouest,2024,4,2024-04-15,36.719914,9.186912,516691.51,4063818.51,125,42.0,24.18,37.67,60.29,46.78,67.69,66.64,26.96,66.74,données du projet,62.21,60.38,54.39,75.46,69.62,58.99333333333334,60.251666666666665,73.73,89.04,89.04
EX24_Beja_2024_05,Beja,Beja,Nord-Ouest,2024,5,2024-05-15,36.734272,9.171663,515326.89,4065408.73,125,42.0,26.83,23.42,58.79,41.09,80.38,72.51,11.61,79.21,données du projet,66.74,62.21,60.38,59.86,76.53,63.110000000000014,58.798333333333325,74.45,94.63,94.63
EX24_Beja_2024_06,Beja,Beja,Nord-Ouest,2024,6,2024-06-15,36.745139,9.207018,518480.92,4066620.4,125,42.0,33.78,29.45,45.3,23.87,84.74,61.12,23.29,85.69,données du projet,79.21,66.74,62.21,49.21,84.9,69.38666666666667,62.02333333333333,90.21,96.48,96.48
EX24_Beja_2024_07,Beja,Beja,Nord-Ouest,2024,7,2024-07-15,36.723989,9.15496,513837.39,4064265.46,125,42.0,31.45,27.98,44.66,27.93,91.52,71.15,46.59,97.48,données du projet,85.69,79.21,66.74,54.39,92.93,77.21333333333335,68.10333333333332,90.02,91.83,91.83
EX24_Beja_2024_08,Beja,Beja,Nord-Ouest,2024,8,2024-08-15,36.713704,9.191195,517075.36,4063130.45,125,42.0,31.62,5.55,37.4,27.72,91.33,80.88,35.11,100.0,données du projet,97.48,85.69,79.21,60.38,96.51,87.46,75.285,83.59,74.14,74.14
EX24_Beja_2024_09,Beja,Beja,Nord-Ouest,2024,9,2024-09-15,36.747861,9.170329,515205.11,4066915.92,125,42.0,25.1,23.99,62.64,30.23,75.8,65.6,44.44,91.02,données du projet,100.0,97.48,85.69,62.21,71.97,94.39000000000003,81.88833333333334,69.35,61.89,61.89
EX24_Beja_2024_10,Beja,Beja,Nord-Ouest,2024,10,2024-10-15,36.744745,9.149322,513330.34,4066567.12,125,42.0,23.25,28.92,61.39,43.8,57.11,63.99,14.39,77.21,données du projet,91.02,100.0,97.48,66.74,75.46,96.16666666666669,86.69,44.99,52.56,52.56
EX24_Beja_2024_11,Beja,Beja,Nord-Ouest,2024,11,2024-11-15,36.716947,9.19597,517501.08,4063491.08,125,42.0,16.23,39.81,68.33,56.27,47.62,68.66,11.82,66.75,données du projet,77.21,91.02,100.0,79.21,59.86,89.41000000000001,88.435,39.42,51.87,51.87
EX24_Beja_2024_12,Beja,Beja,Nord-Ouest,2024,12,2024-12-15,36.674719,9.174286,515573.1,4058803.05,125,42.0,10.03,60.04,75.37,53.68,33.48,61.87,14.61,48.73,données du projet,66.75,77.21,91.02,85.69,49.21,78.32666666666667,86.35833333333333,42.61,54.64,54.64
EX24_Beja_2025_01,Beja,Beja,Nord-Ouest,2025,1,2025-01-15,36.770867,9.213362,519040.97,4069475.6,125,42.0,13.8,66.75,73.77,51.42,40.0,52.74,24.62,44.87,données du projet,48.73,66.75,77.21,97.48,54.39,64.23,80.19833333333334,67.31,65.75,65.75
EX24_Beja_2025_02,Beja,Beja,Nord-Ouest,2025,2,2025-02-15,36.723873,9.165379,514767.85,4064254.15,125,42.0,14.87,71.4,82.36,49.52,36.18,56.51,17.12,52.16,données du projet,44.87,48.73,66.75,100.0,60.38,53.45000000000001,71.42999999999999,88.07,77.42,77.42
EX24_Beja_2025_03,Beja,Beja,Nord-Ouest,2025,3,2025-03-15,36.726576,9.175023,515628.46,4064555.58,125,42.0,17.63,39.56,60.53,41.7,64.7,56.2,7.36,73.36,données du projet,52.16,44.87,48.73,91.02,62.21,48.58666666666667,63.45666666666667,70.92,79.72,79.72
EX24_Beja_2025_04,Beja,Beja,Nord-Ouest,2025,4,2025-04-15,36.766462,9.173797,515510.92,4068979.81,125,42.0,21.18,37.1,56.48,36.94,60.04,68.6,23.16,69.92,données du projet,73.36,52.16,44.87,77.21,66.74,56.79666666666668,60.51333333333333,71.3,86.81,86.81
EX24_Beja_2025_05,Beja,Beja,Nord-Ouest,2025,5,2025-05-15,36.699252,9.118938,510624.16,4061516.87,125,42.0,25.4,14.25,60.64,37.61,79.98,63.38,3.52,81.22,données du projet,69.92,73.36,52.16,66.75,79.21,65.14666666666668,59.29833333333334,84.0,88.54,88.54
EX24_Beja_2025_06,Beja,Beja,Nord-Ouest,2025,6,2025-06-15,36.699675,9.183177,516362.3,4061572.78,125,42.0,28.06,16.18,51.4,35.77,91.79,68.05,28.39,81.75,données du projet,81.22,69.92,73.36,48.73,85.69,74.83333333333334,61.71,88.3,93.34,93.34
EX24_Beja_2025_07,Beja,Beja,Nord-Ouest,2025,7,2025-07-15,36.69575,9.174848,515619.06,4061136.0,125,42.0,33.09,49.61,42.79,21.89,90.31,78.05,46.03,93.04,données du projet,81.75,81.22,69.92,44.87,97.48,77.63000000000001,67.21333333333332,91.94,84.52,84.52
EX24_Beja_2025_08,Beja,Beja,Nord-Ouest,2025,8,2025-08-15,36.758932,9.140651,512553.96,4068139.71,125,42.0,33.47,16.75,53.55,30.19,96.56,73.95,45.53,89.85,données du projet,93.04,81.75,81.22,52.16,100.0,85.33666666666669,75.24166666666666,77.23,73.72,73.72
EX24_Beja_2025_09,Beja,Beja,Nord-Ouest,2025,9,2025-09-15,36.678664,9.220931,519739.98,4059249.17,125,42.0,26.89,14.92,59.66,40.21,98.05,70.08,40.35,87.57,données du projet,89.85,93.04,81.75,73.36,91.02,88.21333333333335,81.52333333333333,66.2,67.02,67.02
EX24_Ben_Arous_2017_01,Ben Arous,Ben Arous,Nord-Est,2017,1,2017-01-15,36.764264,10.25023,611585.59,4069450.64,1600,84.0,11.27,104.62,90.42,71.48,24.17,75.5,57.01,37.33,données du projet,36.97,49.71,56.0,83.62,32.73,47.56000000000001,63.9,35.68,45.81,45.81
EX24_Ben_Arous_2017_02,Ben Arous,Ben Arous,Nord-Est,2017,2,2017-02-15,36.742955,10.266206,613042.77,4067105.49,1600,84.0,13.99,87.3,89.63,75.18,13.53,84.95,64.73,37.24,données du projet,37.33,36.97,49.71,73.74,32.21,41.33666666666667,56.184999999999995,39.64,58.49,58.49
EX24_Ben_Arous_2017_03,Ben Arous,Ben Arous,Nord-Est,2017,3,2017-03-15,36.749438,10.26163,612624.72,4067819.3,1600,84.0,17.67,74.14,77.66,64.85,22.88,77.69,70.53,44.41,données du projet,37.24,37.33,36.97,83.36,43.43,37.18000000000001,50.10166666666667,62.99,71.98,71.98
EX24_Ben_Arous_2017_04,Ben Arous,Ben Arous,Nord-Est,2017,4,2017-04-15,36.775735,10.238049,610481.84,4070709.12,1600,84.0,23.1,56.28,68.83,64.27,46.89,89.58,57.39,59.0,données du projet,44.41,37.24,37.33,56.0,54.57,39.660000000000004,43.61000000000001,60.47,71.37,71.37
EX24_Ben_Arous_2017_05,Ben Arous,Ben Arous,Nord-Est,2017,5,2017-05-15,36.759649,10.2463,611241.48,4068934.16,1600,84.0,23.53,38.6,62.46,60.08,77.37,91.99,71.85,68.81,données du projet,59.0,44.41,37.24,49.71,56.47,46.88333333333335,44.11000000000001,82.65,80.1,80.1
EX24_Ben_Arous_2017_06,Ben Arous,Ben Arous,Nord-Est,2017,6,2017-06-15,36.716795,10.215898,608588.12,4064145.24,1600,84.0,31.51,47.16,65.09,54.68,79.69,97.75,88.91,78.97,données du projet,68.81,59.0,44.41,36.97,68.68,57.40666666666667,47.29333333333333,75.21,75.16,75.16
EX24_Ben_Arous_2017_07,Ben Arous,Ben Arous,Nord-Est,2017,7,2017-07-15,36.812639,10.215232,608393.63,4074777.01,1600,84.0,33.15,6.35,57.27,56.56,75.94,92.16,89.41,73.53,données du projet,78.97,68.81,59.0,37.33,83.62,68.92666666666668,54.29333333333333,91.06,66.78,66.78
EX24_Ben_Arous_2017_08,Ben Arous,Ben Arous,Nord-Est,2017,8,2017-08-15,36.741206,10.25205,611781.46,4066894.8,1600,84.0,31.92,7.2,64.11,51.62,80.89,89.64,91.62,84.09,données du projet,73.53,78.97,68.81,37.24,73.74,73.77000000000001,60.326666666666675,68.0,57.79,57.79
EX24_Ben_Arous_2017_09,Ben Arous,Ben Arous,Nord-Est,2017,9,2017-09-15,36.751059,10.232504,610022.29,4067965.24,1600,84.0,28.64,42.79,60.12,50.04,60.8,75.93,88.87,68.75,données du projet,84.09,73.53,78.97,44.41,83.36,78.86333333333334,68.135,52.37,49.52,49.52
EX24_Ben_Arous_2017_10,Ben Arous,Ben Arous,Nord-Est,2017,10,2017-10-15,36.782597,10.245121,611103.06,4071478.51,1600,84.0,21.22,56.02,78.56,64.98,49.78,94.48,74.81,53.31,données du projet,68.75,84.09,73.53,59.0,56.0,75.45666666666668,72.19166666666666,33.52,40.92,40.92
EX24_Ben_Arous_2017_11,Ben Arous,Ben Arous,Nord-Est,2017,11,2017-11-15,36.746361,10.196907,606850.97,4067403.71,1600,84.0,17.3,77.22,82.39,71.58,30.47,84.15,54.05,50.77,données du projet,53.31,68.75,84.09,68.81,49.71,68.71666666666668,71.24333333333333,42.4,38.61,38.61
EX24_Ben_Arous_2017_12,Ben Arous,Ben Arous,Nord-Est,2017,12,2017-12-15,36.726999,10.186882,605982.63,4065244.65,1600,84.0,12.28,110.9,89.1,75.82,22.02,85.11,67.01,38.76,données du projet,50.77,53.31,68.75,78.97,36.97,57.610000000000014,68.23666666666666,59.34,41.04,41.04
EX24_Ben_Arous_2018_01,Ben Arous,Ben Arous,Nord-Est,2018,1,2018-01-15,36.672349,10.249856,611685.17,4059253.55,1600,84.0,14.32,108.48,82.59,78.73,19.68,77.7,76.88,40.53,données du projet,38.76,50.77,53.31,73.53,37.33,47.613333333333344,61.535000000000004,19.73,42.93,42.93
EX24_Ben_Arous_2018_02,Ben Arous,Ben Arous,Nord-Est,2018,2,2018-02-15,36.764004,10.22551,609379.51,4069393.28,1600,84.0,13.02,94.02,85.37,76.44,21.92,77.26,61.85,39.0,données du projet,40.53,38.76,50.77,84.09,37.24,43.353333333333346,56.035,55.1,52.62,52.62
EX24_Ben_Arous_2018_03,Ben Arous,Ben Arous,Nord-Est,2018,3,2018-03-15,36.754153,10.259374,612416.48,4068339.73,1600,84.0,18.95,82.54,73.89,72.7,36.88,84.28,65.91,45.35,données du projet,39.0,40.53,38.76,68.75,44.41,39.43000000000001,48.52,55.37,66.44,66.44
EX24_Ben_Arous_2018_04,Ben Arous,Ben Arous,Nord-Est,2018,4,2018-04-15,36.713849,10.244842,611177.3,4063851.6,1600,84.0,21.03,62.04,72.89,61.09,52.84,83.95,67.82,49.6,données du projet,45.35,39.0,40.53,53.31,59.0,41.62666666666667,44.620000000000005,75.34,75.98,75.98
EX24_Ben_Arous_2018_05,Ben Arous,Ben Arous,Nord-Est,2018,5,2018-05-15,36.743714,10.282679,614512.35,4067209.18,1600,84.0,26.01,65.39,71.55,53.13,66.42,92.34,58.58,72.13,données du projet,49.6,45.35,39.0,50.77,68.81,44.65000000000001,44.001666666666665,79.35,74.02,74.02
EX24_Ben_Arous_2018_06,Ben Arous,Ben Arous,Nord-Est,2018,6,2018-06-15,36.765207,10.204726,607522.76,4069503.22,1600,84.0,28.54,23.84,60.45,53.03,74.37,94.07,92.94,73.44,données du projet,72.13,49.6,45.35,38.76,78.97,55.69333333333335,47.56166666666667,76.81,74.01,74.01
EX24_Ben_Arous_2018_07,Ben Arous,Ben Arous,Nord-Est,2018,7,2018-07-15,36.756466,10.199798,607095.08,4068528.02,1600,84.0,29.81,22.76,59.33,46.35,88.13,97.03,89.26,81.08,données du projet,73.44,72.13,49.6,40.53,73.53,65.05666666666667,53.34166666666667,84.4,74.19,74.19
EX24_Ben_Arous_2018_08,Ben Arous,Ben Arous,Nord-Est,2018,8,2018-08-15,36.766252,10.242828,610922.04,4069662.57,1600,84.0,31.53,0.0,59.29,42.46,91.27,100.0,90.98,75.12,données du projet,81.08,73.44,72.13,39.0,84.09,75.55,60.099999999999994,79.64,60.55,60.55
EX24_Ben_Arous_2018_09,Ben Arous,Ben Arous,Nord-Est,2018,9,2018-09-15,36.711286,10.2717,613579.94,4063598.71,1600,84.0,28.86,46.96,72.25,60.15,69.5,92.74,82.36,71.28,données du projet,75.12,81.08,73.44,45.35,68.75,76.54666666666668,66.11999999999999,53.79,44.29,44.29
EX24_Ben_Arous_2018_10,Ben Arous,Ben Arous,Nord-Est,2018,10,2018-10-15,36.729381,10.20436,607540.08,4065528.42,1600,84.0,19.94,68.45,74.49,65.13,48.12,91.04,64.98,60.05,données du projet,71.28,75.12,81.08,49.6,53.31,75.82666666666668,70.44166666666668,39.77,32.03,32.03
EX24_Ben_Arous_2018_11,Ben Arous,Ben Arous,Nord-Est,2018,11,2018-11-15,36.678897,10.234008,610259.59,4059961.65,1600,84.0,18.06,115.36,83.44,72.23,21.89,67.19,65.43,43.52,données du projet,60.05,71.28,75.12,72.13,50.77,68.81666666666668,72.18333333333334,34.45,27.83,27.83
EX24_Ben_Arous_2018_12,Ben Arous,Ben Arous,Nord-Est,2018,12,2018-12-15,36.686269,10.225091,609452.39,4060769.24,1600,84.0,13.79,96.45,82.17,69.91,13.99,72.42,59.03,23.09,données du projet,43.52,60.05,71.28,73.44,38.76,58.28333333333334,67.415,35.33,33.41,33.41
EX24_Ben_Arous_2019_01,Ben Arous,Ben Arous,Nord-Est,2019,1,2019-01-15,36.750133,10.217953,608724.62,4067845.86,1600,84.0,13.01,89.25,81.04,75.96,18.94,76.97,68.52,26.95,données du projet,23.09,43.52,60.05,81.08,40.53,42.220000000000006,59.02333333333333,25.93,39.97,39.97
EX24_Ben_Arous_2019_02,Ben Arous,Ben Arous,Nord-Est,2019,2,2019-02-15,36.790471,10.180383,605315.47,4072278.78,1600,84.0,12.3,82.93,87.98,81.2,17.88,87.43,74.23,33.36,données du projet,26.95,23.09,43.52,75.12,39.0,31.186666666666678,50.001666666666665,60.32,40.77,40.77
EX24_Ben_Arous_2019_03,Ben Arous,Ben Arous,Nord-Est,2019,3,2019-03-15,36.714001,10.209198,607993.6,4063827.67,1600,84.0,19.31,82.78,83.34,74.92,39.3,99.39,77.59,47.85,données du projet,33.36,26.95,23.09,71.28,45.35,27.80000000000001,43.041666666666664,20.81,49.82,49.82
EX24_Ben_Arous_2019_04,Ben Arous,Ben Arous,Nord-Est,2019,4,2019-04-15,36.782215,10.183768,605628.78,4071366.67,1600,84.0,25.1,57.58,68.66,62.33,48.86,70.6,58.08,31.67,données du projet,47.85,33.36,26.95,60.05,49.6,36.05333333333334,39.13666666666666,42.78,67.74,67.74
EX24_Ben_Arous_2019_05,Ben Arous,Ben Arous,Nord-Est,2019,5,2019-05-15,36.707588,10.312555,617234.58,4063237.66,1600,84.0,25.7,30.92,68.37,59.11,56.65,84.21,52.17,44.35,données du projet,31.67,47.85,33.36,43.52,72.13,37.62666666666668,34.406666666666666,74.39,82.23,82.23
EX24_Ben_Arous_2019_06,Ben Arous,Ben Arous,Nord-Est,2019,6,2019-06-15,36.674707,10.24793,611509.62,4059512.94,1600,84.0,29.77,13.72,64.1,47.27,67.68,88.33,100.0,71.89,données du projet,44.35,31.67,47.85,23.09,73.44,41.29000000000001,34.544999999999995,81.11,83.03,83.03
EX24_Ben_Arous_2019_07,Ben Arous,Ben Arous,Nord-Est,2019,7,2019-07-15,36.70126,10.256333,612221.92,4062468.37,1600,84.0,32.34,31.88,57.55,50.67,86.69,98.55,82.05,86.17,données du projet,71.89,44.35,31.67,26.95,81.08,49.30333333333334,42.678333333333335,94.96,73.07,73.07
EX24_Ben_Arous_2019_08,Ben Arous,Ben Arous,Nord-Est,2019,8,2019-08-15,36.728218,10.277465,614069.78,4065483.9,1600,84.0,29.18,18.85,52.73,54.99,90.2,95.86,92.11,90.93,données du projet,86.17,71.89,44.35,33.36,75.12,67.47000000000001,52.54833333333334,80.77,62.27,62.27
EX24_Ben_Arous_2019_09,Ben Arous,Ben Arous,Nord-Est,2019,9,2019-09-15,36.7159,10.189178,606202.92,4064015.97,1600,84.0,28.38,53.53,61.54,56.71,65.4,91.95,85.14,72.02,données du projet,90.93,86.17,71.89,47.85,71.28,82.99666666666668,62.14333333333334,72.55,48.55,48.55
EX24_Ben_Arous_2019_10,Ben Arous,Ben Arous,Nord-Est,2019,10,2019-10-15,36.746607,10.24422,611074.55,4067484.9,1600,84.0,20.53,67.19,67.99,61.85,54.53,78.8,65.53,59.42,données du projet,72.02,90.93,86.17,31.67,60.05,83.04,66.17166666666667,56.31,41.51,41.51
EX24_Ben_Arous_2019_11,Ben Arous,Ben Arous,Nord-Est,2019,11,2019-11-15,36.762496,10.218095,608719.77,4069217.59,1600,84.0,15.13,99.72,87.61,69.86,24.27,82.61,73.53,45.64,données du projet,59.42,72.02,90.93,44.35,43.52,74.12333333333335,70.79666666666667,63.35,42.95,42.95
EX24_Ben_Arous_2019_12,Ben Arous,Ben Arous,Nord-Est,2019,12,2019-12-15,36.765004,10.214877,608429.0,4069492.11,1600,84.0,12.91,113.7,90.24,64.02,11.8,77.97,63.06,40.23,données du projet,45.64,59.42,72.02,71.89,23.09,59.02666666666668,71.01166666666667,31.83,41.21,41.21
EX24_Ben_Arous_2020_01,Ben Arous,Ben Arous,Nord-Est,2020,1,2020-01-15,36.678951,10.214906,608552.69,4059945.82,1600,84.0,12.76,96.48,91.3,79.35,17.37,76.36,82.42,42.81,données du projet,40.23,45.64,59.42,86.17,26.95,48.43000000000001,65.735,31.46,46.24,46.24
EX24_Ben_Arous_2020_02,Ben Arous,Ben Arous,Nord-Est,2020,2,2020-02-15,36.742734,10.237207,610454.01,4067047.09,1600,84.0,12.28,99.22,82.2,77.43,14.04,74.71,66.35,38.06,données du projet,42.81,40.23,45.64,90.93,33.36,42.893333333333345,58.50833333333333,36.05,52.04,52.04
EX24_Ben_Arous_2020_03,Ben Arous,Ben Arous,Nord-Est,2020,3,2020-03-15,36.766636,10.233548,610093.17,4069694.46,1600,84.0,18.98,79.69,81.0,71.39,25.14,88.48,58.53,39.43,données du projet,38.06,42.81,40.23,72.02,47.85,40.366666666666674,49.696666666666665,47.34,59.13,59.13
EX24_Ben_Arous_2020_04,Ben Arous,Ben Arous,Nord-Est,2020,4,2020-04-15,36.738994,10.20705,607766.85,4066597.79,1600,84.0,20.45,51.77,70.27,64.39,45.4,86.91,55.58,47.86,données du projet,39.43,38.06,42.81,59.42,31.67,40.100000000000016,44.26500000000001,57.93,63.91,63.91
EX24_Ben_Arous_2020_05,Ben Arous,Ben Arous,Nord-Est,2020,5,2020-05-15,36.75166,10.248061,611410.23,4068049.92,1600,84.0,27.9,48.09,69.64,62.0,60.07,91.89,68.61,62.85,données du projet,47.86,39.43,38.06,45.64,44.35,41.783333333333346,42.33833333333333,67.42,74.17,74.17
EX24_Ben_Arous_2020_06,Ben Arous,Ben Arous,Nord-Est,2020,6,2020-06-15,36.718318,10.268643,613296.52,4064375.22,1600,84.0,29.62,27.64,63.1,46.13,88.72,94.32,87.61,71.77,données du projet,62.85,47.86,39.43,40.23,71.89,50.046666666666674,45.20666666666667,70.24,81.21,81.21
EX24_Ben_Arous_2020_07,Ben Arous,Ben Arous,Nord-Est,2020,7,2020-07-15,36.732568,10.241232,610828.01,4065924.01,1600,84.0,31.79,17.41,57.55,54.74,79.42,100.0,100.0,75.17,données du projet,71.77,62.85,47.86,42.81,86.17,60.826666666666675,50.46333333333333,73.99,79.44,79.44
EX24_Ben_Arous_2020_08,Ben Arous,Ben Arous,Nord-Est,2020,8,2020-08-15,36.737621,10.220977,609012.23,4066461.26,1600,84.0,28.0,15.12,55.83,49.82,89.33,93.19,86.26,83.27,données du projet,75.17,71.77,62.85,38.06,90.93,69.93,55.85666666666666,82.12,68.58,68.58
EX24_Ben_Arous_2020_09,Ben Arous,Ben Arous,Nord-Est,2020,9,2020-09-15,36.740871,10.216644,608620.77,4066816.89,1600,84.0,29.98,32.57,63.07,54.47,61.76,100.0,99.71,85.84,données du projet,83.27,75.17,71.77,39.43,72.02,76.73666666666668,63.39166666666667,80.49,49.5,49.5
EX24_Ben_Arous_2020_10,Ben Arous,Ben Arous,Nord-Est,2020,10,2020-10-15,36.741276,10.254337,611985.56,4066905.25,1600,84.0,20.85,62.24,82.92,71.71,53.91,75.78,61.54,61.08,données du projet,85.84,83.27,75.17,47.86,59.42,81.42666666666668,71.12666666666667,45.78,46.91,46.91
EX24_Ben_Arous_2020_11,Ben Arous,Ben Arous,Nord-Est,2020,11,2020-11-15,36.781201,10.264873,612867.69,4071346.82,1600,84.0,15.5,87.24,80.72,70.62,27.75,76.03,68.62,52.41,données du projet,61.08,85.84,83.27,62.85,45.64,76.73,73.33,38.22,41.94,41.94
EX24_Ben_Arous_2020_12,Ben Arous,Ben Arous,Nord-Est,2020,12,2020-12-15,36.726815,10.24714,611363.87,4065292.57,1600,84.0,10.79,105.66,87.88,85.97,13.72,79.98,60.66,40.8,données du projet,52.41,61.08,85.84,71.77,40.23,66.44333333333334,71.59,21.94,41.92,41.92
EX24_Ben_Arous_2021_01,Ben Arous,Ben Arous,Nord-Est,2021,1,2021-01-15,36.727981,10.235599,610331.58,4065408.65,1600,84.0,12.09,90.89,80.43,75.43,19.05,80.36,55.28,44.46,données du projet,40.8,52.41,61.08,75.17,42.81,51.43000000000001,66.42833333333333,33.05,43.28,43.28
EX24_Ben_Arous_2021_02,Ben Arous,Ben Arous,Nord-Est,2021,2,2021-02-15,36.739459,10.2102,608047.41,4066652.96,1600,84.0,14.32,98.15,75.99,83.02,18.46,85.75,75.83,36.72,données du projet,44.46,40.8,52.41,83.27,38.06,45.890000000000015,61.31,52.85,50.3,50.3
EX24_Ben_Arous_2021_03,Ben Arous,Ben Arous,Nord-Est,2021,3,2021-03-15,36.744734,10.186701,605942.11,4067211.89,1600,84.0,18.75,73.75,77.33,70.09,40.74,85.16,62.65,45.01,données du projet,36.72,44.46,40.8,85.84,39.43,40.66000000000002,53.55166666666667,55.66,70.3,70.3
EX24_Ben_Arous_2021_04,Ben Arous,Ben Arous,Nord-Est,2021,4,2021-04-15,36.749146,10.230152,609815.06,4067750.27,1600,84.0,22.43,53.51,66.38,54.29,35.72,98.5,61.79,54.46,données du projet,45.01,36.72,44.46,61.08,47.86,42.06333333333335,46.74666666666667,57.29,81.2,81.2
EX24_Ben_Arous_2021_05,Ben Arous,Ben Arous,Nord-Est,2021,5,2021-05-15,36.760069,10.242144,610869.88,4068975.84,1600,84.0,26.27,44.03,73.34,63.08,64.01,99.03,73.81,58.38,données du projet,54.46,45.01,36.72,52.41,62.85,45.39666666666668,45.64333333333334,100.0,82.43,82.43
EX24_Ben_Arous_2021_06,Ben Arous,Ben Arous,Nord-Est,2021,6,2021-06-15,36.749794,10.205427,607606.87,4067794.07,1600,84.0,30.84,21.06,58.69,53.05,71.17,99.53,91.71,87.73,données du projet,58.38,54.46,45.01,40.8,71.77,52.61666666666668,46.63833333333333,75.67,75.26,75.26
EX24_Ben_Arous_2021_07,Ben Arous,Ben Arous,Nord-Est,2021,7,2021-07-15,36.762864,10.198065,606931.44,4069235.83,1600,84.0,32.79,25.93,57.3,53.04,75.01,84.44,100.0,80.96,données du projet,87.73,58.38,54.46,44.46,75.17,66.85666666666668,54.46,85.93,71.59,71.59
EX24_Ben_Arous_2021_08,Ben Arous,Ben Arous,Nord-Est,2021,8,2021-08-15,36.750844,10.293671,615483.06,4068013.36,1600,84.0,31.82,21.03,60.27,55.22,72.91,99.66,96.88,81.81,données du projet,80.96,87.73,58.38,36.72,83.27,75.69000000000001,60.54333333333333,69.77,57.94,57.94
EX24_Ben_Arous_2021_09,Ben Arous,Ben Arous,Nord-Est,2021,9,2021-09-15,36.776054,10.249197,611476.25,4070757.44,1600,84.0,28.12,48.92,66.29,54.3,56.38,91.21,92.28,72.81,données du projet,81.81,80.96,87.73,45.01,85.84,83.50000000000001,68.05833333333334,61.58,40.68,40.68
EX24_Ben_Arous_2021_10,Ben Arous,Ben Arous,Nord-Est,2021,10,2021-10-15,36.774789,10.219377,608816.87,4070582.78,1600,84.0,20.09,64.55,75.12,69.21,48.68,85.18,57.18,62.68,données du projet,72.81,81.81,80.96,54.46,61.08,78.52666666666669,72.69166666666666,52.01,38.28,38.28
EX24_Ben_Arous_2021_11,Ben Arous,Ben Arous,Nord-Est,2021,11,2021-11-15,36.754928,10.172969,604702.21,4068327.64,1600,84.0,15.76,101.23,79.78,71.32,22.59,79.31,51.93,45.61,données du projet,62.68,72.81,81.81,58.38,52.41,72.43333333333335,74.06166666666667,29.87,30.82,30.82
EX24_Ben_Arous_2021_12,Ben Arous,Ben Arous,Nord-Est,2021,12,2021-12-15,36.764074,10.221234,608997.78,4069396.17,1600,84.0,14.3,94.25,90.47,69.52,1.72,74.54,70.45,31.32,données du projet,45.61,62.68,72.81,87.73,40.8,60.36666666666668,71.93333333333334,36.85,40.0,40.0
EX24_Ben_Arous_2022_01,Ben Arous,Ben Arous,Nord-Est,2022,1,2022-01-15,36.746234,10.22018,608928.95,4067415.89,1600,84.0,12.62,86.33,78.55,72.28,12.88,76.91,67.46,38.77,données du projet,31.32,45.61,62.68,80.96,44.46,46.53666666666668,62.531666666666666,53.24,39.85,39.85
EX24_Ben_Arous_2022_02,Ben Arous,Ben Arous,Nord-Est,2022,2,2022-02-15,36.759479,10.250974,611658.94,4068920.7,1600,84.0,15.9,84.53,83.42,76.4,20.3,81.3,75.31,32.09,données du projet,38.77,31.32,45.61,81.81,36.72,38.566666666666684,55.50000000000001,46.28,50.32,50.32
EX24_Ben_Arous_2022_03,Ben Arous,Ben Arous,Nord-Est,2022,3,2022-03-15,36.762262,10.205087,607559.1,4069176.89,1600,84.0,16.91,77.0,79.71,79.04,35.52,88.62,65.11,42.69,données du projet,32.09,38.77,31.32,72.81,45.01,34.060000000000024,47.21333333333334,39.66,65.01,65.01
EX24_Ben_Arous_2022_04,Ben Arous,Ben Arous,Nord-Est,2022,4,2022-04-15,36.735522,10.210008,608035.83,4066215.97,1600,84.0,22.94,63.55,72.82,63.65,45.19,87.5,66.16,49.44,données du projet,42.69,32.09,38.77,62.68,54.46,37.850000000000016,42.193333333333335,59.54,73.83,73.83
EX24_Ben_Arous_2022_05,Ben Arous,Ben Arous,Nord-Est,2022,5,2022-05-15,36.772445,10.251061,611647.89,4070359.24,1600,84.0,26.27,50.69,68.98,59.04,61.11,93.08,57.34,67.49,données du projet,49.44,42.69,32.09,45.61,58.38,41.40666666666667,39.986666666666665,80.98,82.38,82.38
EX24_Ben_Arous_2022_06,Ben Arous,Ben Arous,Nord-Est,2022,6,2022-06-15,36.779082,10.195142,606648.08,4071031.66,1600,84.0,32.09,22.0,61.25,39.01,74.41,92.71,87.72,67.47,données du projet,67.49,49.44,42.69,31.32,87.73,53.20666666666668,43.63333333333333,76.34,84.31,84.31
EX24_Ben_Arous_2022_07,Ben Arous,Ben Arous,Nord-Est,2022,7,2022-07-15,36.744144,10.242577,610931.48,4067209.76,1600,84.0,34.2,9.67,58.81,43.5,83.15,96.09,100.0,86.92,données du projet,67.47,67.49,49.44,38.77,80.96,61.466666666666676,49.65833333333334,84.83,74.71,74.71
EX24_Ben_Arous_2022_08,Ben Arous,Ben Arous,Nord-Est,2022,8,2022-08-15,36.784866,10.258,612249.01,4071745.24,1600,84.0,31.3,29.22,58.86,47.14,90.05,98.22,80.25,92.15,données du projet,86.92,67.47,67.49,32.09,81.81,73.96000000000002,57.68333333333333,73.77,61.0,61.0
EX24_Ben_Arous_2022_09,Ben Arous,Ben Arous,Nord-Est,2022,9,2022-09-15,36.739691,10.238039,610532.65,4066710.5,1600,84.0,26.3,37.48,55.19,61.26,80.38,97.14,84.57,73.95,données du projet,92.15,86.92,67.47,42.69,72.81,82.18000000000002,67.69333333333334,60.0,47.91,47.91
EX24_Ben_Arous_2022_10,Ben Arous,Ben Arous,Nord-Est,2022,10,2022-10-15,36.723512,10.270077,613416.96,4064953.06,1600,84.0,20.8,44.1,78.88,64.05,35.66,93.22,61.9,57.38,données du projet,73.95,92.15,86.92,49.44,62.68,84.34000000000002,72.90333333333334,54.18,45.97,45.97
EX24_Ben_Arous_2022_11,Ben Arous,Ben Arous,Nord-Est,2022,11,2022-11-15,36.750202,10.257605,612264.29,4067899.34,1600,84.0,14.39,107.16,84.45,75.56,12.24,87.46,75.58,53.8,données du projet,57.38,73.95,92.15,67.49,45.61,74.49333333333335,74.22666666666667,31.93,47.73,47.73
EX24_Ben_Arous_2022_12,Ben Arous,Ben Arous,Nord-Est,2022,12,2022-12-15,36.759753,10.208738,607888.43,4068902.66,1600,84.0,13.27,91.93,87.94,81.44,11.86,82.25,70.8,42.9,données du projet,53.8,57.38,73.95,67.47,31.32,61.710000000000015,71.94500000000001,43.39,41.63,41.63
EX24_Ben_Arous_2023_01,Ben Arous,Ben Arous,Nord-Est,2023,1,2023-01-15,36.741422,10.187236,605994.4,4066845.07,1600,84.0,10.52,113.89,87.27,76.14,19.18,80.15,60.87,45.26,données du projet,42.9,53.8,57.38,86.92,38.77,51.360000000000014,67.85000000000001,39.65,41.79,41.79
EX24_Ben_Arous_2023_02,Ben Arous,Ben Arous,Nord-Est,2023,2,2023-02-15,36.676816,10.236007,610441.19,4059733.12,1600,84.0,12.35,90.18,90.44,75.98,14.38,82.19,54.34,39.17,données du projet,45.26,42.9,53.8,92.15,32.09,47.32000000000002,60.906666666666666,42.68,49.26,49.26
EX24_Ben_Arous_2023_03,Ben Arous,Ben Arous,Nord-Est,2023,3,2023-03-15,36.711506,10.216136,608616.75,4063558.71,1600,84.0,18.65,66.59,76.3,68.45,27.42,89.61,55.47,43.84,données du projet,39.17,45.26,42.9,73.95,42.69,42.44333333333335,52.07666666666666,56.03,57.42,57.42
EX24_Ben_Arous_2023_04,Ben Arous,Ben Arous,Nord-Est,2023,4,2023-04-15,36.709986,10.182297,605596.49,4063352.27,1600,84.0,21.02,55.24,68.58,55.18,35.67,93.82,79.5,49.96,données du projet,43.84,39.17,45.26,57.38,49.44,42.75666666666669,47.05833333333334,56.7,72.61,72.61
EX24_Ben_Arous_2023_05,Ben Arous,Ben Arous,Nord-Est,2023,5,2023-05-15,36.744939,10.224498,609316.19,4067277.17,1600,84.0,26.1,30.78,67.94,60.81,61.15,88.57,39.36,54.79,données du projet,49.96,43.84,39.17,53.8,67.49,44.32333333333336,45.821666666666665,58.66,89.54,89.54
EX24_Ben_Arous_2023_06,Ben Arous,Ben Arous,Nord-Est,2023,6,2023-06-15,36.759167,10.235754,610300.77,4068868.43,1600,84.0,30.95,6.66,65.08,58.27,82.49,100.0,93.13,73.03,données du projet,54.79,49.96,43.84,42.9,67.47,49.53000000000002,45.98666666666667,93.03,89.84,89.84
EX24_Ben_Arous_2023_07,Ben Arous,Ben Arous,Nord-Est,2023,7,2023-07-15,36.704199,10.226022,609510.16,4062759.36,1600,84.0,30.77,29.66,57.91,40.77,85.91,99.81,91.34,89.83,données du projet,73.03,54.79,49.96,45.26,86.92,59.26000000000002,51.00833333333333,78.07,79.52,79.52
EX24_Ben_Arous_2023_08,Ben Arous,Ben Arous,Nord-Est,2023,8,2023-08-15,36.702326,10.195763,606809.83,4062517.47,1600,84.0,33.09,19.58,61.52,51.67,87.48,83.34,81.06,92.47,données du projet,89.83,73.03,54.79,39.17,92.15,72.55000000000003,58.43666666666667,80.59,68.21,68.21
EX24_Ben_Arous_2023_09,Ben Arous,Ben Arous,Nord-Est,2023,9,2023-09-15,36.71961,10.27185,613581.03,4064522.36,1600,84.0,29.5,51.28,63.92,55.39,63.01,100.0,100.0,77.22,données du projet,92.47,89.83,73.03,43.84,73.95,85.11000000000003,67.32000000000001,63.43,54.03,54.03
EX24_Ben_Arous_2023_10,Ben Arous,Ben Arous,Nord-Est,2023,10,2023-10-15,36.722897,10.217977,608765.16,4064824.42,1600,84.0,18.47,56.86,74.06,60.27,37.23,87.84,66.12,66.93,données du projet,77.22,92.47,89.83,49.96,57.38,86.5066666666667,72.88333333333333,47.7,44.18,44.18
EX24_Ben_Arous_2023_11,Ben Arous,Ben Arous,Nord-Est,2023,11,2023-11-15,36.759566,10.166923,604156.25,4068835.59,1600,84.0,16.72,99.32,86.2,76.12,27.79,81.91,48.86,55.05,données du projet,66.93,77.22,92.47,54.79,53.8,78.87333333333336,75.71166666666666,48.59,42.73,42.73
EX24_Ben_Arous_2023_12,Ben Arous,Ben Arous,Nord-Est,2023,12,2023-12-15,36.742412,10.250954,611681.83,4067027.33,1600,84.0,13.99,82.96,84.18,69.25,20.63,85.41,58.69,45.8,données du projet,55.05,66.93,77.22,73.03,42.9,66.40000000000003,75.755,31.07,50.02,50.02
EX24_Ben_Arous_2024_01,Ben Arous,Ben Arous,Nord-Est,2024,1,2024-01-15,36.778643,10.213675,608302.61,4071003.84,1600,84.0,14.09,107.37,89.12,70.9,16.12,88.42,80.41,37.16,données du projet,45.8,55.05,66.93,89.83,45.26,55.9266666666667,71.21666666666667,46.09,55.46,55.46
EX24_Ben_Arous_2024_02,Ben Arous,Ben Arous,Nord-Est,2024,2,2024-02-15,36.806425,10.22882,609614.46,4074103.05,1600,84.0,14.3,96.04,85.69,76.97,19.15,90.48,59.0,44.6,données du projet,37.16,45.8,55.05,92.47,39.17,46.00333333333335,62.43833333333333,38.02,64.56,64.56
EX24_Ben_Arous_2024_03,Ben Arous,Ben Arous,Nord-Est,2024,3,2024-03-15,36.77045,10.300756,616085.96,4070197.02,1600,84.0,16.34,72.89,72.67,62.47,42.15,77.1,62.36,59.7,données du projet,44.6,37.16,45.8,77.22,43.84,42.52000000000002,54.46,67.01,66.83,66.83
EX24_Ben_Arous_2024_04,Ben Arous,Ben Arous,Nord-Est,2024,4,2024-04-15,36.752191,10.227221,609549.06,4068084.7,1600,84.0,24.16,61.25,76.5,55.54,53.49,79.7,64.19,61.29,données du projet,59.7,44.6,37.16,66.93,49.96,47.15333333333336,51.54,58.81,77.17,77.17
EX24_Ben_Arous_2024_05,Ben Arous,Ben Arous,Nord-Est,2024,5,2024-05-15,36.753224,10.195655,606729.7,4068163.71,1600,84.0,24.41,34.93,67.05,66.21,73.37,100.0,78.98,65.33,données du projet,61.29,59.7,44.6,55.05,54.79,55.196666666666694,50.6,75.4,77.13,77.13
EX24_Ben_Arous_2024_06,Ben Arous,Ben Arous,Nord-Est,2024,6,2024-06-15,36.72366,10.257449,612289.08,4064954.61,1600,84.0,29.2,20.05,55.65,44.56,80.33,92.42,98.35,80.39,données du projet,65.33,61.29,59.7,45.8,73.03,62.10666666666669,52.31333333333333,66.42,76.87,76.87
EX24_Ben_Arous_2024_07,Ben Arous,Ben Arous,Nord-Est,2024,7,2024-07-15,36.774646,10.202259,607289.37,4070547.55,1600,84.0,30.0,17.01,57.74,45.68,82.92,100.0,87.86,77.03,données du projet,80.39,65.33,61.29,37.16,89.83,69.00333333333334,58.078333333333326,77.23,74.21,74.21
EX24_Ben_Arous_2024_08,Ben Arous,Ben Arous,Nord-Est,2024,8,2024-08-15,36.692076,10.206949,607823.36,4061392.86,1600,84.0,31.69,39.35,56.66,49.39,91.04,93.07,91.3,80.12,données du projet,77.03,80.39,65.33,44.6,92.47,74.25000000000001,64.72333333333334,71.17,66.5,66.5
EX24_Ben_Arous_2024_09,Ben Arous,Ben Arous,Nord-Est,2024,9,2024-09-15,36.706446,10.251428,611776.25,4063037.97,1600,84.0,26.82,28.9,63.48,59.13,72.79,91.81,88.49,78.54,données du projet,80.12,77.03,80.39,59.7,77.22,79.18000000000002,70.64333333333333,64.31,53.21,53.21
EX24_Ben_Arous_2024_10,Ben Arous,Ben Arous,Nord-Est,2024,10,2024-10-15,36.672161,10.223094,609293.94,4059201.95,1600,84.0,20.65,69.83,71.94,59.76,48.23,73.3,63.44,63.48,données du projet,78.54,80.12,77.03,61.29,66.93,78.56333333333336,73.78333333333335,72.98,45.08,45.08
EX24_Ben_Arous_2024_11,Ben Arous,Ben Arous,Nord-Est,2024,11,2024-11-15,36.72509,10.243853,611072.82,4065097.49,1600,84.0,12.87,80.15,74.58,78.1,42.29,74.42,84.9,56.12,données du projet,63.48,78.54,80.12,65.33,55.05,74.0466666666667,74.14833333333333,40.41,38.31,38.31
EX24_Ben_Arous_2024_12,Ben Arous,Ben Arous,Nord-Est,2024,12,2024-12-15,36.726331,10.286881,614913.41,4065285.81,1600,84.0,11.38,87.02,87.31,78.34,18.76,79.84,70.8,42.89,données du projet,56.12,63.48,78.54,80.39,45.8,66.0466666666667,72.61333333333333,29.19,42.64,42.64
EX24_Ben_Arous_2025_01,Ben Arous,Ben Arous,Nord-Est,2025,1,2025-01-15,36.731937,10.238752,610607.51,4065851.06,1600,84.0,12.44,97.19,87.06,80.65,4.13,83.25,72.92,40.13,données du projet,42.89,56.12,63.48,77.03,37.16,54.163333333333355,66.36333333333333,32.95,53.28,53.28
EX24_Ben_Arous_2025_02,Ben Arous,Ben Arous,Nord-Est,2025,2,2025-02-15,36.746329,10.237214,610449.52,4067445.97,1600,84.0,14.99,101.66,84.28,70.16,15.2,79.19,66.76,42.67,données du projet,40.13,42.89,56.12,80.12,44.6,46.380000000000024,60.21333333333333,43.87,57.11,57.11
EX24_Ben_Arous_2025_03,Ben Arous,Ben Arous,Nord-Est,2025,3,2025-03-15,36.719719,10.228827,609738.62,4064484.3,1600,84.0,18.06,63.4,79.79,63.59,39.07,85.99,67.13,52.05,données du projet,42.67,40.13,42.89,78.54,59.7,41.8966666666667,53.971666666666664,71.13,66.48,66.48
EX24_Ben_Arous_2025_04,Ben Arous,Ben Arous,Nord-Est,2025,4,2025-04-15,36.758935,10.225671,609401.08,4068831.1,1600,84.0,23.39,78.26,77.83,61.74,39.71,91.37,53.09,59.69,données du projet,52.05,42.67,40.13,63.48,61.29,44.950000000000024,49.556666666666665,76.28,70.25,70.25
EX24_Ben_Arous_2025_05,Ben Arous,Ben Arous,Nord-Est,2025,5,2025-05-15,36.775041,10.183504,605615.06,4070570.45,1600,84.0,24.49,82.1,66.04,65.37,39.66,88.37,78.98,66.63,données du projet,59.69,52.05,42.67,56.12,65.33,51.47000000000003,48.925000000000004,75.36,82.86,82.86
EX24_Ben_Arous_2025_06,Ben Arous,Ben Arous,Nord-Est,2025,6,2025-06-15,36.787086,10.217723,608651.93,4071945.0,1600,84.0,28.67,6.89,57.0,49.23,73.07,100.0,87.66,73.17,données du projet,66.63,59.69,52.05,42.89,80.39,59.456666666666685,50.67666666666667,100.0,87.13,87.13
EX24_Ben_Arous_2025_07,Ben Arous,Ben Arous,Nord-Est,2025,7,2025-07-15,36.786897,10.177513,605064.23,4071879.15,1600,84.0,33.34,9.54,53.66,42.07,89.43,100.0,91.87,85.73,données du projet,73.17,66.63,59.69,40.13,77.03,66.49666666666668,55.723333333333336,77.79,77.01,77.01
EX24_Ben_Arous_2025_08,Ben Arous,Ben Arous,Nord-Est,2025,8,2025-08-15,36.691549,10.261617,612708.17,4061397.26,1600,84.0,31.26,7.27,62.15,34.61,85.11,96.73,88.58,88.66,données du projet,85.73,73.17,66.63,42.67,80.12,75.17666666666669,63.323333333333345,80.35,62.48,62.48
EX24_Ben_Arous_2025_09,Ben Arous,Ben Arous,Nord-Est,2025,9,2025-09-15,36.787371,10.239872,610627.84,4072002.0,1600,84.0,26.27,30.98,61.23,56.61,69.75,93.54,96.91,81.62,données du projet,88.66,85.73,73.17,52.05,78.54,82.52000000000002,70.98833333333333,74.95,51.46,51.46
EX24_Bizerte_2017_01,Bizerte,Bizerte,Nord,2017,1,2017-01-15,37.342499,9.900332,579748.13,4133248.04,350,70.0,12.79,67.98,73.89,68.16,17.59,69.43,9.16,34.92,données du projet,32.84,53.31,67.17,81.46,33.39,51.106666666666705,67.70833333333333,40.92,50.94,50.94
EX24_Bizerte_2017_02,Bizerte,Bizerte,Nord,2017,2,2017-02-15,37.290013,9.885205,578462.79,4127412.5,350,70.0,14.27,77.3,84.96,60.8,27.14,66.41,9.07,42.36,données du projet,34.92,32.84,53.31,91.31,32.51,40.3566666666667,59.95166666666666,42.17,57.47,57.47
EX24_Bizerte_2017_03,Bizerte,Bizerte,Nord,2017,3,2017-03-15,37.272656,9.877733,577818.3,4125480.72,350,70.0,19.68,47.41,67.98,63.64,31.52,75.89,10.32,48.38,données du projet,42.36,34.92,32.84,80.16,41.07,36.7066666666667,51.79333333333333,55.56,70.2,70.2
EX24_Bizerte_2017_04,Bizerte,Bizerte,Nord,2017,4,2017-04-15,37.290986,9.86715,576861.39,4127505.63,350,70.0,20.21,43.9,66.67,53.56,53.85,82.2,12.64,62.36,données du projet,48.38,42.36,34.92,67.17,56.58,41.88666666666669,46.49666666666667,59.73,76.56,76.56
EX24_Bizerte_2017_05,Bizerte,Bizerte,Nord,2017,5,2017-05-15,37.266454,9.880712,578088.79,4124795.11,350,70.0,22.85,45.54,59.84,45.95,67.91,75.6,26.17,67.29,données du projet,62.36,48.38,42.36,53.31,68.99,51.03333333333336,45.695,98.67,90.2,90.2
EX24_Bizerte_2017_06,Bizerte,Bizerte,Nord,2017,6,2017-06-15,37.292876,9.875296,577581.49,4127721.88,350,70.0,29.09,35.67,55.25,38.58,87.42,90.3,37.72,89.41,données du projet,67.29,62.36,48.38,32.84,84.93,59.34333333333336,48.025,95.4,88.95,88.95
EX24_Bizerte_2017_07,Bizerte,Bizerte,Nord,2017,7,2017-07-15,37.298306,9.874944,577544.73,4128324.01,350,70.0,30.05,19.32,51.9,38.17,100.0,90.17,31.54,92.32,données du projet,89.41,67.29,62.36,34.92,81.46,73.02000000000004,57.45333333333334,95.54,83.59,83.59
EX24_Bizerte_2017_08,Bizerte,Bizerte,Nord,2017,8,2017-08-15,37.285942,9.835483,574059.41,4126920.72,350,70.0,28.97,49.03,63.13,36.95,63.83,95.79,36.61,83.65,données du projet,92.32,89.41,67.29,42.36,91.31,83.0066666666667,67.02,73.44,75.09,75.09
EX24_Bizerte_2017_09,Bizerte,Bizerte,Nord,2017,9,2017-09-15,37.261619,9.89915,579728.81,4124274.07,350,70.0,25.58,49.73,58.75,51.75,78.69,81.09,50.32,90.83,données du projet,83.65,92.32,89.41,48.38,80.16,88.46000000000004,73.90166666666666,58.61,61.47,61.47
EX24_Bizerte_2017_10,Bizerte,Bizerte,Nord,2017,10,2017-10-15,37.339399,9.881301,578065.64,4132888.24,350,70.0,17.68,49.54,66.11,61.75,49.62,82.47,0.0,75.15,données du projet,90.83,83.65,92.32,62.36,67.17,88.93333333333335,80.97666666666666,61.38,45.52,45.52
EX24_Bizerte_2017_11,Bizerte,Bizerte,Nord,2017,11,2017-11-15,37.251463,9.975644,586523.36,4123214.56,350,70.0,13.38,64.98,81.29,62.7,36.48,68.02,11.39,60.77,données du projet,75.15,90.83,83.65,67.29,53.31,83.21000000000004,83.10833333333333,28.21,42.18,42.18
EX24_Bizerte_2017_12,Bizerte,Bizerte,Nord,2017,12,2017-12-15,37.242078,9.880373,578083.94,4122090.46,350,70.0,12.98,76.95,79.35,65.11,21.5,64.87,13.96,43.13,données du projet,60.77,75.15,90.83,89.41,32.84,75.58333333333337,82.02166666666666,31.83,44.64,44.64
EX24_Bizerte_2018_01,Bizerte,Bizerte,Nord,2018,1,2018-01-15,37.310972,9.905111,580204.94,4129754.37,350,70.0,10.67,82.87,85.2,69.22,28.84,73.78,13.56,38.64,données du projet,43.13,60.77,75.15,92.32,34.92,59.68333333333337,74.30833333333334,49.05,55.71,55.71
EX24_Bizerte_2018_02,Bizerte,Bizerte,Nord,2018,2,2018-02-15,37.287779,9.851026,575435.33,4127136.78,350,70.0,13.48,66.99,84.67,68.97,30.53,65.37,17.54,47.9,données du projet,38.64,43.13,60.77,83.65,42.36,47.51333333333337,65.36166666666666,51.12,64.03,64.03
EX24_Bizerte_2018_03,Bizerte,Bizerte,Nord,2018,3,2018-03-15,37.263114,9.843798,574819.07,4124394.66,350,70.0,17.61,44.84,74.16,68.28,33.61,66.23,9.75,52.42,données du projet,47.9,38.64,43.13,90.83,48.38,43.223333333333365,59.403333333333336,58.7,69.2,69.2
EX24_Bizerte_2018_04,Bizerte,Bizerte,Nord,2018,4,2018-04-15,37.239765,9.832908,573876.27,4121795.73,350,70.0,19.5,30.64,71.7,53.86,49.33,70.02,16.12,62.99,données du projet,52.42,47.9,38.64,75.15,62.36,46.32000000000003,53.00166666666667,72.99,72.1,72.1
EX24_Bizerte_2018_05,Bizerte,Bizerte,Nord,2018,5,2018-05-15,37.279122,9.865208,576701.3,4126187.79,350,70.0,25.71,17.03,61.4,43.01,80.53,72.73,10.15,67.69,données du projet,62.99,52.42,47.9,60.77,67.29,54.4366666666667,50.975,73.36,77.9,77.9
EX24_Bizerte_2018_06,Bizerte,Bizerte,Nord,2018,6,2018-06-15,37.254782,9.881323,578155.07,4123500.69,350,70.0,29.35,11.03,59.43,43.37,84.89,86.95,37.34,81.13,données du projet,67.69,62.99,52.42,43.13,89.41,61.03333333333336,52.12833333333333,66.81,80.5,80.5
EX24_Bizerte_2018_07,Bizerte,Bizerte,Nord,2018,7,2018-07-15,37.273737,9.858622,576122.88,4125585.1,350,70.0,30.76,31.72,49.52,40.62,97.9,86.96,53.72,78.34,données du projet,81.13,67.69,62.99,38.64,92.32,70.60333333333337,58.461666666666666,86.54,79.63,79.63
EX24_Bizerte_2018_08,Bizerte,Bizerte,Nord,2018,8,2018-08-15,37.295232,9.852566,575564.4,4127964.93,350,70.0,31.23,21.7,51.07,34.11,87.05,85.52,44.35,82.52,données du projet,78.34,81.13,67.69,47.9,83.65,75.72000000000003,65.07833333333333,54.54,67.56,67.56
EX24_Bizerte_2018_09,Bizerte,Bizerte,Nord,2018,9,2018-09-15,37.279907,9.864568,576643.76,4126274.36,350,70.0,26.98,16.53,58.77,40.25,67.39,83.69,36.76,77.1,données du projet,82.52,78.34,81.13,52.42,90.83,80.66333333333337,70.84833333333333,66.05,52.09,52.09
EX24_Bizerte_2018_10,Bizerte,Bizerte,Nord,2018,10,2018-10-15,37.301786,9.897491,579539.39,4128728.85,350,70.0,18.33,54.48,68.79,56.8,60.54,71.21,16.09,68.59,données du projet,77.1,82.52,78.34,62.99,75.15,79.32000000000004,74.96166666666666,52.64,44.09,44.09
EX24_Bizerte_2018_11,Bizerte,Bizerte,Nord,2018,11,2018-11-15,37.311722,9.863697,576534.33,4129803.24,350,70.0,17.69,61.5,78.06,63.15,27.12,69.19,29.21,50.41,données du projet,68.59,77.1,82.52,67.69,60.77,76.07000000000004,75.895,33.85,43.92,43.92
EX24_Bizerte_2018_12,Bizerte,Bizerte,Nord,2018,12,2018-12-15,37.269144,9.848152,575199.12,4125067.17,350,70.0,12.38,72.94,87.48,70.82,25.46,77.07,20.49,44.86,données du projet,50.41,68.59,77.1,81.13,43.13,65.3666666666667,73.015,32.98,34.85,34.85
EX24_Bizerte_2019_01,Bizerte,Bizerte,Nord,2019,1,2019-01-15,37.276159,9.843155,574749.19,4125841.44,350,70.0,15.09,80.12,87.57,67.29,25.69,68.48,8.23,34.8,données du projet,44.86,50.41,68.59,78.34,38.64,54.62000000000003,66.97000000000001,42.69,47.09,47.09
EX24_Bizerte_2019_02,Bizerte,Bizerte,Nord,2019,2,2019-02-15,37.277514,9.856949,575970.71,4126002.77,350,70.0,14.09,108.15,84.15,62.65,19.66,56.22,13.74,38.42,données du projet,34.8,44.86,50.41,82.52,47.9,43.356666666666705,59.71333333333333,41.94,49.8,49.8
EX24_Bizerte_2019_03,Bizerte,Bizerte,Nord,2019,3,2019-03-15,37.292368,9.922295,581747.88,4127705.22,350,70.0,20.05,59.42,79.72,51.62,47.1,73.08,24.17,43.81,données du projet,38.42,34.8,44.86,77.1,52.42,39.360000000000035,52.36333333333334,57.39,63.62,63.62
EX24_Bizerte_2019_04,Bizerte,Bizerte,Nord,2019,4,2019-04-15,37.296088,9.818167,572514.66,4128032.93,350,70.0,17.75,61.63,73.71,43.94,52.6,74.96,10.1,53.28,données du projet,43.81,38.42,34.8,68.59,62.99,39.01000000000003,46.815,54.56,74.07,74.07
EX24_Bizerte_2019_05,Bizerte,Bizerte,Nord,2019,5,2019-05-15,37.282682,9.906339,580343.88,4126616.86,350,70.0,27.68,30.84,64.04,50.5,74.28,88.85,13.14,64.37,données du projet,53.28,43.81,38.42,50.41,67.69,45.17000000000004,44.26333333333334,71.97,80.3,80.3
EX24_Bizerte_2019_06,Bizerte,Bizerte,Nord,2019,6,2019-06-15,37.298045,9.857052,575959.2,4128280.63,350,70.0,26.85,25.92,63.47,38.24,84.0,77.25,31.17,72.83,données du projet,64.37,53.28,43.81,44.86,81.13,53.82000000000003,46.589999999999996,69.98,81.98,81.98
EX24_Bizerte_2019_07,Bizerte,Bizerte,Nord,2019,7,2019-07-15,37.272545,9.847489,575136.97,4125443.9,350,70.0,34.28,8.08,53.17,31.67,99.02,83.99,25.54,87.63,données du projet,72.83,64.37,53.28,34.8,78.34,63.49333333333337,51.251666666666665,88.26,73.29,73.29
EX24_Bizerte_2019_08,Bizerte,Bizerte,Nord,2019,8,2019-08-15,37.244905,9.897016,579557.09,4122418.03,350,70.0,30.13,32.98,55.61,32.35,87.56,78.92,36.1,85.22,données du projet,87.63,72.83,64.37,38.42,82.52,74.94333333333337,60.056666666666665,68.66,67.69,67.69
EX24_Bizerte_2019_09,Bizerte,Bizerte,Nord,2019,9,2019-09-15,37.22755,9.884183,578436.94,4120481.89,350,70.0,27.05,29.91,59.8,57.11,68.69,80.55,28.57,66.81,données du projet,85.22,87.63,72.83,43.81,77.1,81.89333333333336,67.85666666666667,90.78,57.83,57.83
EX24_Bizerte_2019_10,Bizerte,Bizerte,Nord,2019,10,2019-10-15,37.30699,9.895687,579374.03,4129304.65,350,70.0,23.03,56.15,64.16,57.54,46.33,76.69,14.87,70.99,données du projet,66.81,85.22,87.63,53.28,68.59,79.8866666666667,71.69000000000001,46.78,45.58,45.58
EX24_Bizerte_2019_11,Bizerte,Bizerte,Nord,2019,11,2019-11-15,37.23721,9.905294,580299.47,4121571.22,350,70.0,16.83,65.02,74.78,68.3,44.63,79.49,23.07,53.8,données du projet,70.99,66.81,85.22,64.37,50.41,74.34000000000003,74.64166666666667,51.5,49.04,49.04
EX24_Bizerte_2019_12,Bizerte,Bizerte,Nord,2019,12,2019-12-15,37.209501,9.87175,577352.39,4118469.33,350,70.0,13.22,71.65,90.62,65.7,20.75,84.0,18.87,54.83,données du projet,53.8,70.99,66.81,72.83,44.86,63.8666666666667,72.88,50.39,45.55,45.55
EX24_Bizerte_2020_01,Bizerte,Bizerte,Nord,2020,1,2020-01-15,37.281941,9.904609,580191.25,4126533.25,350,70.0,11.15,74.85,74.04,70.5,32.32,70.06,3.45,45.63,données du projet,54.83,53.8,70.99,87.63,34.8,59.87333333333336,69.88,60.93,51.35,51.35
EX24_Bizerte_2020_02,Bizerte,Bizerte,Nord,2020,2,2020-02-15,37.326693,9.810079,571768.73,4131422.13,350,70.0,13.92,70.38,83.23,63.85,19.01,82.54,22.33,49.05,données du projet,45.63,54.83,53.8,85.22,38.42,51.42000000000004,62.88,27.67,61.89,61.89
EX24_Bizerte_2020_03,Bizerte,Bizerte,Nord,2020,3,2020-03-15,37.294605,9.868509,576978.18,4127908.19,350,70.0,17.97,50.71,78.18,52.32,42.75,71.37,37.53,44.27,données du projet,49.05,45.63,54.83,66.81,43.81,49.8366666666667,56.85166666666666,52.44,68.77,68.77
EX24_Bizerte_2020_04,Bizerte,Bizerte,Nord,2020,4,2020-04-15,37.24671,9.855212,575847.58,4122583.94,350,70.0,24.44,40.33,76.81,46.72,61.68,77.71,20.06,54.91,données du projet,44.27,49.05,45.63,70.99,53.28,46.3166666666667,53.095,75.05,79.03,79.03
EX24_Bizerte_2020_05,Bizerte,Bizerte,Nord,2020,5,2020-05-15,37.290721,9.854128,575707.38,4127465.73,350,70.0,27.53,34.4,66.95,47.46,76.78,90.88,19.69,65.94,données du projet,54.91,44.27,49.05,53.8,64.37,49.41000000000003,50.415,86.52,82.65,82.65
EX24_Bizerte_2020_06,Bizerte,Bizerte,Nord,2020,6,2020-06-15,37.265725,9.885086,578477.44,4124717.86,350,70.0,30.43,19.28,61.0,40.32,86.94,79.83,44.63,79.71,données du projet,65.94,54.91,44.27,54.83,72.83,55.04000000000003,52.43833333333333,91.04,84.11,84.11
EX24_Bizerte_2020_07,Bizerte,Bizerte,Nord,2020,7,2020-07-15,37.241398,9.864819,576705.02,4122002.36,350,70.0,31.21,0.0,46.84,41.02,88.19,87.45,25.21,89.53,données du projet,79.71,65.94,54.91,45.63,87.63,66.85333333333337,56.585,77.3,77.58,77.58
EX24_Bizerte_2020_08,Bizerte,Bizerte,Nord,2020,8,2020-08-15,37.274975,9.869643,577098.67,4125731.35,350,70.0,29.49,6.92,50.35,34.76,88.29,91.46,36.8,84.58,données du projet,89.53,79.71,65.94,49.05,85.22,78.39333333333336,63.901666666666664,64.3,68.09,68.09
EX24_Bizerte_2020_09,Bizerte,Bizerte,Nord,2020,9,2020-09-15,37.198405,9.872289,577411.52,4117238.68,350,70.0,25.59,50.78,68.7,49.59,74.73,89.16,30.5,82.0,données du projet,84.58,89.53,79.71,44.27,66.81,84.6066666666667,69.82333333333334,61.73,54.64,54.64
EX24_Bizerte_2020_10,Bizerte,Bizerte,Nord,2020,10,2020-10-15,37.289518,9.891333,579006.46,4127362.68,350,70.0,20.63,47.41,75.62,61.41,48.7,72.63,20.36,65.12,données du projet,82.0,84.58,89.53,54.91,70.99,85.37000000000005,76.11166666666666,52.5,53.08,53.08
EX24_Bizerte_2020_11,Bizerte,Bizerte,Nord,2020,11,2020-11-15,37.314338,9.854783,575741.79,4130086.3,350,70.0,14.35,72.28,75.58,67.31,35.31,74.78,10.31,58.66,données du projet,65.12,82.0,84.58,65.94,53.8,77.23333333333336,77.81333333333333,59.87,47.03,47.03
EX24_Bizerte_2020_12,Bizerte,Bizerte,Nord,2020,12,2020-12-15,37.244212,9.890049,578939.9,4122335.24,350,70.0,10.69,85.29,85.75,67.55,24.16,67.37,16.45,48.08,données du projet,58.66,65.12,82.0,79.71,54.83,68.59333333333336,76.6,54.0,40.48,40.48
EX24_Bizerte_2021_01,Bizerte,Bizerte,Nord,2021,1,2021-01-15,37.297291,9.864899,576655.47,4128203.25,350,70.0,10.02,62.53,81.7,58.94,23.28,70.7,9.66,40.31,données du projet,48.08,58.66,65.12,89.53,45.63,57.2866666666667,71.32833333333333,32.5,45.11,45.11
EX24_Bizerte_2021_02,Bizerte,Bizerte,Nord,2021,2,2021-02-15,37.270482,9.887563,578692.14,4125247.65,350,70.0,13.24,62.49,82.48,67.81,27.51,70.34,11.1,37.11,données du projet,40.31,48.08,58.66,84.58,49.05,49.0166666666667,63.125,35.59,56.91,56.91
EX24_Bizerte_2021_03,Bizerte,Bizerte,Nord,2021,3,2021-03-15,37.265078,9.872895,577397.17,4124636.01,350,70.0,14.89,86.59,79.33,60.34,43.82,70.61,26.76,47.62,données du projet,37.11,40.31,48.08,82.0,44.27,41.833333333333364,55.21333333333333,51.97,61.01,61.01
EX24_Bizerte_2021_04,Bizerte,Bizerte,Nord,2021,4,2021-04-15,37.228236,9.917837,581421.74,4120586.38,350,70.0,21.97,63.55,63.33,48.69,51.24,85.63,31.05,53.96,données du projet,47.62,37.11,40.31,65.12,54.91,41.680000000000035,49.48333333333333,46.77,66.14,66.14
EX24_Bizerte_2021_05,Bizerte,Bizerte,Nord,2021,5,2021-05-15,37.247613,9.839029,574411.44,4122671.25,350,70.0,25.25,32.28,63.12,51.36,65.22,92.46,4.85,60.66,données du projet,53.96,47.62,37.11,58.66,65.94,46.23000000000004,47.623333333333335,76.0,82.52,82.52
EX24_Bizerte_2021_06,Bizerte,Bizerte,Nord,2021,6,2021-06-15,37.305608,9.914463,581039.45,4129167.33,350,70.0,26.5,26.16,49.49,44.17,83.06,97.41,38.77,74.46,données du projet,60.66,53.96,47.62,48.08,79.71,54.080000000000034,47.95666666666667,80.6,81.86,81.86
EX24_Bizerte_2021_07,Bizerte,Bizerte,Nord,2021,7,2021-07-15,37.286166,9.924336,581935.47,4127018.9,350,70.0,31.73,0.0,47.7,43.64,91.84,90.13,24.18,80.01,données du projet,74.46,60.66,53.96,40.31,89.53,63.0266666666667,52.35333333333333,70.95,73.55,73.55
EX24_Bizerte_2021_08,Bizerte,Bizerte,Nord,2021,8,2021-08-15,37.265141,9.884818,578454.24,4124652.82,350,70.0,27.96,49.84,53.53,38.84,82.25,88.13,47.57,77.24,données du projet,80.01,74.46,60.66,37.11,84.58,71.71000000000004,58.97,74.57,65.59,65.59
EX24_Bizerte_2021_09,Bizerte,Bizerte,Nord,2021,9,2021-09-15,37.257579,9.868619,577025.61,4123800.54,350,70.0,26.68,24.01,58.72,51.57,72.83,90.24,49.28,77.16,données du projet,77.24,80.01,74.46,47.62,82.0,77.2366666666667,65.65833333333333,55.78,54.56,54.56
EX24_Bizerte_2021_10,Bizerte,Bizerte,Nord,2021,10,2021-10-15,37.287683,9.865171,576689.29,4127137.58,350,70.0,20.28,59.78,72.33,54.84,42.91,70.88,21.75,64.12,données du projet,77.16,77.24,80.01,53.96,65.12,78.1366666666667,70.58166666666666,63.56,45.47,45.47
EX24_Bizerte_2021_11,Bizerte,Bizerte,Nord,2021,11,2021-11-15,37.292253,9.895993,579416.68,4127669.94,350,70.0,13.88,62.81,82.61,71.18,45.32,71.09,23.03,53.59,données du projet,64.12,77.16,77.24,60.66,58.66,72.84000000000003,72.27499999999999,52.73,35.31,35.31
EX24_Bizerte_2021_12,Bizerte,Bizerte,Nord,2021,12,2021-12-15,37.272581,9.866187,576794.71,4125462.88,350,70.0,13.89,84.55,79.46,62.57,25.04,71.37,13.47,40.09,données du projet,53.59,64.12,77.16,74.46,48.08,64.9566666666667,71.09666666666668,44.71,38.89,38.89
EX24_Bizerte_2022_01,Bizerte,Bizerte,Nord,2022,1,2022-01-15,37.285121,9.842619,574692.78,4126835.21,350,70.0,7.38,88.64,79.26,82.43,19.61,67.52,12.43,40.57,données du projet,40.09,53.59,64.12,80.01,40.31,52.600000000000044,65.36833333333333,39.76,49.83,49.83
EX24_Bizerte_2022_02,Bizerte,Bizerte,Nord,2022,2,2022-02-15,37.33631,9.84302,574677.67,4132514.55,350,70.0,13.19,69.26,87.39,66.42,23.2,72.79,4.17,33.78,données du projet,40.57,40.09,53.59,77.24,37.11,44.750000000000036,58.794999999999995,53.95,57.42,57.42
EX24_Bizerte_2022_03,Bizerte,Bizerte,Nord,2022,3,2022-03-15,37.266045,9.880428,578064.1,4124749.51,350,70.0,17.51,61.12,74.84,58.72,42.09,64.99,21.32,53.1,données du projet,33.78,40.57,40.09,77.16,47.62,38.146666666666704,51.55166666666667,47.47,71.86,71.86
EX24_Bizerte_2022_04,Bizerte,Bizerte,Nord,2022,4,2022-04-15,37.31794,9.873638,577408.82,4130501.23,350,70.0,21.62,83.3,67.96,39.26,61.03,86.41,13.85,61.21,données du projet,53.1,33.78,40.57,64.12,53.96,42.48333333333337,47.541666666666664,79.22,75.83,75.83
EX24_Bizerte_2022_05,Bizerte,Bizerte,Nord,2022,5,2022-05-15,37.266105,9.830002,573592.86,4124715.74,350,70.0,28.3,45.08,66.56,50.89,79.2,83.51,10.31,69.93,données du projet,61.21,53.1,33.78,53.59,60.66,49.36333333333337,47.05666666666667,78.73,89.3,89.3
EX24_Bizerte_2022_06,Bizerte,Bizerte,Nord,2022,6,2022-06-15,37.282338,9.856236,575902.67,4126537.41,350,70.0,30.8,13.69,53.29,43.26,85.23,87.02,29.57,83.34,données du projet,69.93,61.21,53.1,40.09,74.46,61.41333333333338,49.78,87.77,86.77,86.77
EX24_Bizerte_2022_07,Bizerte,Bizerte,Nord,2022,7,2022-07-15,37.284253,9.898902,579682.91,4126784.9,350,70.0,32.05,36.19,52.18,41.71,96.88,96.52,34.35,84.61,données du projet,83.34,69.93,61.21,40.57,80.01,71.49333333333337,56.988333333333344,100.0,83.23,83.23
EX24_Bizerte_2022_08,Bizerte,Bizerte,Nord,2022,8,2022-08-15,37.256037,9.874501,577548.81,4123634.24,350,70.0,30.24,17.5,53.35,41.37,87.15,83.63,38.25,97.42,données du projet,84.61,83.34,69.93,33.78,77.24,79.29333333333336,64.32833333333333,70.87,68.17,68.17
EX24_Bizerte_2022_09,Bizerte,Bizerte,Nord,2022,9,2022-09-15,37.217216,9.85982,576286.04,4119315.46,350,70.0,28.34,44.85,60.74,45.53,69.59,85.56,57.14,86.67,données du projet,97.42,84.61,83.34,53.1,77.16,88.4566666666667,74.935,61.08,51.45,51.45
EX24_Bizerte_2022_10,Bizerte,Bizerte,Nord,2022,10,2022-10-15,37.294297,9.882265,578197.69,4127885.32,350,70.0,21.65,42.87,70.67,50.28,56.16,81.66,16.92,67.17,données du projet,86.67,97.42,84.61,61.21,64.12,89.5666666666667,80.53,59.74,47.28,47.28
EX24_Bizerte_2022_11,Bizerte,Bizerte,Nord,2022,11,2022-11-15,37.313437,9.909677,580606.92,4130031.81,350,70.0,14.71,56.79,76.49,66.42,41.76,75.16,15.27,49.31,données du projet,67.17,86.67,97.42,69.93,53.59,83.75333333333337,81.52333333333333,46.23,49.28,49.28
EX24_Bizerte_2022_12,Bizerte,Bizerte,Nord,2022,12,2022-12-15,37.304001,9.950195,584207.84,4129020.27,350,70.0,14.0,71.26,80.98,71.97,32.68,66.9,10.72,48.01,données du projet,49.31,67.17,86.67,83.34,40.09,67.71666666666671,78.08666666666666,42.12,52.9,52.9
EX24_Bizerte_2023_01,Bizerte,Bizerte,Nord,2023,1,2023-01-15,37.263437,9.915459,581173.01,4124489.61,350,70.0,12.6,69.6,84.94,68.83,27.49,73.04,24.37,45.28,données du projet,48.01,49.31,67.17,84.61,40.57,54.83000000000004,72.19833333333334,69.19,58.04,58.04
EX24_Bizerte_2023_02,Bizerte,Bizerte,Nord,2023,2,2023-02-15,37.279446,9.894359,579285.29,4126247.76,350,70.0,13.82,73.7,81.56,63.37,31.78,63.36,14.19,51.15,données du projet,45.28,48.01,49.31,97.42,33.78,47.53333333333337,65.64333333333333,42.06,57.14,57.14
EX24_Bizerte_2023_03,Bizerte,Bizerte,Nord,2023,3,2023-03-15,37.279277,9.850801,575423.88,4126193.4,350,70.0,17.74,59.36,75.18,64.53,43.69,83.45,24.41,54.08,données du projet,51.15,45.28,48.01,86.67,53.1,48.146666666666704,57.93166666666667,50.42,70.27,70.27
EX24_Bizerte_2023_04,Bizerte,Bizerte,Nord,2023,4,2023-04-15,37.331854,9.848628,575178.87,4132024.68,350,70.0,20.2,44.76,70.4,63.62,56.29,89.86,13.84,57.5,données du projet,54.08,51.15,45.28,67.17,61.21,50.17000000000004,52.5,67.08,81.98,81.98
EX24_Bizerte_2023_05,Bizerte,Bizerte,Nord,2023,5,2023-05-15,37.307032,9.837461,574214.0,4129262.04,350,70.0,26.47,37.46,66.25,43.82,81.46,92.61,12.74,64.4,données du projet,57.5,54.08,51.15,49.31,69.93,54.243333333333375,50.88833333333333,73.58,85.55,85.55
EX24_Bizerte_2023_06,Bizerte,Bizerte,Nord,2023,6,2023-06-15,37.252753,9.854659,575792.52,4123253.88,350,70.0,30.23,18.86,57.44,42.46,94.35,100.0,46.18,84.02,données du projet,64.4,57.5,54.08,48.01,83.34,58.660000000000046,53.403333333333336,94.37,89.13,89.13
EX24_Bizerte_2023_07,Bizerte,Bizerte,Nord,2023,7,2023-07-15,37.276985,9.840823,574541.62,4125931.27,350,70.0,31.03,7.15,53.28,34.33,86.14,89.92,49.36,85.96,données du projet,84.02,64.4,57.5,45.28,84.61,68.64000000000004,59.405,88.05,88.81,88.81
EX24_Bizerte_2023_08,Bizerte,Bizerte,Nord,2023,8,2023-08-15,37.246846,9.872771,577404.79,4122613.16,350,70.0,30.29,8.17,56.03,37.57,91.72,88.84,40.39,94.37,données du projet,85.96,84.02,64.4,51.15,97.42,78.12666666666671,66.18499999999999,86.72,73.59,73.59
EX24_Bizerte_2023_09,Bizerte,Bizerte,Nord,2023,9,2023-09-15,37.226345,9.889431,578903.72,4120352.51,350,70.0,27.11,23.3,59.68,42.15,86.16,94.89,41.53,89.38,données du projet,94.37,85.96,84.02,54.08,86.67,88.11666666666672,73.38833333333334,72.65,57.97,57.97
EX24_Bizerte_2023_10,Bizerte,Bizerte,Nord,2023,10,2023-10-15,37.324105,9.800733,570943.13,4131128.02,350,70.0,18.56,76.84,73.78,55.73,59.52,77.09,19.68,76.97,données du projet,89.38,94.37,85.96,57.5,67.17,89.90333333333338,79.27166666666666,64.01,50.12,50.12
EX24_Bizerte_2023_11,Bizerte,Bizerte,Nord,2023,11,2023-11-15,37.340986,9.885885,578470.06,4133068.13,350,70.0,15.51,72.02,82.6,66.3,48.36,75.87,7.16,58.86,données du projet,76.97,89.38,94.37,64.4,49.31,86.90666666666671,82.51666666666667,46.32,48.72,48.72
EX24_Bizerte_2023_12,Bizerte,Bizerte,Nord,2023,12,2023-12-15,37.23045,9.833029,573896.1,4120762.42,350,70.0,9.5,73.15,84.22,68.2,16.61,78.76,12.26,49.85,données du projet,58.86,76.97,89.38,84.02,48.01,75.07000000000004,81.59333333333332,21.05,52.27,52.27
EX24_Bizerte_2024_01,Bizerte,Bizerte,Nord,2024,1,2024-01-15,37.310727,9.931158,582513.37,4129749.63,350,70.0,13.14,70.44,85.24,69.96,26.48,71.94,25.09,41.73,données du projet,49.85,58.86,76.97,85.96,45.28,61.89333333333337,75.89833333333333,38.54,66.27,66.27
EX24_Bizerte_2024_02,Bizerte,Bizerte,Nord,2024,2,2024-02-15,37.289583,9.87158,577255.48,4127353.58,350,70.0,15.03,66.33,81.82,66.98,28.1,75.81,14.62,51.21,données du projet,41.73,49.85,58.86,94.37,51.15,50.146666666666704,68.52666666666667,55.2,74.21,74.21
EX24_Bizerte_2024_03,Bizerte,Bizerte,Nord,2024,3,2024-03-15,37.221382,9.808054,571689.12,4119737.2,350,70.0,19.45,42.24,86.79,52.38,54.25,74.51,7.22,72.55,données du projet,51.21,41.73,49.85,89.38,54.08,47.5966666666667,61.333333333333336,75.01,72.85,72.85
EX24_Bizerte_2024_04,Bizerte,Bizerte,Nord,2024,4,2024-04-15,37.297748,9.879603,577958.17,4128265.98,350,70.0,23.47,45.86,71.14,57.72,54.54,76.55,21.96,64.67,données du projet,72.55,51.21,41.73,76.97,57.5,55.16333333333338,58.528333333333336,84.43,88.73,88.73
EX24_Bizerte_2024_05,Bizerte,Bizerte,Nord,2024,5,2024-05-15,37.288282,9.874039,577474.8,4127211.18,350,70.0,26.41,36.2,61.79,44.52,78.44,87.88,22.1,79.46,données du projet,64.67,72.55,51.21,58.86,64.4,62.81000000000004,56.47833333333333,74.94,87.43,87.43
EX24_Bizerte_2024_06,Bizerte,Bizerte,Nord,2024,6,2024-06-15,37.276335,9.858041,576068.74,4125872.82,350,70.0,27.88,25.05,62.51,33.59,89.32,85.37,31.74,81.09,données du projet,79.46,64.67,72.55,49.85,84.02,72.2266666666667,59.91166666666666,89.41,95.47,95.47
EX24_Bizerte_2024_07,Bizerte,Bizerte,Nord,2024,7,2024-07-15,37.275485,9.886477,578590.58,4125801.79,350,70.0,32.26,23.51,52.82,38.4,94.21,94.3,53.18,93.35,données du projet,81.09,79.46,64.67,41.73,85.96,75.07333333333338,65.11833333333334,82.61,82.51,82.51
EX24_Bizerte_2024_08,Bizerte,Bizerte,Nord,2024,8,2024-08-15,37.264316,9.837019,574216.79,4124522.68,350,70.0,31.96,25.88,50.07,46.68,92.52,84.37,39.68,98.17,données du projet,93.35,81.09,79.46,51.21,94.37,84.63333333333337,73.72166666666666,81.83,72.06,72.06
EX24_Bizerte_2024_09,Bizerte,Bizerte,Nord,2024,9,2024-09-15,37.229793,9.87315,577455.88,4120721.68,350,70.0,24.27,20.04,61.97,43.95,64.23,86.51,39.91,84.94,données du projet,98.17,93.35,81.09,72.55,89.38,90.87000000000005,81.54833333333333,68.3,54.77,54.77
EX24_Bizerte_2024_10,Bizerte,Bizerte,Nord,2024,10,2024-10-15,37.279162,9.850433,575391.41,4126180.36,350,70.0,20.45,51.46,66.49,60.89,46.41,70.82,9.54,66.32,données du projet,84.94,98.17,93.35,64.67,76.97,92.15333333333338,83.61333333333333,50.68,52.99,52.99
EX24_Bizerte_2024_11,Bizerte,Bizerte,Nord,2024,11,2024-11-15,37.295599,9.912621,580886.89,4128055.34,350,70.0,17.81,83.49,83.44,56.87,34.83,71.97,13.0,57.16,données du projet,66.32,84.94,98.17,79.46,58.86,83.14333333333337,83.88833333333334,51.66,51.94,51.94
EX24_Bizerte_2024_12,Bizerte,Bizerte,Nord,2024,12,2024-12-15,37.270572,9.888587,578782.83,4125258.49,350,70.0,12.33,86.18,86.57,59.07,33.64,87.11,21.71,46.75,données du projet,57.16,66.32,84.94,81.09,49.85,69.47333333333337,80.17166666666667,56.83,46.39,46.39
EX24_Bizerte_2025_01,Bizerte,Bizerte,Nord,2025,1,2025-01-15,37.306805,9.864122,576576.91,4129258.09,350,70.0,9.49,64.03,83.4,75.47,25.68,72.02,3.66,44.74,données du projet,46.75,57.16,66.32,93.35,41.73,56.743333333333375,74.44833333333332,44.99,54.72,54.72
EX24_Bizerte_2025_02,Bizerte,Bizerte,Nord,2025,2,2025-02-15,37.299356,9.872095,577291.1,4128438.21,350,70.0,13.33,76.41,81.24,62.98,22.35,79.39,14.15,48.18,données du projet,44.74,46.75,57.16,98.17,51.21,49.55000000000004,66.34666666666666,56.6,70.46,70.46
EX24_Bizerte_2025_03,Bizerte,Bizerte,Nord,2025,3,2025-03-15,37.261639,9.869616,577109.85,4124251.8,350,70.0,14.97,61.24,77.36,53.95,32.71,72.0,17.53,55.24,données du projet,48.18,44.74,46.75,84.94,72.55,46.55666666666671,58.01499999999999,73.48,80.45,80.45
EX24_Bizerte_2025_04,Bizerte,Bizerte,Nord,2025,4,2025-04-15,37.329967,9.872098,577260.07,4131834.29,350,70.0,22.04,63.5,69.24,63.22,59.07,76.47,0.07,67.68,données du projet,55.24,48.18,44.74,66.32,64.67,49.38666666666671,53.065,100.0,87.97,87.97
EX24_Bizerte_2025_05,Bizerte,Bizerte,Nord,2025,5,2025-05-15,37.290717,9.893927,579235.18,4127497.82,350,70.0,25.36,24.28,62.8,49.34,79.1,84.69,23.34,83.66,données du projet,67.68,55.24,48.18,57.16,79.46,57.03333333333338,53.291666666666664,100.0,87.4,87.4
EX24_Bizerte_2025_06,Bizerte,Bizerte,Nord,2025,6,2025-06-15,37.27312,9.922188,581759.24,4125569.65,350,70.0,29.52,15.84,52.39,38.0,87.03,97.05,38.92,87.28,données du projet,83.66,67.68,55.24,46.75,81.09,68.86000000000006,57.708333333333336,85.48,83.71,83.71
EX24_Bizerte_2025_07,Bizerte,Bizerte,Nord,2025,7,2025-07-15,37.278625,9.845171,574925.48,4126116.62,350,70.0,30.52,9.73,47.21,32.58,73.58,98.86,45.13,86.55,données du projet,87.28,83.66,67.68,44.74,93.35,79.54000000000003,64.46333333333334,79.06,81.95,81.95
EX24_Bizerte_2025_08,Bizerte,Bizerte,Nord,2025,8,2025-08-15,37.260011,9.895829,579436.02,4124092.89,350,70.0,28.83,22.08,50.88,46.63,89.35,92.63,34.2,81.04,données du projet,86.55,87.28,83.66,48.18,98.17,85.83000000000004,71.43166666666667,76.04,73.5,73.5
EX24_Bizerte_2025_09,Bizerte,Bizerte,Nord,2025,9,2025-09-15,37.303843,9.888505,578740.84,4128949.5,350,70.0,23.91,40.77,51.95,55.75,73.53,88.97,34.14,83.32,données du projet,81.04,86.55,87.28,55.24,84.94,84.9566666666667,76.90833333333335,75.61,64.99,64.99
EX24_Gabes_2017_01,Gabes,Gabes,Sud-Est,2017,1,2017-01-15,33.914407,10.140253,605408.03,3753250.9,220,56.0,16.03,48.65,75.69,59.07,34.37,57.34,34.77,41.68,données du projet,45.53,51.09,62.6,83.99,35.01,53.07333333333338,68.965,41.26,53.95,53.95
EX24_Gabes_2017_02,Gabes,Gabes,Sud-Est,2017,2,2017-02-15,33.862549,10.051899,597298.9,3747413.51,220,56.0,18.34,42.55,63.91,55.23,45.2,68.47,42.19,42.0,données du projet,41.68,45.53,51.09,85.66,40.3,46.100000000000044,61.913333333333334,39.5,69.47,69.47
EX24_Gabes_2017_03,Gabes,Gabes,Sud-Est,2017,3,2017-03-15,33.887514,10.092844,601056.95,3750221.23,220,56.0,24.44,43.36,63.12,37.4,63.64,60.53,41.85,59.99,données du projet,42.0,41.68,45.53,84.92,41.62,43.07000000000005,54.63666666666668,64.99,79.25,79.25
EX24_Gabes_2017_04,Gabes,Gabes,Sud-Est,2017,4,2017-04-15,33.942867,10.079148,599725.85,3756345.6,220,56.0,24.47,54.72,50.76,46.58,70.93,70.57,39.14,68.92,données du projet,59.99,42.0,41.68,62.6,67.43,47.89000000000004,50.481666666666676,60.11,93.17,93.17
EX24_Gabes_2017_05,Gabes,Gabes,Sud-Est,2017,5,2017-05-15,33.847967,10.080091,599923.65,3745823.66,220,56.0,32.74,21.63,50.67,30.22,80.59,74.43,39.23,80.04,données du projet,68.92,59.99,42.0,51.09,74.53,56.97000000000005,51.535000000000004,100.0,96.06,96.06
EX24_Gabes_2017_06,Gabes,Gabes,Sud-Est,2017,6,2017-06-15,33.846179,10.043955,596582.49,3745590.89,220,56.0,34.13,12.65,48.62,29.52,93.64,75.71,78.29,92.74,données du projet,80.04,68.92,59.99,45.53,82.63,69.65000000000005,56.36000000000001,98.97,90.16,90.16
EX24_Gabes_2017_07,Gabes,Gabes,Sud-Est,2017,7,2017-07-15,33.87599,10.103322,602039.61,3748953.79,220,56.0,35.64,10.87,44.02,17.17,100.0,81.49,65.46,97.06,données du projet,92.74,80.04,68.92,41.68,83.99,80.5666666666667,64.22833333333334,89.65,80.48,80.48
EX24_Gabes_2017_08,Gabes,Gabes,Sud-Est,2017,8,2017-08-15,33.890471,10.101147,601821.24,3750557.39,220,56.0,36.65,33.95,35.42,35.2,91.65,84.12,71.69,96.41,données du projet,97.06,92.74,80.04,42.0,85.66,89.94666666666672,73.45833333333333,79.7,67.32,67.32
EX24_Gabes_2017_09,Gabes,Gabes,Sud-Est,2017,9,2017-09-15,33.908179,10.105661,602217.58,3752525.41,220,56.0,30.68,11.75,46.17,37.29,79.81,72.38,65.11,81.26,données du projet,96.41,97.06,92.74,59.99,84.92,95.40333333333338,82.52666666666666,68.16,51.87,51.87
EX24_Gabes_2017_10,Gabes,Gabes,Sud-Est,2017,10,2017-10-15,33.872252,10.016065,593973.47,3748456.08,220,56.0,26.04,35.23,59.3,31.53,56.8,70.36,47.61,62.9,données du projet,81.26,96.41,97.06,68.92,62.6,91.57666666666671,86.07166666666666,58.63,54.57,54.57
EX24_Gabes_2017_11,Gabes,Gabes,Sud-Est,2017,11,2017-11-15,33.895402,10.127947,604293.49,3751131.04,220,56.0,20.47,39.93,75.14,53.66,49.48,56.5,43.37,57.12,données du projet,62.9,81.26,96.41,80.04,51.09,80.19000000000004,85.06833333333334,56.29,43.89,43.89
EX24_Gabes_2017_12,Gabes,Gabes,Sud-Est,2017,12,2017-12-15,33.892695,10.116417,603230.62,3750819.17,220,56.0,16.53,79.77,68.36,54.1,14.99,64.32,48.89,50.19,données du projet,57.12,62.9,81.26,92.74,45.53,67.09333333333338,81.24833333333333,42.56,44.58,44.58
EX24_Gabes_2018_01,Gabes,Gabes,Sud-Est,2018,1,2018-01-15,33.825052,10.113466,603038.99,3743315.72,220,56.0,21.35,68.15,76.73,57.47,28.69,47.41,49.72,47.82,données du projet,50.19,57.12,62.9,97.06,41.68,56.736666666666714,74.15666666666667,48.12,54.02,54.02
EX24_Gabes_2018_02,Gabes,Gabes,Sud-Est,2018,2,2018-02-15,33.906302,10.135322,604962.12,3752347.12,220,56.0,21.4,53.45,66.84,60.82,37.96,74.94,47.07,48.38,données du projet,47.82,50.19,57.12,96.41,42.0,51.71000000000004,65.95,52.03,57.45,57.45
EX24_Gabes_2018_03,Gabes,Gabes,Sud-Est,2018,3,2018-03-15,33.913548,10.098801,601576.92,3753113.86,220,56.0,24.16,40.12,57.03,48.07,57.27,72.21,39.2,48.38,données du projet,48.38,47.82,50.19,81.26,59.99,48.79666666666672,57.94499999999999,69.41,68.16,68.16
EX24_Gabes_2018_04,Gabes,Gabes,Sud-Est,2018,4,2018-04-15,33.885595,10.091033,600891.71,3750006.76,220,56.0,27.71,44.44,49.29,32.46,71.96,71.9,41.4,60.02,données du projet,48.38,48.38,47.82,62.9,68.92,48.193333333333385,52.464999999999996,75.64,77.93,77.93
EX24_Gabes_2018_05,Gabes,Gabes,Sud-Est,2018,5,2018-05-15,33.851589,10.074607,599412.12,3746220.04,220,56.0,31.42,6.31,52.47,27.56,79.28,63.32,42.19,68.98,données du projet,60.02,48.38,48.38,57.12,80.04,52.26000000000005,51.98500000000001,88.44,76.26,76.26
EX24_Gabes_2018_06,Gabes,Gabes,Sud-Est,2018,6,2018-06-15,33.847357,10.144416,605875.7,3745820.38,220,56.0,40.0,29.08,48.1,27.64,95.73,84.77,69.85,80.51,données du projet,68.98,60.02,48.38,50.19,92.74,59.12666666666672,53.961666666666666,81.06,77.68,77.68
EX24_Gabes_2018_07,Gabes,Gabes,Sud-Est,2018,7,2018-07-15,33.825771,10.103199,602088.0,3743385.19,220,56.0,37.26,36.89,41.72,23.96,98.44,85.14,57.72,74.46,données du projet,80.51,68.98,60.02,47.82,97.06,69.83666666666672,59.01500000000001,60.75,79.16,79.16
EX24_Gabes_2018_08,Gabes,Gabes,Sud-Est,2018,8,2018-08-15,33.874415,10.10558,602250.36,3748781.41,220,56.0,39.15,4.11,38.03,18.92,100.0,76.51,79.09,75.32,données du projet,74.46,80.51,68.98,48.38,96.41,74.65000000000005,63.455000000000005,88.83,76.67,76.67
EX24_Gabes_2018_09,Gabes,Gabes,Sud-Est,2018,9,2018-09-15,33.832307,10.109457,602659.33,3744116.21,220,56.0,35.91,19.63,47.49,42.21,82.45,65.72,71.32,89.42,données du projet,75.32,74.46,80.51,48.38,81.26,76.76333333333338,67.94500000000001,70.09,62.75,62.75
EX24_Gabes_2018_10,Gabes,Gabes,Sud-Est,2018,10,2018-10-15,33.864545,10.110125,602682.49,3747691.52,220,56.0,26.56,26.03,59.28,39.24,68.27,71.51,56.61,72.98,données du projet,89.42,75.32,74.46,60.02,62.9,79.73333333333338,74.78500000000001,51.13,52.7,52.7
EX24_Gabes_2018_11,Gabes,Gabes,Sud-Est,2018,11,2018-11-15,33.916987,10.026265,594867.4,3753425.78,220,56.0,22.04,73.65,63.19,48.38,44.53,64.4,52.48,61.7,données du projet,72.98,89.42,75.32,68.98,57.12,79.24000000000005,76.945,50.3,43.05,43.05
EX24_Gabes_2018_12,Gabes,Gabes,Sud-Est,2018,12,2018-12-15,33.870826,10.105332,602231.72,3748383.16,220,56.0,17.46,50.26,66.61,44.42,36.56,44.35,51.37,47.71,données du projet,61.7,72.98,89.42,80.51,50.19,74.70000000000005,75.73166666666667,53.83,45.33,45.33
EX24_Gabes_2019_01,Gabes,Gabes,Sud-Est,2019,1,2019-01-15,33.889369,10.159659,607233.41,3750494.64,220,56.0,19.46,82.85,67.02,64.32,22.34,62.24,59.8,44.55,données du projet,47.71,61.7,72.98,74.46,47.82,60.79666666666672,70.265,39.89,53.65,53.65
EX24_Gabes_2019_02,Gabes,Gabes,Sud-Est,2019,2,2019-02-15,33.892298,10.077975,599676.33,3750737.21,220,56.0,19.81,36.21,74.66,57.96,46.75,63.75,80.35,42.52,données du projet,44.55,47.71,61.7,75.32,48.38,51.32000000000005,65.28,52.95,65.44,65.44
EX24_Gabes_2019_03,Gabes,Gabes,Sud-Est,2019,3,2019-03-15,33.83484,10.132108,604752.22,3744419.84,220,56.0,23.16,71.42,60.67,47.26,37.79,74.49,50.52,55.6,données du projet,42.52,44.55,47.71,89.42,48.38,44.92666666666671,59.81333333333333,69.99,73.09,73.09
EX24_Gabes_2019_04,Gabes,Gabes,Sud-Est,2019,4,2019-04-15,33.856275,10.152544,606616.61,3746817.71,220,56.0,27.41,26.48,56.09,33.04,74.09,70.13,51.2,62.85,données du projet,55.6,42.52,44.55,72.98,60.02,47.55666666666671,54.17666666666667,67.57,79.53,79.53
EX24_Gabes_2019_05,Gabes,Gabes,Sud-Est,2019,5,2019-05-15,33.822534,10.100133,601808.09,3743023.26,220,56.0,31.24,38.73,46.86,31.85,68.67,77.65,36.85,72.51,données du projet,62.85,55.6,42.52,61.7,68.98,53.656666666666716,52.48833333333334,88.81,91.0,91.0
EX24_Gabes_2019_06,Gabes,Gabes,Sud-Est,2019,6,2019-06-15,33.872305,10.065746,598568.5,3748508.51,220,56.0,35.26,26.38,50.15,34.88,81.28,65.33,80.78,85.68,données du projet,72.51,62.85,55.6,47.71,80.51,63.653333333333386,54.29,73.36,92.4,92.4
EX24_Gabes_2019_07,Gabes,Gabes,Sud-Est,2019,7,2019-07-15,33.864866,10.076497,599571.52,3747693.98,220,56.0,36.69,14.61,36.49,19.35,100.0,79.98,65.33,92.08,données du projet,85.68,72.51,62.85,44.55,74.46,73.68000000000005,60.61833333333333,100.0,87.37,87.37
EX24_Gabes_2019_08,Gabes,Gabes,Sud-Est,2019,8,2019-08-15,33.855771,10.0447,596640.58,3746655.18,220,56.0,37.09,9.69,40.96,15.2,96.44,87.19,82.46,93.77,données du projet,92.08,85.68,72.51,42.52,75.32,83.42333333333339,68.54,88.63,74.22,74.22
EX24_Gabes_2019_09,Gabes,Gabes,Sud-Est,2019,9,2019-09-15,33.877026,10.10032,601760.76,3749065.73,220,56.0,31.2,35.13,59.22,24.07,73.86,87.44,56.78,89.7,données du projet,93.77,92.08,85.68,55.6,89.42,90.51000000000005,77.08166666666666,66.8,63.81,63.81
EX24_Gabes_2019_10,Gabes,Gabes,Sud-Est,2019,10,2019-10-15,33.82647,10.085366,600436.81,3743445.21,220,56.0,24.03,33.39,54.54,35.48,62.75,77.01,54.98,79.76,données du projet,89.7,93.77,92.08,62.85,72.98,91.85000000000004,82.765,55.04,54.63,54.63
EX24_Gabes_2019_11,Gabes,Gabes,Sud-Est,2019,11,2019-11-15,33.879633,10.033801,595605.71,3749290.9,220,56.0,20.98,46.29,68.98,49.44,47.26,61.48,49.43,60.5,données du projet,79.76,89.7,93.77,72.51,61.7,87.74333333333338,85.58333333333333,38.43,53.06,53.06
EX24_Gabes_2019_12,Gabes,Gabes,Sud-Est,2019,12,2019-12-15,33.909301,10.140497,605436.88,3752685.04,220,56.0,18.85,77.09,77.81,44.54,35.56,54.93,44.21,49.92,données du projet,60.5,79.76,89.7,85.68,47.71,76.65333333333338,83.58166666666666,49.68,56.47,56.47
EX24_Gabes_2020_01,Gabes,Gabes,Sud-Est,2020,1,2020-01-15,33.863885,10.086163,600466.84,3747594.7,220,56.0,20.2,45.77,72.1,47.68,33.81,69.05,51.87,48.9,données du projet,49.92,60.5,79.76,92.08,44.55,63.393333333333395,77.62166666666667,56.71,65.45,65.45
EX24_Gabes_2020_02,Gabes,Gabes,Sud-Est,2020,2,2020-02-15,33.883452,10.080483,599918.59,3749758.82,220,56.0,20.17,46.36,72.87,47.37,54.75,60.21,40.83,59.04,données du projet,48.9,49.92,60.5,93.77,42.52,53.10666666666671,70.425,62.52,62.68,62.68
EX24_Gabes_2020_03,Gabes,Gabes,Sud-Est,2020,3,2020-03-15,33.828572,10.059733,598062.3,3743653.53,220,56.0,26.81,37.03,62.89,47.05,47.73,73.04,50.62,64.87,données du projet,59.04,48.9,49.92,89.7,55.6,52.62000000000004,64.63666666666667,62.07,77.34,77.34
EX24_Gabes_2020_04,Gabes,Gabes,Sud-Est,2020,4,2020-04-15,33.872019,10.082025,600074.52,3748492.58,220,56.0,29.58,30.93,58.36,41.2,62.37,78.81,42.64,58.91,données du projet,64.87,59.04,48.9,79.76,62.85,57.60333333333338,60.498333333333335,69.39,81.22,81.22
EX24_Gabes_2020_05,Gabes,Gabes,Sud-Est,2020,5,2020-05-15,33.886305,10.112898,602912.94,3750107.07,220,56.0,34.3,22.73,42.83,41.24,85.55,79.93,51.76,70.51,données du projet,58.91,64.87,59.04,60.5,72.51,60.94000000000005,57.02333333333333,79.38,95.36,95.36
EX24_Gabes_2020_06,Gabes,Gabes,Sud-Est,2020,6,2020-06-15,33.833214,10.083567,600262.51,3744191.21,220,56.0,35.91,0.83,44.82,22.65,98.57,68.28,77.73,89.74,données du projet,70.51,58.91,64.87,49.92,85.68,64.76333333333338,58.69166666666667,83.45,95.65,95.65
EX24_Gabes_2020_07,Gabes,Gabes,Sud-Est,2020,7,2020-07-15,33.852794,10.086075,600471.67,3746364.74,220,56.0,38.83,0.0,42.85,17.53,97.66,91.61,67.15,95.91,données du projet,89.74,70.51,58.91,48.9,92.08,73.05333333333338,65.32833333333333,82.28,85.61,85.61
EX24_Gabes_2020_08,Gabes,Gabes,Sud-Est,2020,8,2020-08-15,33.864171,10.069603,598934.67,3747610.36,220,56.0,36.57,6.75,39.28,32.0,87.27,83.44,82.42,91.54,données du projet,95.91,89.74,70.51,59.04,93.77,85.38666666666671,73.16333333333334,69.51,71.69,71.69
EX24_Gabes_2020_09,Gabes,Gabes,Sud-Est,2020,9,2020-09-15,33.931472,10.071305,599014.25,3755074.54,220,56.0,35.72,39.83,47.65,34.95,84.67,67.15,83.23,87.34,données du projet,91.54,95.91,89.74,64.87,89.7,92.39666666666672,78.58,65.87,65.85,65.85
EX24_Gabes_2020_10,Gabes,Gabes,Sud-Est,2020,10,2020-10-15,33.895474,10.12928,604416.67,3751140.32,220,56.0,24.9,32.22,59.97,46.68,50.09,64.86,41.94,76.47,données du projet,87.34,91.54,95.91,58.91,79.76,91.5966666666667,82.325,77.51,62.53,62.53
EX24_Gabes_2020_11,Gabes,Gabes,Sud-Est,2020,11,2020-11-15,33.943117,10.055681,597556.93,3756350.77,220,56.0,20.43,48.67,68.7,40.43,35.56,68.86,63.48,62.38,données du projet,76.47,87.34,91.54,70.51,60.5,85.11666666666672,85.25166666666667,41.58,62.72,62.72
EX24_Gabes_2020_12,Gabes,Gabes,Sud-Est,2020,12,2020-12-15,33.913875,10.093556,601091.71,3753145.0,220,56.0,18.73,46.64,74.24,62.21,37.03,60.24,47.42,60.3,données du projet,62.38,76.47,87.34,89.74,49.92,75.39666666666672,83.89666666666666,53.66,56.18,56.18
EX24_Gabes_2021_01,Gabes,Gabes,Sud-Est,2021,1,2021-01-15,33.885152,10.17162,608344.88,3750039.69,220,56.0,18.61,38.86,82.73,52.19,35.95,58.7,46.61,56.68,données du projet,60.3,62.38,76.47,95.91,48.9,66.38333333333337,78.99,52.6,57.43,57.43
EX24_Gabes_2021_02,Gabes,Gabes,Sud-Est,2021,2,2021-02-15,33.88914,10.099564,601676.46,3750408.16,220,56.0,18.19,46.62,71.88,44.46,40.8,57.42,51.86,54.13,données du projet,56.68,60.3,62.38,91.54,59.04,59.78666666666671,72.45166666666667,45.46,63.2,63.2
EX24_Gabes_2021_03,Gabes,Gabes,Sud-Est,2021,3,2021-03-15,33.899838,10.075456,599434.71,3751570.84,220,56.0,23.36,29.09,64.9,43.33,55.73,68.34,45.34,54.7,données du projet,54.13,56.68,60.3,87.34,64.87,57.03666666666672,66.21666666666667,78.0,67.55,67.55
EX24_Gabes_2021_04,Gabes,Gabes,Sud-Est,2021,4,2021-04-15,33.872997,10.044759,596626.61,3748565.35,220,56.0,29.32,25.65,57.87,47.15,66.1,82.57,58.99,62.16,données du projet,54.7,54.13,56.68,76.47,58.91,55.170000000000044,60.77666666666667,88.41,79.98,79.98
EX24_Gabes_2021_05,Gabes,Gabes,Sud-Est,2021,5,2021-05-15,33.873536,10.10557,602250.44,3748683.88,220,56.0,31.83,20.31,53.61,29.73,75.49,76.74,60.81,70.62,données du projet,62.16,54.7,54.13,62.38,70.51,56.99666666666672,58.39166666666666,75.45,88.99,88.99
EX24_Gabes_2021_06,Gabes,Gabes,Sud-Est,2021,6,2021-06-15,33.886883,10.134432,604903.59,3750193.02,220,56.0,37.13,40.49,41.75,24.59,91.68,74.82,60.33,77.82,données du projet,70.62,62.16,54.7,60.3,89.74,62.49333333333339,59.76500000000001,92.29,85.58,85.58
EX24_Gabes_2021_07,Gabes,Gabes,Sud-Est,2021,7,2021-07-15,33.868279,10.088732,600699.3,3748084.42,220,56.0,39.35,28.15,40.08,21.49,99.82,69.86,76.02,89.52,données du projet,77.82,70.62,62.16,56.68,95.91,70.20000000000005,62.685,100.0,82.32,82.32
EX24_Gabes_2021_08,Gabes,Gabes,Sud-Est,2021,8,2021-08-15,33.870274,10.140674,605501.34,3748357.66,220,56.0,36.58,32.28,39.65,23.45,100.0,73.07,73.76,88.8,données du projet,89.52,77.82,70.62,54.13,91.54,79.32000000000005,68.15833333333335,80.79,73.85,73.85
EX24_Gabes_2021_09,Gabes,Gabes,Sud-Est,2021,9,2021-09-15,33.900478,10.094781,601220.76,3751660.68,220,56.0,31.35,17.79,46.3,36.7,86.54,80.4,89.95,84.34,données du projet,88.8,89.52,77.82,54.7,87.34,85.38000000000004,73.93666666666667,76.01,61.42,61.42
EX24_Gabes_2021_10,Gabes,Gabes,Sud-Est,2021,10,2021-10-15,33.877744,10.118188,603412.44,3749163.16,220,56.0,26.66,44.59,63.59,36.45,42.33,75.37,45.91,68.31,données du projet,84.34,88.8,89.52,62.16,76.47,87.55333333333338,78.87666666666667,53.07,58.95,58.95
EX24_Gabes_2021_11,Gabes,Gabes,Sud-Est,2021,11,2021-11-15,33.896178,10.031465,595371.21,3751123.25,220,56.0,22.32,24.33,67.55,45.96,61.21,77.26,48.19,59.02,données du projet,68.31,84.34,88.8,70.62,62.38,80.48333333333339,79.90166666666667,49.49,55.13,55.13
EX24_Gabes_2021_12,Gabes,Gabes,Sud-Est,2021,12,2021-12-15,33.864996,10.003876,592853.98,3747640.46,220,56.0,18.05,80.68,79.86,53.7,34.35,55.34,55.51,62.97,données du projet,59.02,68.31,84.34,77.82,60.3,70.55666666666671,77.96833333333332,44.8,53.18,53.18
EX24_Gabes_2022_01,Gabes,Gabes,Sud-Est,2022,1,2022-01-15,33.874184,10.069183,598884.23,3748720.15,220,56.0,18.54,80.23,66.79,56.46,29.84,64.31,56.76,49.1,données du projet,62.97,59.02,68.31,89.52,56.68,63.43333333333339,75.49333333333334,48.98,54.82,54.82
EX24_Gabes_2022_02,Gabes,Gabes,Sud-Est,2022,2,2022-02-15,33.861127,10.093046,601106.74,3747295.61,220,56.0,21.76,48.61,71.07,54.5,36.63,71.89,32.49,51.07,données du projet,49.1,62.97,59.02,88.8,54.13,57.03000000000005,68.75666666666666,54.77,62.03,62.03
EX24_Gabes_2022_03,Gabes,Gabes,Sud-Est,2022,3,2022-03-15,33.910773,10.084131,600223.95,3752791.81,220,56.0,21.07,34.27,66.01,42.62,49.88,62.11,40.2,58.99,données du projet,51.07,49.1,62.97,84.34,54.7,54.380000000000045,62.46833333333334,52.01,75.75,75.75
EX24_Gabes_2022_04,Gabes,Gabes,Sud-Est,2022,4,2022-04-15,33.905813,10.091165,600880.13,3752248.72,220,56.0,28.77,28.22,56.47,40.21,71.35,62.48,56.48,63.58,données du projet,58.99,51.07,49.1,68.31,62.16,53.05333333333338,58.24333333333334,72.99,83.12,83.12
EX24_Gabes_2022_05,Gabes,Gabes,Sud-Est,2022,5,2022-05-15,33.901239,10.131148,604582.35,3751781.45,220,56.0,31.91,27.34,47.29,42.71,88.86,71.73,46.85,71.89,données du projet,63.58,58.99,51.07,59.02,70.62,57.88000000000005,57.455000000000005,100.0,93.2,93.2
EX24_Gabes_2022_06,Gabes,Gabes,Sud-Est,2022,6,2022-06-15,33.881028,10.08888,600698.0,3749498.2,220,56.0,35.97,11.94,48.72,26.26,86.01,69.78,65.46,85.46,données du projet,71.89,63.58,58.99,62.97,77.82,64.82000000000005,59.6,100.0,96.13,96.13
EX24_Gabes_2022_07,Gabes,Gabes,Sud-Est,2022,7,2022-07-15,33.892219,10.083452,600182.87,3750733.78,220,56.0,35.46,10.41,40.03,24.96,100.0,78.12,77.14,91.49,données du projet,85.46,71.89,63.58,49.1,89.52,73.64333333333337,63.34833333333333,100.0,89.36,89.36
EX24_Gabes_2022_08,Gabes,Gabes,Sud-Est,2022,8,2022-08-15,33.885623,10.08706,600524.29,3750005.88,220,56.0,35.92,29.9,44.46,24.47,100.0,78.22,85.81,95.36,données du projet,91.49,85.46,71.89,51.07,88.8,82.94666666666672,70.41333333333334,75.82,71.15,71.15
EX24_Gabes_2022_09,Gabes,Gabes,Sud-Est,2022,9,2022-09-15,33.963612,10.058209,597767.06,3758625.75,220,56.0,32.31,9.64,50.57,31.4,88.45,69.13,60.36,88.27,données du projet,95.36,91.49,85.46,58.99,84.34,90.77000000000004,77.795,81.19,69.93,69.93
EX24_Gabes_2022_10,Gabes,Gabes,Sud-Est,2022,10,2022-10-15,33.893782,10.050738,597156.09,3750875.65,220,56.0,25.98,43.53,52.06,44.93,76.49,68.49,59.62,75.02,données du projet,88.27,95.36,91.49,63.58,68.31,91.7066666666667,82.675,68.55,57.79,57.79
EX24_Gabes_2022_11,Gabes,Gabes,Sud-Est,2022,11,2022-11-15,33.925731,10.0827,600074.16,3754449.02,220,56.0,20.51,34.47,76.04,40.49,38.75,73.69,51.05,63.61,données du projet,75.02,88.27,95.36,71.89,59.02,86.21666666666671,84.58166666666666,75.14,54.44,54.44
EX24_Gabes_2022_12,Gabes,Gabes,Sud-Est,2022,12,2022-12-15,33.884362,10.143376,605733.82,3749922.65,220,56.0,19.47,43.61,66.18,51.77,51.07,57.92,48.69,60.8,données du projet,63.61,75.02,88.27,85.46,62.97,75.63333333333337,83.20166666666667,79.26,54.96,54.96
EX24_Gabes_2023_01,Gabes,Gabes,Sud-Est,2023,1,2023-01-15,33.872658,10.079169,599809.59,3748560.58,220,56.0,17.19,50.01,74.53,57.77,10.71,61.38,55.81,54.31,données du projet,60.8,63.61,75.02,91.49,49.1,66.4766666666667,79.09166666666667,64.08,57.6,57.6
EX24_Gabes_2023_02,Gabes,Gabes,Sud-Est,2023,2,2023-02-15,33.948762,10.031917,595354.46,3756954.39,220,56.0,19.85,53.78,73.37,52.58,37.94,70.6,43.4,53.39,données du projet,54.31,60.8,63.61,95.36,51.07,59.57333333333338,72.895,60.1,58.97,58.97
EX24_Gabes_2023_03,Gabes,Gabes,Sud-Est,2023,3,2023-03-15,33.898467,10.081043,599952.82,3751424.2,220,56.0,24.62,44.95,66.14,41.37,57.72,72.93,46.77,53.96,données du projet,53.39,54.31,60.8,88.27,58.99,56.166666666666714,65.89999999999999,65.11,69.36,69.36
EX24_Gabes_2023_04,Gabes,Gabes,Sud-Est,2023,4,2023-04-15,33.878143,10.093105,601092.11,3749182.41,220,56.0,29.23,31.34,60.45,33.85,64.51,67.16,50.58,61.65,données du projet,53.96,53.39,54.31,75.02,63.58,53.88666666666671,60.181666666666665,83.06,77.56,77.56
EX24_Gabes_2023_05,Gabes,Gabes,Sud-Est,2023,5,2023-05-15,33.843759,10.084988,600381.68,3745361.93,220,56.0,32.14,25.39,50.06,42.81,73.47,75.34,42.44,70.9,données du projet,61.65,53.96,53.39,63.61,71.89,56.33333333333338,57.95333333333334,92.74,81.35,81.35
EX24_Gabes_2023_06,Gabes,Gabes,Sud-Est,2023,6,2023-06-15,33.871053,10.044607,596614.77,3748349.66,220,56.0,39.28,46.69,40.92,32.24,83.71,85.42,84.93,75.68,données du projet,70.9,61.65,53.96,60.8,85.46,62.17000000000005,59.16833333333333,90.63,81.14,81.14
EX24_Gabes_2023_07,Gabes,Gabes,Sud-Est,2023,7,2023-07-15,33.839002,10.1371,605209.04,3744886.5,220,56.0,36.85,6.56,48.95,24.0,100.0,80.1,73.29,82.71,données du projet,75.68,70.9,61.65,54.31,91.49,69.41000000000004,61.64833333333333,85.12,73.76,73.76
EX24_Gabes_2023_08,Gabes,Gabes,Sud-Est,2023,8,2023-08-15,33.839265,10.063119,598363.41,3744842.46,220,56.0,37.28,24.43,38.68,25.43,94.82,76.74,77.31,82.28,données du projet,82.71,75.68,70.9,53.39,95.36,76.43000000000005,66.38166666666666,85.01,66.49,66.49
EX24_Gabes_2023_09,Gabes,Gabes,Sud-Est,2023,9,2023-09-15,33.904723,10.115343,603116.83,3752151.88,220,56.0,33.06,36.2,48.84,35.48,79.67,66.22,77.58,70.49,données du projet,82.28,82.71,75.68,53.96,88.27,80.22333333333339,71.19666666666667,75.15,60.88,60.88
EX24_Gabes_2023_10,Gabes,Gabes,Sud-Est,2023,10,2023-10-15,33.926401,10.064964,598434.05,3754506.13,220,56.0,26.46,29.15,52.15,40.39,60.62,67.7,53.01,67.68,données du projet,70.49,82.28,82.71,61.65,75.02,78.49333333333338,73.95166666666667,65.2,50.22,50.22
EX24_Gabes_2023_11,Gabes,Gabes,Sud-Est,2023,11,2023-11-15,33.867927,10.116333,603252.7,3748072.71,220,56.0,20.26,42.11,71.9,47.03,59.54,52.54,31.62,55.21,données du projet,67.68,70.49,82.28,70.9,63.61,73.48333333333339,74.95666666666666,55.09,48.81,48.81
EX24_Gabes_2023_12,Gabes,Gabes,Sud-Est,2023,12,2023-12-15,33.884392,10.126113,604137.3,3749908.29,220,56.0,21.71,48.18,66.33,52.5,43.85,50.42,43.14,45.86,données du projet,55.21,67.68,70.49,75.68,60.8,64.46000000000005,72.34166666666667,40.11,50.84,50.84
EX24_Gabes_2024_01,Gabes,Gabes,Sud-Est,2024,1,2024-01-15,33.843013,10.104695,602205.88,3745298.59,220,56.0,18.29,60.87,70.75,50.21,33.15,68.94,47.96,52.93,données du projet,45.86,55.21,67.68,82.71,54.31,56.25000000000005,67.37166666666667,40.76,53.54,53.54
EX24_Gabes_2024_02,Gabes,Gabes,Sud-Est,2024,2,2024-02-15,33.885632,10.077165,599609.22,3749997.33,220,56.0,18.15,44.11,65.86,52.1,49.62,68.31,45.51,51.33,données du projet,52.93,45.86,55.21,82.28,53.39,51.33333333333338,62.40833333333333,45.91,60.97,60.97
EX24_Gabes_2024_03,Gabes,Gabes,Sud-Est,2024,3,2024-03-15,33.875248,10.126762,604208.42,3748895.0,220,56.0,24.3,40.55,57.45,38.63,42.23,85.79,50.35,51.89,données du projet,51.33,52.93,45.86,70.49,53.96,50.04000000000004,57.25,41.57,71.68,71.68
EX24_Gabes_2024_04,Gabes,Gabes,Sud-Est,2024,4,2024-04-15,33.909167,10.037753,595938.08,3752569.45,220,56.0,29.47,28.46,48.91,39.91,63.52,79.71,49.48,58.91,données du projet,51.89,51.33,52.93,67.68,61.65,52.05000000000005,54.15,78.37,84.13,84.13
EX24_Gabes_2024_05,Gabes,Gabes,Sud-Est,2024,5,2024-05-15,33.938132,10.093623,601069.17,3755834.77,220,56.0,30.28,22.9,49.83,33.06,88.24,81.36,45.28,75.23,données du projet,58.91,51.89,51.33,55.21,70.9,54.04333333333338,52.68833333333333,68.96,86.68,86.68
EX24_Gabes_2024_06,Gabes,Gabes,Sud-Est,2024,6,2024-06-15,33.895029,10.094396,601191.56,3751056.11,220,56.0,37.47,25.7,45.56,23.82,96.83,79.39,63.13,83.12,données du projet,75.23,58.91,51.89,45.86,75.68,62.01000000000005,56.025,77.1,94.81,94.81
EX24_Gabes_2024_07,Gabes,Gabes,Sud-Est,2024,7,2024-07-15,33.849182,10.128944,604442.02,3746006.95,220,56.0,36.51,4.65,44.86,31.94,100.0,77.35,86.99,92.1,données du projet,83.12,75.23,58.91,52.93,82.71,72.42000000000006,62.23499999999999,100.0,91.83,91.83
EX24_Gabes_2024_08,Gabes,Gabes,Sud-Est,2024,8,2024-08-15,33.857933,10.090403,600865.99,3746938.82,220,56.0,37.63,8.72,35.62,21.33,99.6,79.51,83.8,98.87,données du projet,92.1,83.12,75.23,51.33,82.28,83.48333333333338,68.76333333333334,100.0,77.47,77.47
EX24_Gabes_2024_09,Gabes,Gabes,Sud-Est,2024,9,2024-09-15,33.88637,10.127928,604302.76,3750129.51,220,56.0,31.15,27.71,49.53,35.28,79.07,85.22,67.86,99.22,données du projet,98.87,92.1,83.12,51.89,70.49,91.36333333333339,76.68666666666667,90.94,64.75,64.75
EX24_Gabes_2024_10,Gabes,Gabes,Sud-Est,2024,10,2024-10-15,33.87803,10.11323,602953.59,3749189.93,220,56.0,26.29,61.3,62.72,35.79,64.68,81.61,49.71,73.94,données du projet,99.22,98.87,92.1,58.91,67.68,96.73000000000006,84.575,42.25,61.0,61.0
EX24_Gabes_2024_11,Gabes,Gabes,Sud-Est,2024,11,2024-11-15,33.848873,10.125448,604118.91,3745969.11,220,56.0,19.81,31.14,61.8,51.06,45.22,72.82,42.48,61.68,données du projet,73.94,99.22,98.87,75.23,55.21,90.67666666666672,87.08,63.53,59.35,59.35
EX24_Gabes_2024_12,Gabes,Gabes,Sud-Est,2024,12,2024-12-15,33.924718,10.084317,600224.89,3754338.28,220,56.0,17.17,56.1,64.62,47.82,44.24,66.51,52.33,63.08,données du projet,61.68,73.94,99.22,83.12,45.86,78.28000000000004,84.82166666666666,51.06,61.03,61.03
EX24_Gabes_2025_01,Gabes,Gabes,Sud-Est,2025,1,2025-01-15,33.895325,10.119342,603497.92,3751113.73,220,56.0,17.89,52.49,68.74,60.74,41.86,74.24,55.99,57.18,données du projet,63.08,61.68,73.94,92.1,52.93,66.23333333333338,81.48166666666667,39.29,61.57,61.57
EX24_Gabes_2025_02,Gabes,Gabes,Sud-Est,2025,2,2025-02-15,33.934766,10.10745,602351.14,3755475.23,220,56.0,21.61,44.3,68.48,42.94,40.47,73.65,50.11,56.63,données du projet,57.18,63.08,61.68,98.87,51.33,60.64666666666671,75.66166666666668,51.55,69.95,69.95
EX24_Gabes_2025_03,Gabes,Gabes,Sud-Est,2025,3,2025-03-15,33.824297,10.073239,599317.15,3743192.52,220,56.0,21.93,29.54,67.34,47.36,54.58,73.26,42.16,65.21,données du projet,56.63,57.18,63.08,99.22,51.89,58.963333333333374,68.62166666666667,47.37,77.22,77.22
EX24_Gabes_2025_04,Gabes,Gabes,Sud-Est,2025,4,2025-04-15,33.894409,10.055555,597600.75,3750949.78,220,56.0,25.72,17.68,53.23,40.08,67.71,74.52,39.24,67.32,données du projet,65.21,56.63,57.18,73.94,58.91,59.67333333333338,62.953333333333326,49.4,82.93,82.93
EX24_Gabes_2025_05,Gabes,Gabes,Sud-Est,2025,5,2025-05-15,33.87722,10.140391,605466.61,3749127.59,220,56.0,29.63,16.23,47.22,34.41,78.35,81.07,44.34,66.41,données du projet,67.32,65.21,56.63,61.68,75.23,63.05333333333338,61.849999999999994,81.16,93.36,93.36
EX24_Gabes_2025_06,Gabes,Gabes,Sud-Est,2025,6,2025-06-15,33.921764,10.14575,605907.15,3754072.41,220,56.0,35.62,19.61,45.42,30.93,88.23,86.31,65.41,88.68,données du projet,66.41,67.32,65.21,63.08,83.12,66.31333333333338,62.63833333333334,82.76,95.38,95.38
EX24_Gabes_2025_07,Gabes,Gabes,Sud-Est,2025,7,2025-07-15,33.857205,10.042372,596423.62,3746812.07,220,56.0,40.75,2.68,38.2,19.87,100.0,82.07,72.31,95.23,données du projet,88.68,66.41,67.32,57.18,92.1,74.13666666666671,66.90499999999999,97.78,92.73,92.73
EX24_Gabes_2025_08,Gabes,Gabes,Sud-Est,2025,8,2025-08-15,33.889032,10.127577,604267.06,3750424.31,220,56.0,33.53,22.22,45.86,31.67,94.42,83.95,76.09,99.13,données du projet,95.23,88.68,66.41,56.63,98.87,83.44000000000005,73.24666666666667,99.42,78.12,78.12
EX24_Gabes_2025_09,Gabes,Gabes,Sud-Est,2025,9,2025-09-15,33.838454,10.17073,608321.46,3744860.64,220,56.0,30.53,53.47,52.81,40.91,87.64,79.35,67.0,91.0,données du projet,99.13,95.23,88.68,65.21,99.22,94.3466666666667,80.33,87.7,68.21,68.21
EX24_Gafsa_2017_01,Gafsa,Gafsa,Sud-Ouest,2017,1,2017-01-15,34.433005,8.807323,482297.48,3810185.25,90,38.0,15.8,45.26,67.47,44.27,26.48,44.51,1.45,38.36,données du projet,49.99,57.11,74.31,87.48,34.69,60.47000000000005,73.85333333333334,51.76,55.62,55.62
EX24_Gafsa_2017_02,Gafsa,Gafsa,Sud-Ouest,2017,2,2017-02-15,34.447884,8.76314,478241.95,3811843.75,90,38.0,17.15,35.04,64.97,48.14,62.09,52.87,2.92,50.85,données du projet,38.36,49.99,57.11,85.46,33.13,48.486666666666714,65.66666666666667,42.82,65.69,65.69
EX24_Gafsa_2017_03,Gafsa,Gafsa,Sud-Ouest,2017,3,2017-03-15,34.37645,8.74394,476458.18,3803926.96,90,38.0,22.99,52.69,65.68,41.43,57.64,56.89,13.5,58.31,données du projet,50.85,38.36,49.99,88.77,53.05,46.400000000000055,59.89833333333333,65.18,74.91,74.91
EX24_Gafsa_2017_04,Gafsa,Gafsa,Sud-Ouest,2017,4,2017-04-15,34.435685,8.740544,476162.76,3810496.15,90,38.0,25.55,38.66,57.33,28.39,69.24,57.13,23.78,66.23,données du projet,58.31,50.85,38.36,74.31,53.62,49.17333333333338,54.821666666666665,60.86,77.41,77.41
EX24_Gafsa_2017_05,Gafsa,Gafsa,Sud-Ouest,2017,5,2017-05-15,34.414014,8.841047,485392.66,3808073.99,90,38.0,29.89,39.47,40.62,27.33,73.78,61.12,9.85,75.46,données du projet,66.23,58.31,50.85,57.11,66.49,58.46333333333339,53.475,91.8,93.15,93.15
EX24_Gafsa_2017_06,Gafsa,Gafsa,Sud-Ouest,2017,6,2017-06-15,34.386866,8.723426,474575.31,3805086.97,90,38.0,36.52,10.8,44.84,26.73,100.0,68.5,48.66,88.52,données du projet,75.46,66.23,58.31,49.99,89.6,66.66666666666671,56.53333333333333,91.1,83.67,83.67
EX24_Gafsa_2017_07,Gafsa,Gafsa,Sud-Ouest,2017,7,2017-07-15,34.400069,8.774644,479286.89,3806539.29,90,38.0,38.98,5.89,38.23,9.96,98.19,72.84,40.81,82.83,données du projet,88.52,75.46,66.23,38.36,87.48,76.73666666666672,62.955000000000005,79.17,77.97,77.97
EX24_Gafsa_2017_08,Gafsa,Gafsa,Sud-Ouest,2017,8,2017-08-15,34.413304,8.793327,481007.15,3808003.24,90,38.0,33.97,7.87,43.39,18.77,100.0,73.89,34.86,85.54,données du projet,82.83,88.52,75.46,50.85,85.46,82.27000000000004,70.36666666666666,75.47,67.97,67.97
EX24_Gafsa_2017_09,Gafsa,Gafsa,Sud-Ouest,2017,9,2017-09-15,34.426405,8.825418,483958.77,3809450.36,90,38.0,31.47,35.19,53.46,27.5,79.58,62.95,51.66,75.45,données du projet,85.54,82.83,88.52,58.31,88.77,85.63000000000005,76.14833333333333,55.26,53.99,53.99
EX24_Gafsa_2017_10,Gafsa,Gafsa,Sud-Ouest,2017,10,2017-10-15,34.391837,8.772361,479074.99,3805626.95,90,38.0,24.89,53.06,54.6,32.07,60.56,52.52,16.93,62.65,données du projet,75.45,85.54,82.83,66.23,74.31,81.27333333333338,79.00500000000001,50.98,47.7,47.7
EX24_Gafsa_2017_11,Gafsa,Gafsa,Sud-Ouest,2017,11,2017-11-15,34.374408,8.78438,480175.76,3803691.91,90,38.0,18.62,27.52,70.73,40.93,46.59,57.96,7.84,58.74,données du projet,62.65,75.45,85.54,75.46,57.11,74.54666666666672,78.40833333333333,49.95,42.19,42.19
EX24_Gafsa_2017_12,Gafsa,Gafsa,Sud-Ouest,2017,12,2017-12-15,34.451822,8.765482,478458.06,3812279.92,90,38.0,16.76,51.92,74.06,54.42,36.17,50.96,16.63,44.34,données du projet,58.74,62.65,75.45,88.52,49.99,65.61333333333339,75.62166666666667,54.13,42.54,42.54
EX24_Gafsa_2018_01,Gafsa,Gafsa,Sud-Ouest,2018,1,2018-01-15,34.445863,8.801405,481756.5,3811612.1,90,38.0,16.99,29.63,72.75,46.03,32.75,52.59,21.03,43.44,données du projet,44.34,58.74,62.65,82.83,38.36,55.243333333333375,68.25833333333334,22.38,47.19,47.19
EX24_Gafsa_2018_02,Gafsa,Gafsa,Sud-Ouest,2018,2,2018-02-15,34.455081,8.766923,478591.3,3812640.99,90,38.0,18.36,43.75,63.65,48.61,50.98,53.29,18.18,38.99,données du projet,43.44,44.34,58.74,85.54,50.85,48.84000000000005,61.69333333333333,41.39,63.15,63.15
EX24_Gafsa_2018_03,Gafsa,Gafsa,Sud-Ouest,2018,3,2018-03-15,34.40983,8.817202,483200.53,3807613.76,90,38.0,23.06,46.66,64.66,43.76,47.53,57.02,6.56,49.74,données du projet,38.99,43.44,44.34,75.45,58.31,42.25666666666672,53.935,55.7,73.32,73.32
EX24_Gafsa_2018_04,Gafsa,Gafsa,Sud-Ouest,2018,4,2018-04-15,34.421693,8.756127,477590.74,3808941.05,90,38.0,26.92,43.57,52.51,38.64,74.79,72.13,16.44,59.29,données du projet,49.74,38.99,43.44,62.65,66.23,44.05666666666671,49.65,88.88,81.44,81.44
EX24_Gafsa_2018_05,Gafsa,Gafsa,Sud-Ouest,2018,5,2018-05-15,34.430403,8.789633,480671.59,3809899.95,90,38.0,31.47,25.07,52.16,29.25,76.23,65.25,9.58,79.44,données du projet,59.29,49.74,38.99,58.74,75.46,49.34000000000005,49.09,79.21,87.22,87.22
EX24_Gafsa_2018_06,Gafsa,Gafsa,Sud-Ouest,2018,6,2018-06-15,34.416902,8.820272,483484.04,3808397.42,90,38.0,35.11,22.61,45.64,27.18,93.05,69.62,34.08,74.64,données du projet,79.44,59.29,49.74,44.34,88.52,62.82333333333338,52.54,100.0,91.55,91.55
EX24_Gafsa_2018_07,Gafsa,Gafsa,Sud-Ouest,2018,7,2018-07-15,34.418675,8.787875,480507.31,3808599.8,90,38.0,36.88,9.11,39.45,20.18,100.0,70.63,44.6,90.97,données du projet,74.64,79.44,59.29,43.44,82.83,71.12333333333338,57.589999999999996,100.0,77.73,77.73
EX24_Gafsa_2018_08,Gafsa,Gafsa,Sud-Ouest,2018,8,2018-08-15,34.480551,8.79618,481284.27,3815459.49,90,38.0,36.1,62.51,32.37,16.71,88.17,72.96,41.93,100.0,données du projet,90.97,74.64,79.44,38.99,85.54,81.68333333333338,65.51166666666667,74.08,64.53,64.53
EX24_Gafsa_2018_09,Gafsa,Gafsa,Sud-Ouest,2018,9,2018-09-15,34.44773,8.776312,479451.91,3811823.89,90,38.0,34.53,14.19,49.59,33.09,82.3,67.78,45.13,79.59,données du projet,100.0,90.97,74.64,49.74,75.45,88.5366666666667,75.68,54.42,46.97,46.97
EX24_Gafsa_2018_10,Gafsa,Gafsa,Sud-Ouest,2018,10,2018-10-15,34.41206,8.807948,482350.5,3807862.6,90,38.0,24.23,41.4,55.87,25.42,53.31,63.42,25.75,59.71,données du projet,79.59,100.0,90.97,59.29,62.65,90.18666666666672,80.655,54.44,40.56,40.56
EX24_Gafsa_2018_11,Gafsa,Gafsa,Sud-Ouest,2018,11,2018-11-15,34.409789,8.758864,477839.11,3807620.43,90,38.0,18.45,57.66,74.3,39.93,41.96,50.99,24.08,46.43,données du projet,59.71,79.59,100.0,79.44,58.74,79.76666666666671,80.72500000000001,39.59,40.99,40.99
EX24_Gafsa_2018_12,Gafsa,Gafsa,Sud-Ouest,2018,12,2018-12-15,34.426473,8.780001,479785.65,3809466.09,90,38.0,18.89,50.01,67.26,52.84,23.98,45.23,10.48,41.94,données du projet,46.43,59.71,79.59,74.64,44.34,61.910000000000046,75.22333333333334,39.62,55.85,55.85
EX24_Gafsa_2019_01,Gafsa,Gafsa,Sud-Ouest,2019,1,2019-01-15,34.411922,8.78184,479951.17,3807852.22,90,38.0,18.35,33.03,66.07,52.02,43.14,44.08,13.41,41.04,données du projet,41.94,46.43,59.71,90.97,43.44,49.36000000000005,69.77333333333333,51.18,64.49,64.49
EX24_Gafsa_2019_02,Gafsa,Gafsa,Sud-Ouest,2019,2,2019-02-15,34.367501,8.821848,483619.21,3802919.31,90,38.0,18.69,29.27,68.79,44.1,44.85,59.56,12.53,49.64,données du projet,41.04,41.94,46.43,100.0,38.99,43.13666666666671,61.45166666666666,60.04,72.69,72.69
EX24_Gafsa_2019_03,Gafsa,Gafsa,Sud-Ouest,2019,3,2019-03-15,34.418183,8.811121,482643.33,3808541.08,90,38.0,22.53,42.74,66.34,41.84,62.58,50.9,14.23,65.09,données du projet,49.64,41.04,41.94,79.59,49.74,44.20666666666671,53.05833333333333,75.1,78.68,78.68
EX24_Gafsa_2019_04,Gafsa,Gafsa,Sud-Ouest,2019,4,2019-04-15,34.419805,8.788431,480558.7,3808725.0,90,38.0,25.57,34.23,54.69,40.03,78.73,58.7,25.46,74.31,données du projet,65.09,49.64,41.04,59.71,59.29,51.92333333333338,50.64166666666667,63.94,93.61,93.61
EX24_Gafsa_2019_05,Gafsa,Gafsa,Sud-Ouest,2019,5,2019-05-15,34.479928,8.752488,477272.09,3815399.29,90,38.0,32.38,32.3,53.22,29.72,82.26,59.98,4.37,77.75,données du projet,74.31,65.09,49.64,46.43,79.44,63.013333333333385,53.07500000000001,94.8,98.78,98.78
EX24_Gafsa_2019_06,Gafsa,Gafsa,Sud-Ouest,2019,6,2019-06-15,34.427691,8.751345,477152.93,3809607.15,90,38.0,35.88,19.64,50.25,19.36,91.72,68.75,29.8,93.71,données du projet,77.75,74.31,65.09,41.94,74.64,72.38333333333338,58.294999999999995,100.0,97.6,97.6
EX24_Gafsa_2019_07,Gafsa,Gafsa,Sud-Ouest,2019,7,2019-07-15,34.39599,8.793132,480985.26,3806083.34,90,38.0,37.78,3.81,38.59,20.32,100.0,70.7,50.96,98.11,données du projet,93.71,77.75,74.31,41.04,90.97,81.92333333333339,66.92333333333333,100.0,83.76,83.76
EX24_Gafsa_2019_08,Gafsa,Gafsa,Sud-Ouest,2019,8,2019-08-15,34.372011,8.775685,479375.68,3803427.9,90,38.0,34.0,9.26,42.19,22.96,100.0,71.43,37.29,100.0,données du projet,98.11,93.71,77.75,49.64,100.0,89.85666666666673,76.435,84.32,71.17,71.17
EX24_Gafsa_2019_09,Gafsa,Gafsa,Sud-Ouest,2019,9,2019-09-15,34.429733,8.752387,477249.26,3809833.34,90,38.0,26.99,13.67,46.28,32.68,92.3,70.11,39.93,85.26,données du projet,100.0,98.11,93.71,65.09,79.59,97.27333333333338,84.82833333333333,79.59,63.7,63.7
EX24_Gafsa_2019_10,Gafsa,Gafsa,Sud-Ouest,2019,10,2019-10-15,34.479156,8.813618,482885.3,3815301.68,90,38.0,21.59,74.86,49.92,47.59,57.81,55.54,23.13,73.18,données du projet,85.26,100.0,98.11,74.31,59.71,94.45666666666672,88.19,50.58,50.61,50.61
EX24_Gafsa_2019_11,Gafsa,Gafsa,Sud-Ouest,2019,11,2019-11-15,34.432934,8.720889,474356.2,3810195.91,90,38.0,21.86,53.53,66.22,43.24,37.69,44.08,6.35,55.39,données du projet,73.18,85.26,100.0,77.75,46.43,86.14666666666672,88.00166666666667,43.02,48.8,48.8
EX24_Gafsa_2019_12,Gafsa,Gafsa,Sud-Ouest,2019,12,2019-12-15,34.405341,8.774548,479279.43,3807123.93,90,38.0,16.51,37.49,68.03,48.81,43.19,64.65,16.71,59.46,données du projet,55.39,73.18,85.26,93.71,41.94,71.27666666666671,84.275,54.57,42.49,42.49
EX24_Gafsa_2020_01,Gafsa,Gafsa,Sud-Ouest,2020,1,2020-01-15,34.387027,8.738327,475945.2,3805101.09,90,38.0,18.23,57.5,69.5,41.59,44.3,49.14,18.38,47.82,données du projet,59.46,55.39,73.18,98.11,41.04,62.676666666666726,78.56666666666666,46.57,42.98,42.98
EX24_Gafsa_2020_02,Gafsa,Gafsa,Sud-Ouest,2020,2,2020-02-15,34.454673,8.80531,482117.12,3812588.29,90,38.0,16.83,29.05,74.3,44.67,53.88,45.86,26.5,45.8,données du projet,47.82,59.46,55.39,100.0,49.64,54.22333333333338,70.185,55.23,58.41,58.41
EX24_Gafsa_2020_03,Gafsa,Gafsa,Sud-Ouest,2020,3,2020-03-15,34.389072,8.815132,483006.04,3805312.39,90,38.0,20.48,60.71,55.63,35.51,50.74,47.63,17.89,43.66,données du projet,45.8,47.82,59.46,85.26,65.09,51.02666666666672,61.151666666666664,59.29,70.02,70.02
EX24_Gafsa_2020_04,Gafsa,Gafsa,Sud-Ouest,2020,4,2020-04-15,34.419445,8.810118,482551.47,3808681.18,90,38.0,28.39,24.72,50.08,31.56,65.35,64.63,8.81,59.69,données du projet,43.66,45.8,47.82,73.18,74.31,45.76000000000005,54.218333333333334,64.28,84.14,84.14
EX24_Gafsa_2020_05,Gafsa,Gafsa,Sud-Ouest,2020,5,2020-05-15,34.447296,8.753627,477367.93,3811780.64,90,38.0,28.47,16.75,53.36,26.68,76.5,66.41,17.29,77.16,données du projet,59.69,43.66,45.8,55.39,77.75,49.71666666666672,51.97,55.28,89.95,89.95
EX24_Gafsa_2020_06,Gafsa,Gafsa,Sud-Ouest,2020,6,2020-06-15,34.456089,8.750572,477089.66,3812756.33,90,38.0,34.88,11.22,46.25,21.13,94.57,66.51,49.37,78.2,données du projet,77.16,59.69,43.66,59.46,93.71,60.170000000000044,55.59833333333333,91.07,85.35,85.35
EX24_Gafsa_2020_07,Gafsa,Gafsa,Sud-Ouest,2020,7,2020-07-15,34.408022,8.756015,477576.76,3807425.13,90,38.0,36.46,0.0,41.58,20.62,100.0,70.59,39.64,91.95,données du projet,78.2,77.16,59.69,47.82,98.11,71.68333333333338,58.72166666666667,85.96,82.57,82.57
EX24_Gafsa_2020_08,Gafsa,Gafsa,Sud-Ouest,2020,8,2020-08-15,34.496852,8.823126,483761.81,3817262.39,90,38.0,38.64,7.79,45.68,30.08,100.0,63.17,51.71,86.6,données du projet,91.95,78.2,77.16,45.8,100.0,82.43666666666671,66.07666666666667,60.34,70.51,70.51
EX24_Gafsa_2020_09,Gafsa,Gafsa,Sud-Ouest,2020,9,2020-09-15,34.441662,8.69312,471807.78,3811171.07,90,38.0,32.71,21.79,48.49,18.0,85.64,58.52,44.19,77.32,données du projet,86.6,91.95,78.2,43.66,85.26,85.58333333333337,72.87666666666667,77.57,62.09,62.09
EX24_Gafsa_2020_10,Gafsa,Gafsa,Sud-Ouest,2020,10,2020-10-15,34.475606,8.781793,479962.06,3814913.84,90,38.0,22.91,33.62,61.4,32.92,71.59,62.32,5.74,76.03,données du projet,77.32,86.6,91.95,59.69,73.18,85.29000000000005,78.48666666666666,63.0,55.89,55.89
EX24_Gafsa_2020_11,Gafsa,Gafsa,Sud-Ouest,2020,11,2020-11-15,34.449402,8.835713,484908.82,3811998.87,90,38.0,23.3,21.42,58.76,35.37,57.33,53.52,23.21,56.51,données du projet,76.03,77.32,86.6,77.16,55.39,79.98333333333338,81.21,64.23,55.1,55.1
EX24_Gafsa_2020_12,Gafsa,Gafsa,Sud-Ouest,2020,12,2020-12-15,34.345945,8.777236,479511.93,3800537.26,90,38.0,19.38,45.88,76.28,51.77,36.83,48.38,20.56,52.66,données du projet,56.51,76.03,77.32,78.2,59.46,69.95333333333338,77.76833333333333,64.98,58.79,58.79
EX24_Gafsa_2021_01,Gafsa,Gafsa,Sud-Ouest,2021,1,2021-01-15,34.386409,8.789891,480685.14,3805021.63,90,38.0,17.59,35.13,73.66,43.54,35.02,43.67,15.11,54.75,données du projet,52.66,56.51,76.03,91.95,47.82,61.73333333333338,73.51166666666666,46.03,54.59,54.59
EX24_Gafsa_2021_02,Gafsa,Gafsa,Sud-Ouest,2021,2,2021-02-15,34.418406,8.793274,481003.42,3808568.94,90,38.0,18.06,35.79,74.95,54.23,56.97,56.74,33.89,51.13,données du projet,54.75,52.66,56.51,86.6,45.8,54.64000000000004,67.31166666666665,48.21,64.15,64.15
EX24_Gafsa_2021_03,Gafsa,Gafsa,Sud-Ouest,2021,3,2021-03-15,34.418288,8.768931,478766.44,3808560.67,90,38.0,22.1,31.36,63.47,40.04,51.35,64.04,15.08,56.48,données du projet,51.13,54.75,52.66,77.32,43.66,52.846666666666714,61.4,73.38,71.37,71.37
EX24_Gafsa_2021_04,Gafsa,Gafsa,Sud-Ouest,2021,4,2021-04-15,34.429798,8.776998,479510.51,3809835.35,90,38.0,27.28,29.93,49.68,25.04,65.17,57.67,25.55,58.74,données du projet,56.48,51.13,54.75,76.03,59.69,54.120000000000054,57.92666666666667,86.54,83.44,83.44
EX24_Gafsa_2021_05,Gafsa,Gafsa,Sud-Ouest,2021,5,2021-05-15,34.433439,8.767044,478596.87,3810241.11,90,38.0,30.86,29.74,54.59,32.08,77.68,59.52,17.26,76.31,données du projet,58.74,56.48,51.13,56.51,77.16,55.450000000000045,55.044999999999995,74.87,84.74,84.74
EX24_Gafsa_2021_06,Gafsa,Gafsa,Sud-Ouest,2021,6,2021-06-15,34.459647,8.773054,479155.53,3813145.98,90,38.0,37.02,40.92,40.0,23.93,94.31,71.88,39.83,77.02,données du projet,76.31,58.74,56.48,52.66,78.2,63.84333333333338,58.345,100.0,92.1,92.1
EX24_Gafsa_2021_07,Gafsa,Gafsa,Sud-Ouest,2021,7,2021-07-15,34.451849,8.795537,481218.85,3812276.85,90,38.0,38.0,21.33,40.54,19.23,96.67,75.83,30.61,90.65,données du projet,77.02,76.31,58.74,54.75,91.95,70.69000000000005,62.405,91.27,85.68,85.68
EX24_Gafsa_2021_08,Gafsa,Gafsa,Sud-Ouest,2021,8,2021-08-15,34.403831,8.789436,480647.33,3806953.56,90,38.0,35.37,2.16,47.15,25.96,94.23,58.84,51.04,94.29,données du projet,90.65,77.02,76.31,51.13,86.6,81.32666666666671,68.38833333333334,92.96,74.71,74.71
EX24_Gafsa_2021_09,Gafsa,Gafsa,Sud-Ouest,2021,9,2021-09-15,34.417861,8.805746,482149.33,3808506.28,90,38.0,30.23,16.64,42.44,32.45,85.91,62.64,26.15,89.75,données du projet,94.29,90.65,77.02,56.48,77.32,87.32000000000005,75.58166666666666,72.2,62.8,62.8
EX24_Gafsa_2021_10,Gafsa,Gafsa,Sud-Ouest,2021,10,2021-10-15,34.407522,8.789212,480627.59,3807362.84,90,38.0,24.27,35.34,61.64,36.69,56.02,59.53,21.16,76.48,données du projet,89.75,94.29,90.65,58.74,76.03,91.56333333333339,81.12666666666667,73.09,59.74,59.74
EX24_Gafsa_2021_11,Gafsa,Gafsa,Sud-Ouest,2021,11,2021-11-15,34.40201,8.797613,481398.44,3806750.1,90,38.0,21.87,42.08,61.01,38.15,55.78,49.45,3.84,63.05,données du projet,76.48,89.75,94.29,76.31,56.51,86.84000000000005,84.08333333333333,53.72,59.83,59.83
EX24_Gafsa_2021_12,Gafsa,Gafsa,Sud-Ouest,2021,12,2021-12-15,34.439142,8.787052,480436.45,3810869.49,90,38.0,15.1,38.75,67.49,49.72,40.61,52.95,27.55,52.51,données du projet,63.05,76.48,89.75,77.02,52.66,76.42666666666672,81.87333333333333,65.11,64.66,64.66
EX24_Gafsa_2022_01,Gafsa,Gafsa,Sud-Ouest,2022,1,2022-01-15,34.483929,8.790936,480803.52,3815835.05,90,38.0,14.73,30.92,69.61,55.62,42.65,62.25,18.15,62.23,données du projet,52.51,63.05,76.48,90.65,54.75,64.01333333333338,77.78833333333334,72.74,60.19,60.19
EX24_Gafsa_2022_02,Gafsa,Gafsa,Sud-Ouest,2022,2,2022-02-15,34.484283,8.760502,478009.12,3815880.43,90,38.0,18.41,40.13,74.4,51.88,52.45,61.36,16.85,62.79,données du projet,62.23,52.51,63.05,94.29,51.13,59.26333333333338,73.05166666666666,80.28,63.48,63.48
EX24_Gafsa_2022_03,Gafsa,Gafsa,Sud-Ouest,2022,3,2022-03-15,34.416026,8.827282,484128.07,3808299.15,90,38.0,23.72,38.38,56.59,51.15,61.24,63.51,19.78,62.01,données du projet,62.79,62.23,52.51,89.75,56.48,59.17666666666671,67.80166666666666,62.08,75.83,75.83
EX24_Gafsa_2022_04,Gafsa,Gafsa,Sud-Ouest,2022,4,2022-04-15,34.483262,8.784788,480238.87,3815762.29,90,38.0,25.31,39.78,55.78,35.02,60.8,49.98,28.33,63.41,données du projet,62.01,62.79,62.23,76.48,58.74,62.34333333333338,63.17833333333332,66.06,91.06,91.06
EX24_Gafsa_2022_05,Gafsa,Gafsa,Sud-Ouest,2022,5,2022-05-15,34.461065,8.772724,479125.61,3813303.26,90,38.0,29.86,14.35,47.94,30.92,79.72,59.93,12.88,74.69,données du projet,63.41,62.01,62.79,63.05,76.31,62.736666666666714,61.0,85.12,96.28,96.28
EX24_Gafsa_2022_06,Gafsa,Gafsa,Sud-Ouest,2022,6,2022-06-15,34.421377,8.782701,480032.5,3808900.49,90,38.0,34.55,33.94,44.14,24.5,100.0,65.04,59.28,92.15,données du projet,74.69,63.41,62.01,52.51,77.02,66.70333333333338,62.94,92.55,97.31,97.31
EX24_Gafsa_2022_07,Gafsa,Gafsa,Sud-Ouest,2022,7,2022-07-15,34.357031,8.830785,484439.05,3801756.99,90,38.0,34.23,8.46,39.11,26.82,100.0,66.82,53.49,96.25,données du projet,92.15,74.69,63.41,62.23,90.65,76.75000000000006,69.54666666666667,88.11,94.55,94.55
EX24_Gafsa_2022_08,Gafsa,Gafsa,Sud-Ouest,2022,8,2022-08-15,34.443309,8.803379,481937.34,3811328.49,90,38.0,34.33,18.42,35.48,25.22,100.0,71.3,47.25,100.0,données du projet,96.25,92.15,74.69,62.79,94.29,87.69666666666672,75.21666666666665,100.0,86.62,86.62
EX24_Gafsa_2022_09,Gafsa,Gafsa,Sud-Ouest,2022,9,2022-09-15,34.433088,8.800449,481665.94,3810195.63,90,38.0,29.5,21.74,48.66,33.85,92.74,72.45,38.41,93.88,données du projet,100.0,96.25,92.15,62.01,89.75,96.13333333333338,81.41833333333334,87.5,74.0,74.0
EX24_Gafsa_2022_10,Gafsa,Gafsa,Sud-Ouest,2022,10,2022-10-15,34.441734,8.818126,483291.76,3811151.35,90,38.0,26.23,30.68,63.76,36.53,61.66,59.56,0.0,85.74,données du projet,93.88,100.0,96.25,63.41,76.48,96.71000000000005,86.73,78.51,56.43,56.43
EX24_Gafsa_2022_11,Gafsa,Gafsa,Sud-Ouest,2022,11,2022-11-15,34.415483,8.773847,479217.45,3808248.7,90,38.0,22.35,53.35,62.96,46.64,54.79,48.53,11.33,73.28,données du projet,85.74,93.88,100.0,74.69,63.05,93.2066666666667,90.45166666666667,47.63,54.03,54.03
EX24_Gafsa_2022_12,Gafsa,Gafsa,Sud-Ouest,2022,12,2022-12-15,34.474795,8.763439,478276.35,3814827.7,90,38.0,18.24,38.18,72.49,48.21,23.61,49.0,23.0,53.22,données du projet,73.28,85.74,93.88,92.15,52.51,84.30000000000005,90.21666666666665,54.87,51.3,51.3
EX24_Gafsa_2023_01,Gafsa,Gafsa,Sud-Ouest,2023,1,2023-01-15,34.426039,8.723651,474607.89,3809430.6,90,38.0,20.02,55.77,68.0,59.17,29.47,62.32,18.19,55.95,données du projet,53.22,73.28,85.74,96.25,62.23,70.74666666666671,83.72833333333334,62.85,56.74,56.74
EX24_Gafsa_2023_02,Gafsa,Gafsa,Sud-Ouest,2023,2,2023-02-15,34.441218,8.717297,474028.69,3811115.36,90,38.0,19.68,39.99,66.85,34.25,48.17,51.63,9.51,52.62,données du projet,55.95,53.22,73.28,100.0,62.79,60.81666666666672,77.01166666666667,67.33,68.05,68.05
EX24_Gafsa_2023_03,Gafsa,Gafsa,Sud-Ouest,2023,3,2023-03-15,34.389841,8.796716,481313.39,3805400.9,90,38.0,26.11,20.7,62.49,39.82,62.36,61.2,23.56,55.81,données du projet,52.62,55.95,53.22,93.88,62.01,53.93000000000004,69.115,43.06,74.79,74.79
EX24_Gafsa_2023_04,Gafsa,Gafsa,Sud-Ouest,2023,4,2023-04-15,34.452978,8.722461,474506.65,3812418.11,90,38.0,25.93,29.48,53.82,33.36,69.21,71.39,10.56,60.01,données du projet,55.81,52.62,55.95,85.74,63.41,54.79333333333338,62.76999999999999,97.37,88.65,88.65
EX24_Gafsa_2023_05,Gafsa,Gafsa,Sud-Ouest,2023,5,2023-05-15,34.424854,8.776838,479494.59,3809287.16,90,38.0,30.38,14.75,48.72,31.3,85.15,55.49,18.24,84.24,données du projet,60.01,55.81,52.62,73.28,74.69,56.14666666666671,58.48166666666666,93.15,99.62,99.62
EX24_Gafsa_2023_06,Gafsa,Gafsa,Sud-Ouest,2023,6,2023-06-15,34.420804,8.759437,477894.67,3808841.77,90,38.0,34.78,22.71,33.59,18.71,90.9,70.19,42.56,89.28,données du projet,84.24,60.01,55.81,53.22,92.15,66.68666666666671,60.30833333333333,91.55,88.04,88.04
EX24_Gafsa_2023_07,Gafsa,Gafsa,Sud-Ouest,2023,7,2023-07-15,34.422093,8.787017,480429.29,3808978.96,90,38.0,36.75,6.04,42.22,21.45,100.0,74.09,38.03,98.2,données du projet,89.28,84.24,60.01,55.95,96.25,77.84333333333338,66.31833333333334,82.79,83.23,83.23
EX24_Gafsa_2023_08,Gafsa,Gafsa,Sud-Ouest,2023,8,2023-08-15,34.448409,8.773755,479217.18,3811899.74,90,38.0,34.34,7.73,32.75,22.3,100.0,78.57,47.96,93.08,données du projet,98.2,89.28,84.24,52.62,100.0,90.57333333333338,73.36,80.68,73.5,73.5
EX24_Gafsa_2023_09,Gafsa,Gafsa,Sud-Ouest,2023,9,2023-09-15,34.425431,8.787263,480452.66,3809349.05,90,38.0,34.35,24.95,52.38,28.65,86.58,62.93,33.61,85.45,données du projet,93.08,98.2,89.28,55.81,93.88,93.52000000000004,80.10333333333334,68.75,68.98,68.98
EX24_Gafsa_2023_10,Gafsa,Gafsa,Sud-Ouest,2023,10,2023-10-15,34.377242,8.794319,481090.17,3804004.22,90,38.0,26.06,28.86,61.02,34.4,68.24,62.14,19.39,71.89,données du projet,85.45,93.08,98.2,60.01,85.74,92.24333333333338,85.04333333333334,64.66,59.02,59.02
EX24_Gafsa_2023_11,Gafsa,Gafsa,Sud-Ouest,2023,11,2023-11-15,34.436192,8.750301,477059.33,3810550.06,90,38.0,25.1,25.46,68.01,47.17,55.93,56.3,16.93,65.33,données du projet,71.89,85.45,93.08,84.24,73.28,83.47333333333337,87.02333333333333,56.43,65.09,65.09
EX24_Gafsa_2023_12,Gafsa,Gafsa,Sud-Ouest,2023,12,2023-12-15,34.424554,8.835963,484927.3,3809243.55,90,38.0,16.04,58.06,75.67,41.94,39.55,50.55,13.11,66.22,données du projet,65.33,71.89,85.45,89.28,53.22,74.22333333333339,83.87166666666667,62.15,65.56,65.56
EX24_Gafsa_2024_01,Gafsa,Gafsa,Sud-Ouest,2024,1,2024-01-15,34.399791,8.781104,479880.62,3806507.17,90,38.0,19.73,28.15,65.62,50.37,30.82,54.01,12.29,61.79,données du projet,66.22,65.33,71.89,98.2,55.95,67.81333333333338,80.02833333333332,62.41,66.23,66.23
EX24_Gafsa_2024_02,Gafsa,Gafsa,Sud-Ouest,2024,2,2024-02-15,34.431827,8.817516,483233.77,3810052.93,90,38.0,18.97,35.87,68.76,53.79,47.83,54.92,22.34,61.07,données du projet,61.79,66.22,65.33,93.08,52.62,64.4466666666667,73.96,64.86,71.73,71.73
EX24_Gafsa_2024_03,Gafsa,Gafsa,Sud-Ouest,2024,3,2024-03-15,34.449149,8.834113,484761.8,3811971.07,90,38.0,21.21,43.72,65.05,43.47,54.46,44.83,31.78,60.89,données du projet,61.07,61.79,66.22,85.45,55.81,63.02666666666672,68.625,93.39,85.84,85.84
EX24_Gafsa_2024_04,Gafsa,Gafsa,Sud-Ouest,2024,4,2024-04-15,34.439339,8.7801,479797.8,3810892.7,90,38.0,23.47,15.36,56.71,42.26,87.6,65.86,13.76,68.92,données du projet,60.89,61.07,61.79,71.89,60.01,61.25000000000005,64.53166666666665,81.32,95.17,95.17
EX24_Gafsa_2024_05,Gafsa,Gafsa,Sud-Ouest,2024,5,2024-05-15,34.422633,8.786947,480422.98,3809038.82,90,38.0,30.78,25.34,49.38,20.96,75.21,68.05,12.97,86.85,données du projet,68.92,60.89,61.07,65.33,84.24,63.62666666666672,64.03666666666666,82.76,95.04,95.04
EX24_Gafsa_2024_06,Gafsa,Gafsa,Sud-Ouest,2024,6,2024-06-15,34.374232,8.779037,479684.44,3803673.46,90,38.0,32.98,27.34,43.94,17.79,82.95,71.21,41.02,93.73,données du projet,86.85,68.92,60.89,66.22,89.28,72.22000000000004,67.62333333333333,100.0,100.0,100.0
EX24_Gafsa_2024_07,Gafsa,Gafsa,Sud-Ouest,2024,7,2024-07-15,34.446404,8.766692,478567.8,3811678.83,90,38.0,37.06,19.43,43.23,21.15,93.02,62.77,44.12,99.72,données du projet,93.73,86.85,68.92,61.79,98.2,83.16666666666671,72.20833333333333,98.55,91.45,91.45
EX24_Gafsa_2024_08,Gafsa,Gafsa,Sud-Ouest,2024,8,2024-08-15,34.39086,8.772359,479074.58,3805518.62,90,38.0,35.55,18.24,40.13,27.73,100.0,65.32,38.71,100.0,données du projet,99.72,93.73,86.85,61.07,93.08,93.4333333333334,78.53,86.12,81.25,81.25
EX24_Gafsa_2024_09,Gafsa,Gafsa,Sud-Ouest,2024,9,2024-09-15,34.441995,8.773189,479163.54,3811188.57,90,38.0,31.94,20.51,42.36,28.99,91.81,62.33,32.31,92.98,données du projet,100.0,99.72,93.73,60.89,85.45,97.81666666666672,85.01833333333333,76.64,68.99,68.99
EX24_Gafsa_2024_10,Gafsa,Gafsa,Sud-Ouest,2024,10,2024-10-15,34.459112,8.763708,478297.04,3813088.66,90,38.0,25.18,34.0,61.12,40.27,68.89,65.77,5.8,84.39,données du projet,92.98,100.0,99.72,68.92,71.89,97.56666666666672,90.36666666666667,59.28,62.24,62.24
EX24_Gafsa_2024_11,Gafsa,Gafsa,Sud-Ouest,2024,11,2024-11-15,34.457792,8.785009,480253.16,3812937.93,90,38.0,20.7,42.94,60.61,42.17,52.09,63.01,12.56,69.58,données du projet,84.39,92.98,100.0,86.85,65.33,92.4566666666667,92.94500000000001,43.63,51.91,51.91
EX24_Gafsa_2024_12,Gafsa,Gafsa,Sud-Ouest,2024,12,2024-12-15,34.439502,8.77196,479050.06,3810912.45,90,38.0,16.35,45.73,72.58,48.24,31.35,62.83,31.44,52.94,données du projet,69.58,84.39,92.98,93.73,66.22,82.31666666666672,90.06666666666666,45.98,55.76,55.76
EX24_Gafsa_2025_01,Gafsa,Gafsa,Sud-Ouest,2025,1,2025-01-15,34.402352,8.737276,475852.97,3806800.69,90,38.0,17.94,39.52,68.9,50.49,50.4,57.75,20.34,54.17,données du projet,52.94,69.58,84.39,99.72,61.79,68.97000000000004,83.26833333333333,54.64,60.62,60.62
EX24_Gafsa_2025_02,Gafsa,Gafsa,Sud-Ouest,2025,2,2025-02-15,34.41713,8.749922,477019.32,3808436.48,90,38.0,20.9,38.96,70.88,45.5,45.12,61.75,11.66,52.38,données du projet,54.17,52.94,69.58,100.0,61.07,58.89666666666671,75.67666666666666,50.96,67.24,67.24
EX24_Gafsa_2025_03,Gafsa,Gafsa,Sud-Ouest,2025,3,2025-03-15,34.400087,8.785408,480276.3,3806539.09,90,38.0,22.37,41.45,61.52,48.24,55.74,52.18,17.08,63.39,données du projet,52.38,54.17,52.94,92.98,60.89,53.163333333333384,67.74,83.34,81.67,81.67
EX24_Gafsa_2025_04,Gafsa,Gafsa,Sud-Ouest,2025,4,2025-04-15,34.422777,8.764854,478392.89,3809059.38,90,38.0,26.8,54.33,53.77,37.16,73.89,75.18,7.42,67.46,données du projet,63.39,52.38,54.17,84.39,68.92,56.64666666666671,62.80833333333333,68.9,89.71,89.71
EX24_Gafsa_2025_05,Gafsa,Gafsa,Sud-Ouest,2025,5,2025-05-15,34.441686,8.767195,478612.81,3811155.59,90,38.0,30.59,6.98,48.35,25.07,83.23,71.67,16.41,76.74,données du projet,67.46,63.39,52.38,69.58,86.85,61.07666666666671,59.98666666666666,100.0,94.74,94.74
EX24_Gafsa_2025_06,Gafsa,Gafsa,Sud-Ouest,2025,6,2025-06-15,34.403572,8.810991,482628.39,3806920.89,90,38.0,35.44,10.8,40.33,30.56,95.04,82.66,54.04,93.41,données du projet,76.74,67.46,63.39,52.94,93.73,69.19666666666672,61.18,90.35,93.51,93.51
EX24_Gafsa_2025_07,Gafsa,Gafsa,Sud-Ouest,2025,7,2025-07-15,34.439212,8.785652,480307.87,3810877.54,90,38.0,38.07,18.86,42.12,19.57,98.97,79.87,23.26,95.72,données du projet,93.41,76.74,67.46,54.17,99.72,79.20333333333338,67.925,94.87,84.29,84.29
EX24_Gafsa_2025_08,Gafsa,Gafsa,Sud-Ouest,2025,8,2025-08-15,34.423225,8.823193,483753.71,3809098.1,90,38.0,35.71,19.71,39.91,26.33,98.21,62.6,37.85,93.8,données du projet,95.72,93.41,76.74,52.38,100.0,88.62333333333338,74.85,96.35,81.41,81.41
EX24_Gafsa_2025_09,Gafsa,Gafsa,Sud-Ouest,2025,9,2025-09-15,34.362866,8.769628,478816.5,3802415.01,90,38.0,27.55,19.87,54.87,19.98,79.61,63.83,43.21,90.34,données du projet,93.8,95.72,93.41,63.39,92.98,94.31000000000004,81.75333333333333,77.37,69.1,69.1
EX24_Jendouba_2017_01,Jendouba,Jendouba,Nord-Ouest,2017,1,2017-01-15,36.516392,8.743253,477011.76,4041257.04,120,38.0,13.41,79.63,75.42,46.54,27.95,51.14,17.88,42.96,données du projet,53.51,53.02,62.61,89.58,37.36,56.38000000000005,70.35833333333333,48.64,61.99,61.99
EX24_Jendouba_2017_02,Jendouba,Jendouba,Nord-Ouest,2017,2,2017-02-15,36.496032,8.761666,478654.83,4038994.33,120,38.0,14.1,44.33,80.97,51.56,36.23,45.11,21.47,47.87,données du projet,42.96,53.51,53.02,86.84,41.07,49.83000000000005,62.58833333333334,52.08,65.78,65.78
EX24_Jendouba_2017_03,Jendouba,Jendouba,Nord-Ouest,2017,3,2017-03-15,36.489174,8.784371,480686.55,4038228.87,120,38.0,20.47,33.76,70.37,45.07,50.36,59.35,29.44,57.32,données du projet,47.87,42.96,53.51,76.59,58.77,48.11333333333338,56.093333333333334,79.91,71.47,71.47
EX24_Jendouba_2017_04,Jendouba,Jendouba,Nord-Ouest,2017,4,2017-04-15,36.547419,8.777352,480072.89,4044691.03,120,38.0,25.74,35.59,66.93,38.18,57.9,62.59,23.79,68.72,données du projet,57.32,47.87,42.96,62.61,70.21,49.38333333333338,52.88166666666667,69.49,72.17,72.17
EX24_Jendouba_2017_05,Jendouba,Jendouba,Nord-Ouest,2017,5,2017-05-15,36.554848,8.821321,484009.66,4045506.94,120,38.0,27.05,20.63,45.44,29.71,81.26,62.56,4.56,69.14,données du projet,68.72,57.32,47.87,53.02,72.62,57.97000000000005,53.9,70.64,83.11,83.11
EX24_Jendouba_2017_06,Jendouba,Jendouba,Nord-Ouest,2017,6,2017-06-15,36.463711,8.763602,478819.43,4035408.8,120,38.0,34.19,18.5,46.25,22.7,97.02,72.67,26.97,73.17,données du projet,69.14,68.72,57.32,53.51,85.48,65.06000000000004,56.586666666666666,86.87,83.43,83.43
EX24_Jendouba_2017_07,Jendouba,Jendouba,Nord-Ouest,2017,7,2017-07-15,36.483578,8.704413,473523.05,4037627.06,120,38.0,31.17,14.73,44.3,16.96,89.48,64.01,35.1,82.54,données du projet,73.17,69.14,68.72,42.96,89.58,70.34333333333338,59.86333333333332,99.71,80.37,80.37
EX24_Jendouba_2017_08,Jendouba,Jendouba,Nord-Ouest,2017,8,2017-08-15,36.486682,8.75732,478263.03,4037958.16,120,38.0,33.04,22.07,46.49,31.09,88.73,68.32,29.97,82.41,données du projet,82.54,73.17,69.14,47.87,86.84,74.95000000000006,66.46,55.09,69.46,69.46
EX24_Jendouba_2017_09,Jendouba,Jendouba,Nord-Ouest,2017,9,2017-09-15,36.443718,8.855549,487054.25,4033174.83,120,38.0,28.94,25.81,47.3,27.3,81.11,69.93,45.11,73.72,données du projet,82.41,82.54,73.17,57.32,76.59,79.37333333333338,72.21666666666667,51.32,58.92,58.92
EX24_Jendouba_2017_10,Jendouba,Jendouba,Nord-Ouest,2017,10,2017-10-15,36.485223,8.799292,482022.07,4037787.7,120,38.0,20.05,36.56,64.11,48.5,61.67,60.09,9.25,69.44,données du projet,73.72,82.41,82.54,68.72,62.61,79.55666666666671,74.95,77.43,47.55,47.55
EX24_Jendouba_2017_11,Jendouba,Jendouba,Nord-Ouest,2017,11,2017-11-15,36.505951,8.781376,480422.56,4040090.46,120,38.0,13.48,64.21,73.39,51.85,41.07,55.64,22.7,59.15,données du projet,69.44,73.72,82.41,69.14,53.02,75.19000000000005,75.07000000000001,50.99,53.01,53.01
EX24_Jendouba_2017_12,Jendouba,Jendouba,Nord-Ouest,2017,12,2017-12-15,36.504826,8.762494,478731.35,4039969.66,120,38.0,13.6,32.34,77.15,53.56,45.02,59.31,17.48,49.43,données du projet,59.15,69.44,73.72,73.17,53.51,67.43666666666671,73.405,54.78,52.57,52.57
EX24_Jendouba_2018_01,Jendouba,Jendouba,Nord-Ouest,2018,1,2018-01-15,36.51428,8.753593,477936.95,4041020.27,120,38.0,11.74,53.6,74.99,55.04,36.55,48.51,10.09,48.56,données du projet,49.43,59.15,69.44,82.54,42.96,59.34000000000005,69.44833333333332,33.32,58.16,58.16
EX24_Jendouba_2018_02,Jendouba,Jendouba,Nord-Ouest,2018,2,2018-02-15,36.503669,8.802218,482288.4,4039833.28,120,38.0,14.09,49.39,67.5,52.34,43.65,44.05,7.31,47.96,données du projet,48.56,49.43,59.15,82.41,47.87,52.38000000000005,63.785000000000004,39.11,64.53,64.53
EX24_Jendouba_2018_03,Jendouba,Jendouba,Nord-Ouest,2018,3,2018-03-15,36.492045,8.767939,479215.61,4038550.7,120,38.0,18.1,43.51,61.75,33.92,51.77,55.43,18.15,52.87,données du projet,47.96,48.56,49.43,73.72,57.32,48.650000000000055,58.04333333333333,85.67,70.79,70.79
EX24_Jendouba_2018_04,Jendouba,Jendouba,Nord-Ouest,2018,4,2018-04-15,36.486288,8.785795,480813.46,4037908.4,120,38.0,22.78,26.45,57.81,39.01,80.41,54.41,19.45,74.1,données du projet,52.87,47.96,48.56,69.44,68.72,49.79666666666672,54.568333333333335,77.93,80.48,80.48
EX24_Jendouba_2018_05,Jendouba,Jendouba,Nord-Ouest,2018,5,2018-05-15,36.51871,8.764529,478917.42,4041509.28,120,38.0,25.72,32.43,56.84,29.52,94.31,65.75,14.05,67.77,données du projet,74.1,52.87,47.96,59.15,69.14,58.31000000000005,55.345,100.0,87.37,87.37
EX24_Jendouba_2018_06,Jendouba,Jendouba,Nord-Ouest,2018,6,2018-06-15,36.54239,8.787701,480997.85,4044131.16,120,38.0,31.24,22.69,42.8,29.25,88.08,62.04,36.47,83.78,données du projet,67.77,74.1,52.87,49.43,73.17,64.91333333333337,56.78166666666666,81.79,89.27,89.27
EX24_Jendouba_2018_07,Jendouba,Jendouba,Nord-Ouest,2018,7,2018-07-15,36.579098,8.770372,479456.55,4048206.52,120,38.0,32.05,30.27,47.87,25.04,98.36,79.7,44.57,89.63,données du projet,83.78,67.77,74.1,48.56,82.54,75.21666666666671,62.50666666666667,88.84,83.97,83.97
EX24_Jendouba_2018_08,Jendouba,Jendouba,Nord-Ouest,2018,8,2018-08-15,36.526486,8.787075,480937.89,4042367.1,120,38.0,31.55,12.44,43.89,19.19,99.42,67.08,42.96,91.01,données du projet,89.63,83.78,67.77,47.96,82.41,80.39333333333339,69.35166666666667,92.01,77.78,77.78
EX24_Jendouba_2018_09,Jendouba,Jendouba,Nord-Ouest,2018,9,2018-09-15,36.545322,8.79764,481888.18,4044454.41,120,38.0,27.56,22.75,57.26,33.6,77.03,71.75,50.61,85.37,données du projet,91.01,89.63,83.78,52.87,73.72,88.14000000000006,76.52666666666666,51.87,62.51,62.51
EX24_Jendouba_2018_10,Jendouba,Jendouba,Nord-Ouest,2018,10,2018-10-15,36.540922,8.771897,479582.93,4043971.53,120,38.0,20.93,34.68,64.44,46.64,59.93,63.12,9.02,75.3,données du projet,85.37,91.01,89.63,74.1,69.44,88.67000000000006,81.94333333333333,67.61,44.92,44.92
EX24_Jendouba_2018_11,Jendouba,Jendouba,Nord-Ouest,2018,11,2018-11-15,36.484401,8.786934,480914.98,4037698.85,120,38.0,17.05,39.07,77.97,51.11,48.11,55.82,13.76,68.27,données du projet,75.3,85.37,91.01,67.77,59.15,83.89333333333339,82.14333333333333,48.35,39.64,39.64
EX24_Jendouba_2018_12,Jendouba,Jendouba,Nord-Ouest,2018,12,2018-12-15,36.570897,8.772837,479674.93,4047296.36,120,38.0,14.27,55.82,75.26,46.39,49.35,44.0,18.14,38.33,données du projet,68.27,75.3,85.37,83.78,49.43,76.31333333333339,82.22666666666667,43.94,48.05,48.05
EX24_Jendouba_2019_01,Jendouba,Jendouba,Nord-Ouest,2019,1,2019-01-15,36.488861,8.745404,477196.26,4038202.62,120,38.0,15.34,68.81,83.22,61.69,38.31,52.87,15.21,46.04,données du projet,38.33,68.27,75.3,89.63,48.56,60.63333333333338,74.65166666666666,38.81,54.93,54.93
EX24_Jendouba_2019_02,Jendouba,Jendouba,Nord-Ouest,2019,2,2019-02-15,36.526883,8.721831,475097.12,4042426.06,120,38.0,14.82,63.45,72.87,42.61,31.93,49.97,6.44,46.81,données du projet,46.04,38.33,68.27,91.01,47.96,50.88000000000005,67.38666666666667,62.11,61.78,61.78
EX24_Jendouba_2019_03,Jendouba,Jendouba,Nord-Ouest,2019,3,2019-03-15,36.49837,8.799747,482065.9,4039245.88,120,38.0,15.92,34.78,67.37,50.19,54.49,42.29,14.12,52.04,données du projet,46.81,46.04,38.33,85.37,52.87,43.726666666666716,60.02,63.1,70.11,70.11
EX24_Jendouba_2019_04,Jendouba,Jendouba,Nord-Ouest,2019,4,2019-04-15,36.544047,8.805358,482578.69,4044311.6,120,38.0,23.75,29.83,59.0,42.12,63.46,57.26,13.02,64.06,données du projet,52.04,46.81,46.04,75.3,74.1,48.29666666666672,54.465,83.55,76.24,76.24
EX24_Jendouba_2019_05,Jendouba,Jendouba,Nord-Ouest,2019,5,2019-05-15,36.537267,8.799488,482051.72,4043560.65,120,38.0,24.53,23.72,52.24,35.85,93.62,69.92,27.46,78.46,données du projet,64.06,52.04,46.81,68.27,67.77,54.30333333333339,52.59166666666667,63.06,86.83,86.83
EX24_Jendouba_2019_06,Jendouba,Jendouba,Nord-Ouest,2019,6,2019-06-15,36.505279,8.75445,478011.19,4040021.68,120,38.0,29.45,13.75,47.05,33.48,91.86,69.41,37.06,75.21,données du projet,78.46,64.06,52.04,38.33,83.78,64.8533333333334,54.29,71.87,83.91,83.91
EX24_Jendouba_2019_07,Jendouba,Jendouba,Nord-Ouest,2019,7,2019-07-15,36.504261,8.753032,477883.89,4039909.05,120,38.0,34.85,23.8,47.93,14.52,88.54,68.43,40.42,79.19,données du projet,75.21,78.46,64.06,46.04,89.63,72.57666666666671,60.43666666666666,92.72,79.14,79.14
EX24_Jendouba_2019_08,Jendouba,Jendouba,Nord-Ouest,2019,8,2019-08-15,36.493191,8.796143,481741.93,4038672.09,120,38.0,31.21,24.48,40.1,22.89,93.09,68.4,33.35,93.9,données du projet,79.19,75.21,78.46,46.81,91.01,77.62000000000005,65.96166666666666,63.87,64.18,64.18
EX24_Jendouba_2019_09,Jendouba,Jendouba,Nord-Ouest,2019,9,2019-09-15,36.492571,8.757832,478310.5,4038611.34,120,38.0,26.21,19.81,54.09,33.85,90.17,78.71,36.9,82.08,données du projet,93.9,79.19,75.21,52.04,85.37,82.76666666666672,73.81,67.45,51.47,51.47
EX24_Jendouba_2019_10,Jendouba,Jendouba,Nord-Ouest,2019,10,2019-10-15,36.509556,8.801281,482205.86,4040486.4,120,38.0,23.26,34.14,61.06,43.42,55.99,62.21,21.28,63.87,données du projet,82.08,93.9,79.19,64.06,75.3,85.05666666666671,78.81666666666666,43.0,40.27,40.27
EX24_Jendouba_2019_11,Jendouba,Jendouba,Nord-Ouest,2019,11,2019-11-15,36.494361,8.736544,476404.36,4038814.82,120,38.0,14.42,55.47,73.8,43.7,50.47,54.13,17.17,47.74,données du projet,63.87,82.08,93.9,78.46,68.27,79.95000000000005,78.785,48.47,46.93,46.93
EX24_Jendouba_2019_12,Jendouba,Jendouba,Nord-Ouest,2019,12,2019-12-15,36.46141,8.799219,482010.1,4035146.32,120,38.0,12.8,58.1,79.66,60.74,38.38,60.09,11.33,43.81,données du projet,47.74,63.87,82.08,75.21,38.33,64.56333333333339,73.665,36.27,54.08,54.08
EX24_Jendouba_2020_01,Jendouba,Jendouba,Nord-Ouest,2020,1,2020-01-15,36.471979,8.736859,476425.78,4036332.05,120,38.0,10.61,42.64,80.33,54.2,33.42,60.01,18.96,46.43,données du projet,43.81,47.74,63.87,79.19,46.04,51.80666666666672,68.43166666666667,63.93,61.33,61.33
EX24_Jendouba_2020_02,Jendouba,Jendouba,Nord-Ouest,2020,2,2020-02-15,36.49288,8.777248,480049.55,4038641.42,120,38.0,11.15,52.21,81.26,53.98,30.34,49.31,2.97,53.59,données du projet,46.43,43.81,47.74,93.9,46.81,45.99333333333339,62.97166666666667,65.64,67.04,67.04
EX24_Jendouba_2020_03,Jendouba,Jendouba,Nord-Ouest,2020,3,2020-03-15,36.541685,8.748174,477459.72,4044061.42,120,38.0,20.59,27.41,73.16,42.86,53.95,59.57,12.73,59.8,données du projet,53.59,46.43,43.81,82.08,52.04,47.943333333333385,56.25333333333333,66.42,78.58,78.58
EX24_Jendouba_2020_04,Jendouba,Jendouba,Nord-Ouest,2020,4,2020-04-15,36.482952,8.754995,478053.68,4037544.92,120,38.0,22.38,30.91,63.57,40.8,72.63,64.96,13.96,72.58,données du projet,59.8,53.59,46.43,63.87,64.06,53.27333333333339,52.54,60.14,82.86,82.86
EX24_Jendouba_2020_05,Jendouba,Jendouba,Nord-Ouest,2020,5,2020-05-15,36.531106,8.775518,479904.5,4042881.92,120,38.0,25.45,48.99,53.14,37.26,79.04,61.65,12.71,73.82,données du projet,72.58,59.8,53.59,47.74,78.46,61.990000000000045,53.99166666666667,75.46,98.11,98.11
EX24_Jendouba_2020_06,Jendouba,Jendouba,Nord-Ouest,2020,6,2020-06-15,36.541881,8.750315,477651.42,4044082.68,120,38.0,33.32,20.86,47.74,29.4,90.92,68.4,48.7,86.25,données du projet,73.82,72.58,59.8,43.81,75.21,68.73333333333338,58.33833333333333,91.9,96.14,96.14
EX24_Jendouba_2020_07,Jendouba,Jendouba,Nord-Ouest,2020,7,2020-07-15,36.468311,8.763621,478822.38,4035919.03,120,38.0,31.65,15.67,41.31,32.11,91.96,55.77,39.47,98.47,données du projet,86.25,73.82,72.58,46.43,79.19,77.55000000000005,65.41166666666666,98.75,81.63,81.63
EX24_Jendouba_2020_08,Jendouba,Jendouba,Nord-Ouest,2020,8,2020-08-15,36.466353,8.795451,481673.64,4035695.33,120,38.0,31.04,14.41,48.49,18.04,100.0,82.04,41.2,98.92,données du projet,98.47,86.25,73.82,53.59,93.9,86.18000000000005,74.085,89.55,68.86,68.86
EX24_Jendouba_2020_09,Jendouba,Jendouba,Nord-Ouest,2020,9,2020-09-15,36.502574,8.756664,478208.73,4039721.17,120,38.0,27.02,23.22,51.75,35.54,81.32,76.58,40.47,87.95,données du projet,98.92,98.47,86.25,59.8,82.08,94.54666666666672,81.64,76.14,61.59,61.59
EX24_Jendouba_2020_10,Jendouba,Jendouba,Nord-Ouest,2020,10,2020-10-15,36.506813,8.810916,483068.05,4040180.43,120,38.0,19.3,43.5,64.11,41.41,55.1,53.06,25.06,65.95,données du projet,87.95,98.92,98.47,72.58,63.87,95.11333333333339,86.33166666666666,63.06,58.72,58.72
EX24_Jendouba_2020_11,Jendouba,Jendouba,Nord-Ouest,2020,11,2020-11-15,36.559102,8.738558,476604.29,4045995.76,120,38.0,16.49,105.48,77.83,42.94,39.98,56.24,21.5,59.13,données du projet,65.95,87.95,98.92,73.82,47.74,84.27333333333338,85.22666666666667,66.15,55.08,55.08
EX24_Jendouba_2020_12,Jendouba,Jendouba,Nord-Ouest,2020,12,2020-12-15,36.494572,8.800106,482097.16,4038824.61,120,38.0,13.34,53.92,69.25,52.08,34.19,62.6,23.41,52.0,données du projet,59.13,65.95,87.95,86.25,43.81,71.01000000000005,82.77833333333334,69.46,58.34,58.34
EX24_Jendouba_2021_01,Jendouba,Jendouba,Nord-Ouest,2021,1,2021-01-15,36.52169,8.776853,480021.55,4041837.19,120,38.0,15.13,70.88,76.65,58.77,32.13,54.77,9.96,58.24,données du projet,52.0,59.13,65.95,98.47,46.43,59.02666666666672,77.07000000000001,19.01,58.52,58.52
EX24_Jendouba_2021_02,Jendouba,Jendouba,Nord-Ouest,2021,2,2021-02-15,36.515477,8.812311,483194.82,4041141.21,120,38.0,12.61,44.62,76.09,56.83,39.95,50.63,18.08,50.19,données du projet,58.24,52.0,59.13,98.92,53.59,56.45666666666671,70.36500000000001,75.39,70.92,70.92
EX24_Jendouba_2021_03,Jendouba,Jendouba,Nord-Ouest,2021,3,2021-03-15,36.535064,8.787663,480992.71,4043318.46,120,38.0,18.18,40.51,62.65,45.61,57.32,55.4,38.03,65.08,données du projet,50.19,58.24,52.0,87.95,59.8,53.476666666666716,62.24333333333334,61.64,77.55,77.55
EX24_Jendouba_2021_04,Jendouba,Jendouba,Nord-Ouest,2021,4,2021-04-15,36.402001,8.78457,480682.79,4028559.25,120,38.0,24.21,46.38,63.4,42.28,62.44,71.37,14.26,67.48,données du projet,65.08,50.19,58.24,65.95,72.58,57.83666666666672,58.431666666666665,59.85,82.34,82.34
EX24_Jendouba_2021_05,Jendouba,Jendouba,Nord-Ouest,2021,5,2021-05-15,36.470341,8.767285,479151.18,4036143.39,120,38.0,26.45,31.42,55.51,46.48,78.55,67.23,15.64,81.33,données du projet,67.48,65.08,50.19,59.13,73.82,60.916666666666714,58.68666666666667,100.0,82.85,82.85
EX24_Jendouba_2021_06,Jendouba,Jendouba,Nord-Ouest,2021,6,2021-06-15,36.477885,8.748193,477442.92,4036984.47,120,38.0,27.64,36.42,47.84,32.16,89.62,61.49,25.7,90.7,données du projet,81.33,67.48,65.08,52.0,86.25,71.29666666666672,62.38666666666666,81.56,85.27,85.27
EX24_Jendouba_2021_07,Jendouba,Jendouba,Nord-Ouest,2021,7,2021-07-15,36.539602,8.700604,473201.12,4043842.58,120,38.0,34.34,30.87,44.76,25.42,100.0,73.12,37.28,81.73,données du projet,90.7,81.33,67.48,58.24,98.47,79.83666666666672,68.83666666666666,100.0,87.39,87.39
EX24_Jendouba_2021_08,Jendouba,Jendouba,Nord-Ouest,2021,8,2021-08-15,36.507557,8.820621,483937.25,4040261.32,120,38.0,32.42,7.06,42.58,19.39,98.55,67.33,45.91,90.36,données du projet,81.73,90.7,81.33,50.19,98.92,84.58666666666672,72.75166666666667,74.58,75.87,75.87
EX24_Jendouba_2021_09,Jendouba,Jendouba,Nord-Ouest,2021,9,2021-09-15,36.454968,8.83263,485002.46,4034426.01,120,38.0,28.32,21.54,50.02,37.37,90.21,57.85,41.47,86.29,données du projet,90.36,81.73,90.7,65.08,87.95,87.59666666666674,79.44666666666667,85.22,59.79,59.79
EX24_Jendouba_2021_10,Jendouba,Jendouba,Nord-Ouest,2021,10,2021-10-15,36.49716,8.769904,479392.89,4039117.7,120,38.0,19.44,53.75,65.19,52.76,61.34,61.11,13.36,74.2,données du projet,86.29,90.36,81.73,67.48,65.95,86.12666666666672,82.98166666666667,65.21,53.72,53.72
EX24_Jendouba_2021_11,Jendouba,Jendouba,Nord-Ouest,2021,11,2021-11-15,36.493182,8.748995,477519.22,4038681.14,120,38.0,15.21,25.02,68.24,49.84,49.73,60.04,17.22,64.23,données du projet,74.2,86.29,90.36,81.33,59.13,83.61666666666672,84.10166666666667,51.68,51.5,51.5
EX24_Jendouba_2021_12,Jendouba,Jendouba,Nord-Ouest,2021,12,2021-12-15,36.470178,8.744294,477091.41,4036130.52,120,38.0,14.26,58.07,80.37,55.46,39.01,55.16,13.78,51.06,données du projet,64.23,74.2,86.29,90.7,52.0,74.90666666666671,81.25166666666667,51.09,51.37,51.37
EX24_Jendouba_2022_01,Jendouba,Jendouba,Nord-Ouest,2022,1,2022-01-15,36.478057,8.767252,479150.33,4036999.27,120,38.0,15.94,65.92,78.29,59.54,31.0,54.73,15.41,52.07,données du projet,51.06,64.23,74.2,81.73,58.24,63.16333333333338,74.645,30.48,60.49,60.49
EX24_Jendouba_2022_02,Jendouba,Jendouba,Nord-Ouest,2022,2,2022-02-15,36.496355,8.797193,481836.7,4039022.89,120,38.0,12.85,49.59,81.82,51.5,41.67,58.57,18.88,52.97,données du projet,52.07,51.06,64.23,90.36,50.19,55.78666666666672,69.70166666666667,65.04,68.55,68.55
EX24_Jendouba_2022_03,Jendouba,Jendouba,Nord-Ouest,2022,3,2022-03-15,36.545774,8.742237,476929.54,4044516.4,120,38.0,19.36,29.9,65.36,48.78,54.43,56.39,5.12,55.86,données du projet,52.97,52.07,51.06,86.29,65.08,52.03333333333338,63.47,91.34,79.86,79.86
EX24_Jendouba_2022_04,Jendouba,Jendouba,Nord-Ouest,2022,4,2022-04-15,36.438614,8.732384,476014.65,4032632.19,120,38.0,25.79,29.68,64.2,39.97,79.07,64.66,13.3,75.44,données du projet,55.86,52.97,52.07,74.2,67.48,53.63333333333338,58.39833333333333,83.51,87.36,87.36
EX24_Jendouba_2022_05,Jendouba,Jendouba,Nord-Ouest,2022,5,2022-05-15,36.514159,8.811082,483084.47,4040995.22,120,38.0,25.77,13.16,55.22,32.18,84.05,70.38,13.77,80.55,données du projet,75.44,55.86,52.97,64.23,81.33,61.42333333333338,58.605,74.2,89.18,89.18
EX24_Jendouba_2022_06,Jendouba,Jendouba,Nord-Ouest,2022,6,2022-06-15,36.518225,8.792602,481430.79,4041449.7,120,38.0,32.48,5.31,52.82,19.15,92.65,80.1,44.03,94.18,données du projet,80.55,75.44,55.86,51.06,90.7,70.61666666666672,61.324999999999996,100.0,93.21,93.21
EX24_Jendouba_2022_07,Jendouba,Jendouba,Nord-Ouest,2022,7,2022-07-15,36.502206,8.800542,482137.94,4039671.26,120,38.0,34.7,26.58,48.92,27.87,87.04,69.32,42.68,93.74,données du projet,94.18,80.55,75.44,52.07,81.73,83.39000000000004,68.51166666666667,75.1,83.05,83.05
EX24_Jendouba_2022_08,Jendouba,Jendouba,Nord-Ouest,2022,8,2022-08-15,36.514653,8.790313,481224.96,4041053.93,120,38.0,31.81,6.98,54.42,25.65,95.74,60.09,39.64,87.57,données du projet,93.74,94.18,80.55,52.97,90.36,89.49000000000005,75.45666666666666,73.56,70.89,70.89
EX24_Jendouba_2022_09,Jendouba,Jendouba,Nord-Ouest,2022,9,2022-09-15,36.481646,8.760224,478521.74,4037398.85,120,38.0,29.12,24.45,57.58,27.14,81.07,68.07,27.83,90.63,données du projet,87.57,93.74,94.18,55.86,86.29,91.83000000000004,81.22333333333334,59.85,59.2,59.2
EX24_Jendouba_2022_10,Jendouba,Jendouba,Nord-Ouest,2022,10,2022-10-15,36.532855,8.735855,476354.37,4043084.94,120,38.0,20.31,36.39,66.39,46.0,62.99,54.47,3.02,66.87,données du projet,90.63,87.57,93.74,75.44,74.2,90.6466666666667,87.01833333333333,58.85,47.28,47.28
EX24_Jendouba_2022_11,Jendouba,Jendouba,Nord-Ouest,2022,11,2022-11-15,36.513289,8.793599,481518.87,4040901.91,120,38.0,15.77,50.07,72.84,51.33,48.96,49.24,35.31,53.62,données du projet,66.87,90.63,87.57,80.55,64.23,81.69000000000004,85.58999999999999,42.56,52.07,52.07
EX24_Jendouba_2022_12,Jendouba,Jendouba,Nord-Ouest,2022,12,2022-12-15,36.531511,8.735838,476352.45,4042935.88,120,38.0,12.97,36.26,76.92,51.46,34.1,54.03,8.33,50.78,données du projet,53.62,66.87,90.63,94.18,51.06,70.37333333333338,81.10166666666666,46.21,52.72,52.72
EX24_Jendouba_2023_01,Jendouba,Jendouba,Nord-Ouest,2023,1,2023-01-15,36.531301,8.780443,480345.42,4042902.55,120,38.0,14.13,52.5,77.28,63.9,30.44,52.34,20.85,45.59,données du projet,50.78,53.62,66.87,93.74,52.07,57.09000000000005,73.86833333333333,45.79,65.03,65.03
EX24_Jendouba_2023_02,Jendouba,Jendouba,Nord-Ouest,2023,2,2023-02-15,36.539891,8.785047,480759.68,4043854.5,120,38.0,12.3,46.6,77.7,58.28,29.04,60.05,5.55,51.3,données du projet,45.59,50.78,53.62,87.57,52.97,49.99666666666672,65.84333333333333,66.04,75.83,75.83
EX24_Jendouba_2023_03,Jendouba,Jendouba,Nord-Ouest,2023,3,2023-03-15,36.507189,8.764445,478906.71,4040231.36,120,38.0,20.5,65.23,67.41,42.12,41.91,66.13,21.28,68.6,données du projet,51.3,45.59,50.78,90.63,55.86,49.22333333333338,59.79833333333334,73.63,73.98,73.98
EX24_Jendouba_2023_04,Jendouba,Jendouba,Nord-Ouest,2023,4,2023-04-15,36.467826,8.785347,480768.71,4035860.64,120,38.0,25.5,46.02,60.5,41.49,66.18,72.24,18.19,73.29,données du projet,68.6,51.3,45.59,66.87,75.44,55.16333333333338,56.126666666666665,70.81,84.12,84.12
EX24_Jendouba_2023_05,Jendouba,Jendouba,Nord-Ouest,2023,5,2023-05-15,36.537944,8.762643,478753.76,4043643.16,120,38.0,26.52,21.6,56.96,39.17,87.07,61.88,17.78,76.96,données du projet,73.29,68.6,51.3,53.62,80.55,64.3966666666667,57.19666666666666,94.85,88.15,88.15
EX24_Jendouba_2023_06,Jendouba,Jendouba,Nord-Ouest,2023,6,2023-06-15,36.495547,8.773829,479744.06,4038937.96,120,38.0,31.54,16.26,56.63,29.3,98.24,66.0,41.95,84.15,données du projet,76.96,73.29,68.6,50.78,94.18,72.95000000000005,61.086666666666666,85.0,89.98,89.98
EX24_Jendouba_2023_07,Jendouba,Jendouba,Nord-Ouest,2023,7,2023-07-15,36.507384,8.776005,479941.96,4040250.43,120,38.0,32.18,3.61,45.27,17.48,100.0,69.05,30.86,90.69,données du projet,84.15,76.96,73.29,45.59,93.74,78.13333333333338,66.64833333333333,100.0,85.47,85.47
EX24_Jendouba_2023_08,Jendouba,Jendouba,Nord-Ouest,2023,8,2023-08-15,36.483725,8.805905,482614.17,4037620.36,120,38.0,30.64,24.5,48.97,22.96,100.0,64.06,36.36,96.03,données du projet,90.69,84.15,76.96,51.3,87.57,83.93333333333338,74.165,87.31,78.04,78.04
EX24_Jendouba_2023_09,Jendouba,Jendouba,Nord-Ouest,2023,9,2023-09-15,36.455809,8.78258,480517.79,4034528.25,120,38.0,27.03,42.65,51.11,27.62,83.55,63.2,37.81,84.72,données du projet,96.03,90.69,84.15,68.6,90.63,90.29000000000003,81.62,90.53,73.03,73.03
EX24_Jendouba_2023_10,Jendouba,Jendouba,Nord-Ouest,2023,10,2023-10-15,36.506089,8.78052,480345.9,4040105.85,120,38.0,21.21,40.7,58.74,43.97,58.99,64.75,5.36,75.57,données du projet,84.72,96.03,90.69,73.29,66.87,90.48000000000006,84.30666666666666,75.24,67.21,67.21
EX24_Jendouba_2023_11,Jendouba,Jendouba,Nord-Ouest,2023,11,2023-11-15,36.515572,8.752862,477871.86,4041163.84,120,38.0,14.37,34.01,71.48,47.76,57.18,57.49,14.99,77.22,données du projet,75.57,84.72,96.03,76.96,53.62,85.44000000000005,84.68666666666667,63.91,51.49,51.49
EX24_Jendouba_2023_12,Jendouba,Jendouba,Nord-Ouest,2023,12,2023-12-15,36.455727,8.750911,477680.07,4034526.0,120,38.0,14.4,63.92,79.81,48.38,40.03,53.51,11.76,67.84,données du projet,77.22,75.57,84.72,84.15,50.78,79.17000000000004,84.73,54.17,52.71,52.71
EX24_Jendouba_2024_01,Jendouba,Jendouba,Nord-Ouest,2024,1,2024-01-15,36.562307,8.796801,481817.04,4046338.7,120,38.0,13.45,50.49,74.96,54.84,40.95,57.33,6.09,51.53,données du projet,67.84,77.22,75.57,90.69,45.59,73.54333333333338,82.01166666666667,43.62,53.42,53.42
EX24_Jendouba_2024_02,Jendouba,Jendouba,Nord-Ouest,2024,2,2024-02-15,36.5244,8.793174,481483.46,4042134.47,120,38.0,15.94,41.43,74.57,46.38,41.39,54.39,15.25,45.09,données du projet,51.53,67.84,77.22,96.03,51.3,65.53000000000004,75.485,64.02,63.27,63.27
EX24_Jendouba_2024_03,Jendouba,Jendouba,Nord-Ouest,2024,3,2024-03-15,36.524057,8.816921,483609.41,4042092.16,120,38.0,15.61,33.09,66.46,47.97,43.22,50.78,29.74,58.73,données du projet,45.09,51.53,67.84,84.72,68.6,54.82000000000005,66.995,63.73,74.09,74.09
EX24_Jendouba_2024_04,Jendouba,Jendouba,Nord-Ouest,2024,4,2024-04-15,36.515828,8.783205,480588.81,4041185.63,120,38.0,25.69,14.15,64.11,34.55,71.5,61.16,23.05,68.26,données du projet,58.73,45.09,51.53,75.57,73.29,51.78333333333338,62.663333333333334,83.08,79.3,79.3
EX24_Jendouba_2024_05,Jendouba,Jendouba,Nord-Ouest,2024,5,2024-05-15,36.495622,8.742691,476955.33,4038953.19,120,38.0,28.1,8.07,48.61,21.06,83.43,78.86,12.75,69.13,données du projet,68.26,58.73,45.09,77.22,76.96,57.36000000000005,61.445,86.57,84.6,84.6
EX24_Jendouba_2024_06,Jendouba,Jendouba,Nord-Ouest,2024,6,2024-06-15,36.457161,8.766713,479096.44,4034681.49,120,38.0,30.56,19.16,43.77,29.05,77.84,77.88,45.88,80.52,données du projet,69.13,68.26,58.73,67.84,84.15,65.37333333333338,60.09666666666667,92.47,92.57,92.57
EX24_Jendouba_2024_07,Jendouba,Jendouba,Nord-Ouest,2024,7,2024-07-15,36.473404,8.821247,483986.2,4036472.8,120,38.0,32.59,31.22,39.44,32.78,98.67,86.51,34.34,94.35,données du projet,80.52,69.13,68.26,51.53,90.69,72.63666666666671,62.21,83.67,86.13,86.13
EX24_Jendouba_2024_08,Jendouba,Jendouba,Nord-Ouest,2024,8,2024-08-15,36.520067,8.719684,474902.71,4041670.58,120,38.0,34.54,34.1,45.09,21.47,91.4,58.85,34.76,89.7,données du projet,94.35,80.52,69.13,45.09,96.03,81.33333333333337,69.34666666666668,97.46,77.95,77.95
EX24_Jendouba_2024_09,Jendouba,Jendouba,Nord-Ouest,2024,9,2024-09-15,36.495278,8.764506,478908.95,4038910.05,120,38.0,29.59,16.53,54.68,21.21,89.35,60.63,35.65,94.5,données du projet,89.7,94.35,80.52,58.73,84.72,88.19000000000005,76.78166666666667,79.31,58.1,58.1
EX24_Jendouba_2024_10,Jendouba,Jendouba,Nord-Ouest,2024,10,2024-10-15,36.491724,8.724983,475368.14,4038525.2,120,38.0,22.91,40.74,72.49,43.26,53.79,68.93,5.6,66.37,données du projet,94.5,89.7,94.35,68.26,75.57,92.85000000000007,82.74333333333333,58.38,49.29,49.29
EX24_Jendouba_2024_11,Jendouba,Jendouba,Nord-Ouest,2024,11,2024-11-15,36.5461,8.804196,482475.11,4044539.51,120,38.0,15.2,51.63,72.06,40.88,42.33,43.44,14.95,60.53,données du projet,66.37,94.5,89.7,69.13,77.22,83.52333333333338,82.42833333333333,69.82,42.41,42.41
EX24_Jendouba_2024_12,Jendouba,Jendouba,Nord-Ouest,2024,12,2024-12-15,36.506026,8.834407,485171.38,4040089.3,120,38.0,13.05,48.76,73.34,62.66,37.6,59.22,20.21,48.56,données du projet,60.53,66.37,94.5,80.52,67.84,73.80000000000005,80.995,56.42,50.33,50.33
EX24_Jendouba_2025_01,Jendouba,Jendouba,Nord-Ouest,2025,1,2025-01-15,36.493102,8.808651,482862.19,4038659.92,120,38.0,12.54,65.53,80.05,52.53,33.64,55.06,16.05,43.22,données du projet,48.56,60.53,66.37,94.35,51.53,58.486666666666714,75.66833333333334,20.49,57.97,57.97
EX24_Jendouba_2025_02,Jendouba,Jendouba,Nord-Ouest,2025,2,2025-02-15,36.498565,8.824597,484291.45,4039263.25,120,38.0,13.5,49.91,72.75,54.08,39.26,58.84,23.37,38.45,données du projet,43.22,48.56,60.53,89.7,45.09,50.770000000000046,67.14666666666666,59.74,76.15,76.15
EX24_Jendouba_2025_03,Jendouba,Jendouba,Nord-Ouest,2025,3,2025-03-15,36.443042,8.823237,484158.36,4033104.58,120,38.0,19.33,40.41,61.1,41.34,48.49,54.87,9.05,61.49,données du projet,38.45,43.22,48.56,94.5,58.73,43.410000000000046,58.605,65.56,79.34,79.34
EX24_Jendouba_2025_04,Jendouba,Jendouba,Nord-Ouest,2025,4,2025-04-15,36.507424,8.798948,481996.4,4040250.43,120,38.0,19.55,26.16,55.66,34.19,77.9,53.62,6.93,68.12,données du projet,61.49,38.45,43.22,66.37,68.26,47.72000000000005,53.10333333333333,89.85,90.34,90.34
EX24_Jendouba_2025_05,Jendouba,Jendouba,Nord-Ouest,2025,5,2025-05-15,36.493688,8.758332,478355.54,4038735.12,120,38.0,26.0,14.6,53.2,47.61,78.72,62.44,13.03,87.92,données du projet,68.12,61.49,38.45,60.53,69.13,56.020000000000046,53.395,95.01,90.42,90.42
EX24_Jendouba_2025_06,Jendouba,Jendouba,Nord-Ouest,2025,6,2025-06-15,36.5246,8.810934,483073.5,4042153.48,120,38.0,28.37,10.73,52.08,20.25,85.84,74.55,38.58,89.1,données du projet,87.92,68.12,61.49,48.56,80.52,72.51000000000005,57.96000000000001,100.0,90.31,90.31
EX24_Jendouba_2025_07,Jendouba,Jendouba,Nord-Ouest,2025,7,2025-07-15,36.527988,8.827934,484596.13,4042526.39,120,38.0,31.83,19.3,45.43,32.71,97.66,79.06,45.26,85.4,données du projet,89.1,87.92,68.12,43.22,94.35,81.71333333333338,64.71666666666667,100.0,88.34,88.34
EX24_Jendouba_2025_08,Jendouba,Jendouba,Nord-Ouest,2025,8,2025-08-15,36.493004,8.801667,482236.63,4038650.3,120,38.0,32.1,25.56,46.64,26.28,100.0,64.56,46.51,92.38,données du projet,85.4,89.1,87.92,38.45,89.7,87.47333333333337,71.74666666666667,80.36,71.44,71.44
EX24_Jendouba_2025_09,Jendouba,Jendouba,Nord-Ouest,2025,9,2025-09-15,36.481946,8.720502,474963.68,4037441.79,120,38.0,27.17,30.79,58.36,29.72,83.24,63.94,30.41,88.81,données du projet,92.38,85.4,89.1,61.49,94.5,88.96000000000004,80.735,88.93,62.78,62.78
EX24_Kairouan_2017_01,Kairouan,Kairouan,Centre,2017,1,2017-01-15,35.664336,10.077517,597525.8,3947254.11,130,45.0,12.86,66.6,75.34,63.03,41.67,51.74,24.89,41.83,données du projet,46.4,61.32,75.98,83.86,39.81,61.23333333333338,71.48333333333333,62.44,52.25,52.25
EX24_Kairouan_2017_02,Kairouan,Kairouan,Centre,2017,2,2017-02-15,35.6772,10.059037,595837.68,3948662.83,130,45.0,16.77,98.66,77.6,51.95,38.51,57.16,26.76,48.04,données du projet,41.83,46.4,61.32,85.45,45.42,49.850000000000044,64.47833333333334,51.01,61.47,61.47
EX24_Kairouan_2017_03,Kairouan,Kairouan,Centre,2017,3,2017-03-15,35.731139,10.105076,599936.8,3954691.37,130,45.0,20.65,65.4,73.07,43.33,38.16,67.8,11.23,50.9,données du projet,48.04,41.83,46.4,75.89,55.86,45.42333333333338,58.24333333333334,57.8,71.22,71.22
EX24_Kairouan_2017_04,Kairouan,Kairouan,Centre,2017,4,2017-04-15,35.662334,10.086092,598304.39,3947040.63,130,45.0,24.74,26.92,55.02,37.94,73.05,60.47,0.0,63.54,données du projet,50.9,48.04,41.83,75.98,70.92,46.92333333333338,54.07833333333334,50.08,78.56,78.56
EX24_Kairouan_2017_05,Kairouan,Kairouan,Centre,2017,5,2017-05-15,35.640328,10.110105,600505.53,3944624.17,130,45.0,26.84,20.21,57.84,41.27,92.72,68.73,15.86,66.11,données du projet,63.54,50.9,48.04,61.32,79.52,54.160000000000046,52.005,67.1,84.23,84.23
EX24_Kairouan_2017_06,Kairouan,Kairouan,Centre,2017,6,2017-06-15,35.695845,10.117025,601062.03,3950788.95,130,45.0,33.22,22.11,43.71,28.43,80.63,78.38,37.59,79.45,données du projet,66.11,63.54,50.9,46.4,80.92,60.18333333333339,52.803333333333335,81.66,83.79,83.79
EX24_Kairouan_2017_07,Kairouan,Kairouan,Centre,2017,7,2017-07-15,35.600575,10.102343,599852.17,3940207.08,130,45.0,35.6,32.34,42.85,27.25,94.7,81.31,48.69,86.75,données du projet,79.45,66.11,63.54,41.83,83.86,69.70000000000005,58.31166666666667,83.78,85.24,85.24
EX24_Kairouan_2017_08,Kairouan,Kairouan,Centre,2017,8,2017-08-15,35.67847,10.165423,605463.85,3948912.65,130,45.0,30.73,20.52,48.96,23.29,90.6,70.9,36.31,84.08,données du projet,86.75,79.45,66.11,48.04,85.45,77.43666666666672,65.79833333333333,84.68,65.55,65.55
EX24_Kairouan_2017_09,Kairouan,Kairouan,Centre,2017,9,2017-09-15,35.641501,10.15401,604479.2,3944800.0,130,45.0,26.82,22.4,56.7,39.15,67.33,75.85,35.21,84.98,données du projet,84.08,86.75,79.45,50.9,75.89,83.42666666666672,71.805,81.93,54.6,54.6
EX24_Kairouan_2017_10,Kairouan,Kairouan,Centre,2017,10,2017-10-15,35.720728,10.078743,597568.06,3953510.16,130,45.0,23.22,51.25,61.81,36.43,57.43,68.64,16.52,69.95,données du projet,84.98,84.08,86.75,63.54,75.98,85.27000000000005,77.485,47.28,45.51,45.51
EX24_Kairouan_2017_11,Kairouan,Kairouan,Centre,2017,11,2017-11-15,35.67411,10.120456,601399.97,3948381.7,130,45.0,20.6,50.83,74.29,44.12,34.57,67.77,19.86,45.16,données du projet,69.95,84.98,84.08,66.11,61.32,79.67000000000006,78.55333333333334,17.96,49.59,49.59
EX24_Kairouan_2017_12,Kairouan,Kairouan,Centre,2017,12,2017-12-15,35.652643,10.090196,598687.76,3945969.88,130,45.0,14.18,52.89,76.22,53.11,33.23,55.18,16.8,44.09,données du projet,45.16,69.95,84.98,79.45,46.4,66.69666666666672,75.06166666666667,23.35,52.9,52.9
EX24_Kairouan_2018_01,Kairouan,Kairouan,Centre,2018,1,2018-01-15,35.669107,10.072654,597079.84,3947778.56,130,45.0,15.93,50.51,71.44,57.84,36.62,56.47,10.86,38.07,données du projet,44.09,45.16,69.95,86.75,41.83,53.06666666666672,69.16833333333334,55.14,59.16,59.16
EX24_Kairouan_2018_02,Kairouan,Kairouan,Centre,2018,2,2018-02-15,35.622667,10.103188,599901.17,3942658.24,130,45.0,16.28,47.5,75.76,61.3,40.9,48.72,21.09,57.12,données du projet,38.07,44.09,45.16,84.08,48.04,42.44000000000005,61.05500000000001,47.17,60.68,60.68
EX24_Kairouan_2018_03,Kairouan,Kairouan,Centre,2018,3,2018-03-15,35.652701,10.120437,601425.29,3946007.12,130,45.0,20.32,36.68,60.99,48.87,52.04,65.93,7.75,49.05,données du projet,57.12,38.07,44.09,84.98,50.9,46.42666666666671,56.56166666666667,55.65,72.49,72.49
EX24_Kairouan_2018_04,Kairouan,Kairouan,Centre,2018,4,2018-04-15,35.683312,10.129318,602190.22,3949411.53,130,45.0,25.23,18.62,55.73,33.48,81.32,60.68,5.37,58.98,données du projet,49.05,57.12,38.07,69.95,63.54,48.08000000000004,50.57333333333333,62.51,78.4,78.4
EX24_Kairouan_2018_05,Kairouan,Kairouan,Centre,2018,5,2018-05-15,35.667017,10.097528,599333.73,3947571.57,130,45.0,27.13,24.86,59.34,43.61,77.59,72.23,23.91,63.91,données du projet,58.98,49.05,57.12,45.16,66.11,55.05000000000005,48.745,79.81,87.81,87.81
EX24_Kairouan_2018_06,Kairouan,Kairouan,Centre,2018,6,2018-06-15,35.711641,10.127415,601981.96,3952551.72,130,45.0,32.47,16.82,46.02,27.17,92.77,73.72,50.77,84.3,données du projet,63.91,58.98,49.05,44.09,79.45,57.31333333333338,51.87,80.76,87.57,87.57
EX24_Kairouan_2018_07,Kairouan,Kairouan,Centre,2018,7,2018-07-15,35.647899,10.077517,597545.8,3945431.08,130,45.0,33.61,15.35,44.13,18.55,97.74,72.78,40.32,95.42,données du projet,84.3,63.91,58.98,38.07,86.75,69.06333333333338,58.571666666666665,96.98,81.3,81.3
EX24_Kairouan_2018_08,Kairouan,Kairouan,Centre,2018,8,2018-08-15,35.658546,10.067423,596619.12,3946602.03,130,45.0,33.22,10.21,46.03,27.97,84.93,73.09,26.67,81.22,données du projet,95.42,84.3,63.91,57.12,84.08,81.21000000000005,68.13,69.06,71.67,71.67
EX24_Kairouan_2018_09,Kairouan,Kairouan,Centre,2018,9,2018-09-15,35.699816,10.110313,600449.73,3951222.47,130,45.0,29.03,19.93,55.04,39.42,82.83,60.26,44.64,77.79,données du projet,81.22,95.42,84.3,49.05,84.98,86.98000000000006,72.14666666666666,71.22,66.53,66.53
EX24_Kairouan_2018_10,Kairouan,Kairouan,Centre,2018,10,2018-10-15,35.637495,10.133528,602629.89,3944334.1,130,45.0,21.18,55.07,60.54,56.43,68.02,59.5,21.12,77.07,données du projet,77.79,81.22,95.42,58.98,69.95,84.81000000000004,76.93666666666667,87.73,53.46,53.46
EX24_Kairouan_2018_11,Kairouan,Kairouan,Centre,2018,11,2018-11-15,35.663401,10.107576,600247.68,3947180.69,130,45.0,18.63,42.49,69.92,53.32,55.3,58.71,5.67,70.76,données du projet,77.07,77.79,81.22,63.91,45.16,78.69333333333337,79.95166666666667,32.37,49.63,49.63
EX24_Kairouan_2018_12,Kairouan,Kairouan,Centre,2018,12,2018-12-15,35.694507,10.030187,593206.72,3950554.62,130,45.0,16.33,58.42,75.54,66.38,33.09,67.54,14.76,48.66,données du projet,70.76,77.07,77.79,84.3,44.09,75.20666666666672,81.09333333333333,54.27,52.43,52.43
EX24_Kairouan_2019_01,Kairouan,Kairouan,Centre,2019,1,2019-01-15,35.637025,10.129433,602259.67,3944277.78,130,45.0,14.49,55.06,72.96,53.13,39.28,48.58,12.96,50.13,données du projet,48.66,70.76,77.07,95.42,38.07,65.49666666666671,75.15333333333334,68.39,58.75,58.75
EX24_Kairouan_2019_02,Kairouan,Kairouan,Centre,2019,2,2019-02-15,35.691636,10.116062,600980.25,3950321.09,130,45.0,15.76,40.86,89.38,56.44,37.57,55.76,6.64,58.06,données du projet,50.13,48.66,70.76,81.22,57.12,56.51666666666671,67.605,54.99,65.63,65.63
EX24_Kairouan_2019_03,Kairouan,Kairouan,Centre,2019,3,2019-03-15,35.677148,10.116067,600998.89,3948714.11,130,45.0,19.92,67.92,65.45,40.26,48.26,65.75,0.0,53.89,données du projet,58.06,50.13,48.66,77.79,49.05,52.28333333333338,63.745000000000005,76.32,67.16,67.16
EX24_Kairouan_2019_04,Kairouan,Kairouan,Centre,2019,4,2019-04-15,35.65667,10.068227,596694.16,3946394.75,130,45.0,25.43,27.35,63.52,41.44,64.17,69.6,0.02,64.18,données du projet,53.89,58.06,50.13,77.07,58.98,54.026666666666706,59.76166666666666,88.06,75.53,75.53
EX24_Kairouan_2019_05,Kairouan,Kairouan,Centre,2019,5,2019-05-15,35.646052,10.113423,600798.73,3945262.4,130,45.0,26.09,35.02,52.81,41.01,80.78,74.39,25.2,67.98,données du projet,64.18,53.89,58.06,70.76,63.91,58.71000000000004,57.61333333333334,88.05,86.33,86.33
EX24_Kairouan_2019_06,Kairouan,Kairouan,Centre,2019,6,2019-06-15,35.710867,10.096939,599226.08,3952434.64,130,45.0,30.88,24.55,47.46,25.86,87.89,72.68,35.96,84.35,données du projet,67.98,64.18,53.89,48.66,84.3,62.01666666666671,57.150000000000006,74.91,82.31,82.31
EX24_Kairouan_2019_07,Kairouan,Kairouan,Centre,2019,7,2019-07-15,35.662576,10.076534,597438.93,3947057.98,130,45.0,36.39,19.53,40.29,20.7,97.28,66.7,31.6,79.85,données du projet,84.35,67.98,64.18,50.13,95.42,72.17000000000003,63.09833333333333,73.17,76.07,76.07
EX24_Kairouan_2019_08,Kairouan,Kairouan,Centre,2019,8,2019-08-15,35.659948,10.088005,598480.48,3946777.92,130,45.0,35.22,14.41,47.58,30.01,100.0,77.46,26.06,90.67,données du projet,79.85,84.35,67.98,58.06,81.22,77.39333333333337,68.05166666666666,75.76,65.27,65.27
EX24_Kairouan_2019_09,Kairouan,Kairouan,Centre,2019,9,2019-09-15,35.669463,10.128859,602166.35,3947875.0,130,45.0,27.5,24.4,47.45,35.04,85.9,73.82,46.65,80.73,données du projet,90.67,79.85,84.35,53.89,77.79,84.95666666666669,73.48666666666666,50.22,53.08,53.08
EX24_Kairouan_2019_10,Kairouan,Kairouan,Centre,2019,10,2019-10-15,35.66485,10.146799,603796.03,3947382.19,130,45.0,20.48,49.09,58.42,44.75,57.66,62.04,0.34,67.49,données du projet,80.73,90.67,79.85,64.18,77.07,83.75000000000004,77.96,49.79,50.45,50.45
EX24_Kairouan_2019_11,Kairouan,Kairouan,Centre,2019,11,2019-11-15,35.691457,10.171166,605966.44,3950359.29,130,45.0,21.44,48.12,67.77,50.61,52.22,56.03,15.02,56.61,données du projet,67.49,80.73,90.67,67.98,70.76,79.63000000000004,78.51166666666667,27.66,50.05,50.05
EX24_Kairouan_2019_12,Kairouan,Kairouan,Centre,2019,12,2019-12-15,35.693433,10.033557,593512.85,3950438.67,130,45.0,14.46,60.34,67.16,60.28,34.67,49.11,2.09,49.16,données du projet,56.61,67.49,80.73,84.35,48.66,68.2766666666667,76.61666666666666,62.46,52.41,52.41
EX24_Kairouan_2020_01,Kairouan,Kairouan,Centre,2020,1,2020-01-15,35.644496,10.112626,600728.53,3945088.97,130,45.0,15.66,71.76,84.85,55.78,34.02,55.37,4.79,53.44,données du projet,49.16,56.61,67.49,79.85,50.13,57.753333333333366,70.75166666666667,36.78,60.25,60.25
EX24_Kairouan_2020_02,Kairouan,Kairouan,Centre,2020,2,2020-02-15,35.687187,10.137858,602958.08,3949850.24,130,45.0,17.08,47.3,69.75,57.9,40.31,59.95,20.36,47.46,données du projet,53.44,49.16,56.61,90.67,58.06,53.07000000000003,66.35,68.56,65.92,65.92
EX24_Kairouan_2020_03,Kairouan,Kairouan,Centre,2020,3,2020-03-15,35.660607,10.079859,597742.26,3946842.88,130,45.0,20.38,53.88,69.49,50.31,56.57,52.56,12.6,60.61,données du projet,47.46,53.44,49.16,80.73,53.89,50.02000000000004,59.14833333333333,53.9,74.82,74.82
EX24_Kairouan_2020_04,Kairouan,Kairouan,Centre,2020,4,2020-04-15,35.635356,10.113693,600836.6,3944076.33,130,45.0,23.14,35.32,58.25,37.89,55.67,73.2,16.69,61.71,données du projet,60.61,47.46,53.44,67.49,64.18,53.8366666666667,55.794999999999995,84.34,77.63,77.63
EX24_Kairouan_2020_05,Kairouan,Kairouan,Centre,2020,5,2020-05-15,35.659964,10.087032,598392.4,3946778.75,130,45.0,26.02,27.85,52.14,36.76,82.97,59.82,10.17,77.63,données du projet,61.71,60.61,47.46,56.61,67.98,56.59333333333337,54.83166666666667,100.0,91.51,91.51
EX24_Kairouan_2020_06,Kairouan,Kairouan,Centre,2020,6,2020-06-15,35.643905,10.098033,599408.04,3945008.62,130,45.0,32.55,5.95,52.15,30.98,100.0,77.63,39.51,85.08,données du projet,77.63,61.71,60.61,49.16,84.35,66.65000000000003,58.335,85.11,84.23,84.23
EX24_Kairouan_2020_07,Kairouan,Kairouan,Centre,2020,7,2020-07-15,35.657333,10.048455,594903.54,3946448.99,130,45.0,37.51,8.09,42.53,24.56,93.2,73.77,33.79,83.07,données du projet,85.08,77.63,61.71,53.44,79.85,74.80666666666671,64.32166666666667,70.76,80.42,80.42
EX24_Kairouan_2020_08,Kairouan,Kairouan,Centre,2020,8,2020-08-15,35.656913,10.110572,600526.95,3946464.13,130,45.0,34.64,14.25,49.56,29.7,93.87,70.8,26.75,87.59,données du projet,83.07,85.08,77.63,47.46,90.67,81.92666666666669,69.26,67.47,68.03,68.03
EX24_Kairouan_2020_09,Kairouan,Kairouan,Centre,2020,9,2020-09-15,35.658484,10.103667,599899.95,3946631.39,130,45.0,27.33,24.73,53.5,42.62,84.46,76.27,47.06,85.02,données du projet,87.59,83.07,85.08,60.61,80.73,85.24666666666671,75.94833333333332,79.57,60.2,60.2
EX24_Kairouan_2020_10,Kairouan,Kairouan,Centre,2020,10,2020-10-15,35.665762,10.098128,599389.56,3947432.98,130,45.0,19.49,32.36,68.05,44.24,65.69,66.76,24.7,69.49,données du projet,85.02,87.59,83.07,61.71,67.49,85.2266666666667,80.01666666666667,35.7,46.9,46.9
EX24_Kairouan_2020_11,Kairouan,Kairouan,Centre,2020,11,2020-11-15,35.679374,10.095537,599138.21,3948940.15,130,45.0,20.37,63.05,69.23,52.03,32.96,59.84,1.54,51.52,données du projet,69.49,85.02,87.59,77.63,56.61,80.70000000000005,81.31333333333333,49.64,48.09,48.09
EX24_Kairouan_2020_12,Kairouan,Kairouan,Centre,2020,12,2020-12-15,35.669366,10.059225,595864.12,3947794.1,130,45.0,16.87,51.09,69.98,61.03,30.63,47.25,8.93,50.8,données du projet,51.52,69.49,85.02,85.08,49.16,68.67666666666669,76.96166666666666,24.41,49.8,49.8
EX24_Kairouan_2021_01,Kairouan,Kairouan,Centre,2021,1,2021-01-15,35.717102,10.066008,596420.51,3953095.37,130,45.0,14.78,57.1,81.15,53.28,36.58,52.66,6.71,40.59,données du projet,50.8,51.52,69.49,83.07,53.44,57.27000000000004,71.24833333333333,40.93,59.99,59.99
EX24_Kairouan_2021_02,Kairouan,Kairouan,Centre,2021,2,2021-02-15,35.649077,10.118147,601222.58,3945602.77,130,45.0,15.93,55.79,77.88,57.44,29.95,63.5,10.1,48.77,données du projet,40.59,50.8,51.52,87.59,47.46,47.636666666666706,64.16833333333334,34.47,68.31,68.31
EX24_Kairouan_2021_03,Kairouan,Kairouan,Centre,2021,3,2021-03-15,35.713388,10.067171,596530.2,3952684.52,130,45.0,20.04,55.74,65.54,46.99,56.95,59.44,6.71,61.23,données du projet,48.77,40.59,50.8,85.02,60.61,46.720000000000034,57.69833333333332,66.79,77.36,77.36
EX24_Kairouan_2021_04,Kairouan,Kairouan,Centre,2021,4,2021-04-15,35.678648,10.067373,596590.32,3948831.6,130,45.0,22.78,22.61,60.72,39.76,76.55,72.8,9.64,64.74,données du projet,61.23,48.77,40.59,69.49,61.71,50.19666666666671,53.73333333333333,72.71,84.61,84.61
EX24_Kairouan_2021_05,Kairouan,Kairouan,Centre,2021,5,2021-05-15,35.689901,10.141923,603322.42,3950155.54,130,45.0,26.9,35.67,53.31,35.1,66.37,72.3,13.41,77.93,données du projet,64.74,61.23,48.77,51.52,77.63,58.246666666666705,52.94166666666666,100.0,90.48,90.48
EX24_Kairouan_2021_06,Kairouan,Kairouan,Centre,2021,6,2021-06-15,35.63647,10.066731,596583.01,3944152.76,130,45.0,30.05,4.97,45.96,39.31,90.35,86.58,30.06,91.14,données du projet,77.93,64.74,61.23,50.8,85.08,67.96666666666671,57.34333333333334,78.6,88.88,88.88
EX24_Kairouan_2021_07,Kairouan,Kairouan,Centre,2021,7,2021-07-15,35.657052,10.109318,600413.35,3946478.3,130,45.0,36.26,6.76,48.84,22.33,97.84,77.72,53.51,86.65,données du projet,91.14,77.93,64.74,40.59,83.07,77.93666666666671,64.06666666666668,88.47,80.22,80.22
EX24_Kairouan_2021_08,Kairouan,Kairouan,Centre,2021,8,2021-08-15,35.591648,10.132593,602603.74,3939248.08,130,45.0,35.91,5.13,48.46,30.93,94.14,73.84,31.2,90.45,données du projet,86.65,91.14,77.93,48.77,87.59,85.24000000000005,71.74333333333333,71.41,74.8,74.8
EX24_Kairouan_2021_09,Kairouan,Kairouan,Centre,2021,9,2021-09-15,35.691649,10.095235,599095.69,3950301.36,130,45.0,28.66,30.39,58.58,31.47,82.54,68.87,37.26,83.92,données du projet,90.45,86.65,91.14,61.23,85.02,89.41333333333337,78.69,82.6,64.48,64.48
EX24_Kairouan_2021_10,Kairouan,Kairouan,Centre,2021,10,2021-10-15,35.672093,10.047711,594818.8,3948085.35,130,45.0,21.25,46.17,61.55,54.45,54.07,67.66,12.93,73.49,données du projet,83.92,90.45,86.65,64.74,69.49,87.00666666666672,82.47166666666666,75.97,53.93,53.93
EX24_Kairouan_2021_11,Kairouan,Kairouan,Centre,2021,11,2021-11-15,35.707509,10.119967,601313.46,3952085.72,130,45.0,18.05,29.73,64.83,45.08,55.89,55.7,29.98,58.7,données du projet,73.49,83.92,90.45,77.93,51.52,82.62000000000003,83.93,83.06,45.9,45.9
EX24_Kairouan_2021_12,Kairouan,Kairouan,Centre,2021,12,2021-12-15,35.693393,10.099677,599495.47,3950499.25,130,45.0,14.72,67.94,72.62,47.12,35.99,57.87,8.55,56.59,données du projet,58.7,73.49,83.92,91.14,50.8,72.0366666666667,80.725,39.43,46.71,46.71
EX24_Kairouan_2022_01,Kairouan,Kairouan,Centre,2022,1,2022-01-15,35.691145,10.062706,596152.99,3950213.13,130,45.0,14.5,45.3,78.48,63.95,41.4,53.31,24.34,45.24,données du projet,56.59,58.7,73.49,86.65,40.59,62.9266666666667,74.96666666666667,53.71,55.75,55.75
EX24_Kairouan_2022_02,Kairouan,Kairouan,Centre,2022,2,2022-02-15,35.656872,10.076587,597450.67,3946425.38,130,45.0,16.33,49.66,76.31,52.32,33.82,63.9,24.27,45.14,données du projet,45.24,56.59,58.7,90.45,48.77,53.51000000000004,68.06500000000001,47.16,61.55,61.55
EX24_Kairouan_2022_03,Kairouan,Kairouan,Centre,2022,3,2022-03-15,35.681932,10.116877,601066.15,3949245.6,130,45.0,19.2,30.2,67.54,40.47,46.18,65.21,4.55,57.24,données du projet,45.14,45.24,56.59,83.92,61.23,48.99000000000004,60.51333333333334,62.31,72.92,72.92
EX24_Kairouan_2022_04,Kairouan,Kairouan,Centre,2022,4,2022-04-15,35.695359,10.109012,600337.6,3950726.84,130,45.0,28.12,32.68,65.53,42.02,54.78,65.34,28.93,65.12,données du projet,57.24,45.14,45.24,73.49,64.74,49.206666666666706,56.06666666666667,63.2,86.35,86.35
EX24_Kairouan_2022_05,Kairouan,Kairouan,Centre,2022,5,2022-05-15,35.71429,10.167523,605606.68,3952887.92,130,45.0,27.45,54.88,51.59,31.15,74.45,76.57,8.14,78.36,données du projet,65.12,57.24,45.14,58.7,77.93,55.83333333333337,54.671666666666674,76.54,88.93,88.93
EX24_Kairouan_2022_06,Kairouan,Kairouan,Centre,2022,6,2022-06-15,35.674123,10.076479,597419.91,3948338.7,130,45.0,32.2,10.35,50.7,25.51,93.75,71.88,43.02,84.08,données du projet,78.36,65.12,57.24,56.59,91.14,66.90666666666671,57.948333333333345,100.0,89.15,89.15
EX24_Kairouan_2022_07,Kairouan,Kairouan,Centre,2022,7,2022-07-15,35.680192,10.099242,599472.49,3949034.57,130,45.0,35.0,4.44,48.43,33.55,89.09,64.19,35.29,90.17,données du projet,84.08,78.36,65.12,45.24,86.65,75.85333333333337,62.53,92.8,81.8,81.8
EX24_Kairouan_2022_08,Kairouan,Kairouan,Centre,2022,8,2022-08-15,35.685574,10.096666,599232.72,3949628.9,130,45.0,30.71,14.94,47.45,34.38,100.0,79.13,42.85,95.66,données du projet,90.17,84.08,78.36,45.14,90.45,84.20333333333338,70.01833333333333,97.86,72.35,72.35
EX24_Kairouan_2022_09,Kairouan,Kairouan,Centre,2022,9,2022-09-15,35.680585,10.127126,601995.35,3949106.78,130,45.0,27.78,29.19,47.82,30.77,87.05,72.85,37.41,83.2,données du projet,95.66,90.17,84.08,57.24,83.92,89.97000000000003,78.43833333333333,92.34,62.39,62.39
EX24_Kairouan_2022_10,Kairouan,Kairouan,Centre,2022,10,2022-10-15,35.67453,10.071326,596953.12,3948378.72,130,45.0,19.78,63.8,61.22,41.85,52.08,64.75,1.4,72.12,données du projet,83.2,95.66,90.17,65.12,73.49,89.67666666666669,82.765,65.1,60.3,60.3
EX24_Kairouan_2022_11,Kairouan,Kairouan,Centre,2022,11,2022-11-15,35.728687,10.076352,597342.08,3954390.54,130,45.0,18.64,48.85,72.89,52.28,51.63,51.62,16.68,65.48,données du projet,72.12,83.2,95.66,78.36,58.7,83.66000000000004,83.93166666666666,43.55,56.58,56.58
EX24_Kairouan_2022_12,Kairouan,Kairouan,Centre,2022,12,2022-12-15,35.691126,10.096206,599184.22,3950244.24,130,45.0,14.38,53.57,70.64,57.25,28.53,60.8,21.13,54.42,données du projet,65.48,72.12,83.2,84.08,56.59,73.60000000000004,81.78500000000001,58.25,54.09,54.09
EX24_Kairouan_2023_01,Kairouan,Kairouan,Centre,2023,1,2023-01-15,35.616345,10.093559,599036.96,3941947.26,130,45.0,16.22,64.06,83.81,58.03,28.86,67.26,15.52,55.68,données du projet,54.42,65.48,72.12,90.17,45.24,64.0066666666667,76.84166666666667,44.55,57.27,57.27
EX24_Kairouan_2023_02,Kairouan,Kairouan,Centre,2023,2,2023-02-15,35.652882,10.10954,600438.61,3946016.05,130,45.0,16.49,57.25,76.96,55.96,44.68,53.3,19.71,49.82,données du projet,55.68,54.42,65.48,95.66,45.14,58.526666666666706,71.09333333333333,45.2,69.84,69.84
EX24_Kairouan_2023_03,Kairouan,Kairouan,Centre,2023,3,2023-03-15,35.684586,10.115894,600973.93,3949539.01,130,45.0,22.61,37.26,60.88,46.92,58.73,56.96,10.12,60.76,données du projet,49.82,55.68,54.42,83.2,57.24,53.30666666666671,63.45333333333334,51.3,77.47,77.47
EX24_Kairouan_2023_04,Kairouan,Kairouan,Centre,2023,4,2023-04-15,35.676005,10.068983,596739.22,3948540.0,130,45.0,26.12,59.53,66.54,41.1,59.93,60.35,25.71,71.61,données du projet,60.76,49.82,55.68,72.12,65.12,55.42000000000004,59.71333333333334,58.33,83.54,83.54
EX24_Kairouan_2023_05,Kairouan,Kairouan,Centre,2023,5,2023-05-15,35.644917,10.084768,598205.82,3945107.53,130,45.0,28.16,26.65,52.37,32.8,80.78,76.0,3.33,68.22,données du projet,71.61,60.76,49.82,65.48,78.36,60.73000000000004,59.62833333333333,70.23,88.72,88.72
EX24_Kairouan_2023_06,Kairouan,Kairouan,Centre,2023,6,2023-06-15,35.73572,10.083078,597941.79,3955177.26,130,45.0,31.28,32.36,46.29,26.81,85.23,57.53,32.51,81.55,données du projet,68.22,71.61,60.76,54.42,84.08,66.86333333333337,60.085,100.0,88.09,88.09
EX24_Kairouan_2023_07,Kairouan,Kairouan,Centre,2023,7,2023-07-15,35.643584,10.10326,599881.73,3944978.36,130,45.0,34.19,19.97,38.51,19.48,100.0,73.99,36.19,96.51,données du projet,81.55,68.22,71.61,55.68,90.17,73.79333333333336,64.60666666666667,99.96,75.97,75.97
EX24_Kairouan_2023_08,Kairouan,Kairouan,Centre,2023,8,2023-08-15,35.666356,10.09262,598890.28,3947493.26,130,45.0,33.33,2.37,42.5,27.0,100.0,77.68,56.26,95.14,données du projet,96.51,81.55,68.22,49.82,95.66,82.09333333333338,71.41166666666666,70.28,70.36,70.36
EX24_Kairouan_2023_09,Kairouan,Kairouan,Centre,2023,9,2023-09-15,35.664247,10.067161,596588.56,3947234.01,130,45.0,31.03,20.54,52.37,36.1,70.08,68.77,35.15,77.91,données du projet,95.14,96.51,81.55,60.76,83.2,91.0666666666667,78.96499999999999,84.13,61.69,61.69
EX24_Kairouan_2023_10,Kairouan,Kairouan,Centre,2023,10,2023-10-15,35.64364,10.093057,598957.9,3944974.21,130,45.0,23.02,45.24,63.43,49.19,55.73,61.94,2.46,69.53,données du projet,77.91,95.14,96.51,71.61,72.12,89.85333333333337,81.82333333333334,59.85,61.77,61.77
EX24_Kairouan_2023_11,Kairouan,Kairouan,Centre,2023,11,2023-11-15,35.70133,10.063234,596188.51,3951343.22,130,45.0,17.99,51.88,71.64,44.61,38.56,66.25,22.05,60.61,données du projet,69.53,77.91,95.14,68.22,65.48,80.86000000000003,81.47666666666667,64.79,59.59,59.59
EX24_Kairouan_2023_12,Kairouan,Kairouan,Centre,2023,12,2023-12-15,35.675869,10.095548,599143.56,3948551.43,130,45.0,12.45,53.29,69.7,57.47,50.79,53.21,10.09,52.27,données du projet,60.61,69.53,77.91,81.55,54.42,69.35000000000004,80.20833333333333,68.01,54.59,54.59
EX24_Kairouan_2024_01,Kairouan,Kairouan,Centre,2024,1,2024-01-15,35.691818,10.077828,597520.49,3950302.67,130,45.0,17.15,47.48,74.26,48.93,37.01,55.33,17.85,52.82,données du projet,52.27,60.61,69.53,96.51,55.68,60.80333333333337,75.32833333333333,47.61,59.29,59.29
EX24_Kairouan_2024_02,Kairouan,Kairouan,Centre,2024,2,2024-02-15,35.633642,10.05215,595266.21,3943824.88,130,45.0,17.63,69.41,80.49,44.2,26.69,56.66,18.68,56.12,données du projet,52.82,52.27,60.61,95.14,49.82,55.23333333333337,68.04666666666667,42.08,60.12,60.12
EX24_Kairouan_2024_03,Kairouan,Kairouan,Centre,2024,3,2024-03-15,35.680049,10.061608,596066.97,3948981.23,130,45.0,21.41,57.54,65.95,52.04,50.63,67.35,7.92,59.73,données du projet,56.12,52.82,52.27,77.91,60.76,53.73666666666671,61.54333333333333,51.52,64.73,64.73
EX24_Kairouan_2024_04,Kairouan,Kairouan,Centre,2024,4,2024-04-15,35.648611,10.11918,601316.68,3945552.22,130,45.0,24.56,35.79,61.51,49.4,64.27,69.2,16.5,63.07,données du projet,59.73,56.12,52.82,69.53,71.61,56.223333333333365,58.51333333333333,57.63,76.07,76.07
EX24_Kairouan_2024_05,Kairouan,Kairouan,Centre,2024,5,2024-05-15,35.650109,10.090716,598737.99,3945689.35,130,45.0,30.57,22.86,57.43,38.46,67.66,60.05,8.27,58.36,données du projet,63.07,59.73,56.12,60.61,68.22,59.640000000000036,57.43666666666667,83.18,87.89,87.89
EX24_Kairouan_2024_06,Kairouan,Kairouan,Centre,2024,6,2024-06-15,35.646341,10.081325,597892.44,3945262.01,130,45.0,34.68,3.58,41.59,29.65,86.66,68.32,35.11,78.06,données du projet,58.36,63.07,59.73,52.27,81.55,60.386666666666706,57.06166666666667,91.99,92.44,92.44
EX24_Kairouan_2024_07,Kairouan,Kairouan,Centre,2024,7,2024-07-15,35.696076,10.186363,607335.31,3950888.17,130,45.0,36.36,2.87,48.98,24.96,100.0,71.59,33.62,91.16,données du projet,78.06,58.36,63.07,52.82,96.51,66.49666666666671,61.36000000000001,97.9,88.77,88.77
EX24_Kairouan_2024_08,Kairouan,Kairouan,Centre,2024,8,2024-08-15,35.682321,10.097755,599335.31,3949269.25,130,45.0,32.86,8.66,47.91,32.18,94.72,79.67,33.06,90.13,données du projet,91.16,78.06,58.36,56.12,95.14,75.86000000000004,67.75,77.18,76.44,76.44
EX24_Kairouan_2024_09,Kairouan,Kairouan,Centre,2024,9,2024-09-15,35.724304,10.03826,593902.16,3953867.26,130,45.0,30.93,23.68,53.55,28.64,80.54,71.06,48.22,88.89,données du projet,90.13,91.16,78.06,59.73,77.91,86.45000000000005,73.41833333333334,69.29,68.18,68.18
EX24_Kairouan_2024_10,Kairouan,Kairouan,Centre,2024,10,2024-10-15,35.632448,10.127724,602110.75,3943768.32,130,45.0,22.65,32.41,70.76,49.15,55.37,77.24,27.72,74.0,données du projet,88.89,90.13,91.16,63.07,69.53,90.06000000000004,78.27833333333334,73.52,60.76,60.76
EX24_Kairouan_2024_11,Kairouan,Kairouan,Centre,2024,11,2024-11-15,35.663324,10.105665,600074.76,3947170.25,130,45.0,18.59,58.72,73.04,59.49,51.15,67.13,27.25,69.16,données du projet,74.0,88.89,90.13,58.36,60.61,84.34000000000003,80.10000000000001,54.84,53.98,53.98
EX24_Kairouan_2024_12,Kairouan,Kairouan,Centre,2024,12,2024-12-15,35.703353,10.051991,595168.96,3951556.71,130,45.0,15.9,52.81,76.04,47.78,22.74,60.9,7.87,58.75,données du projet,69.16,74.0,88.89,78.06,52.27,77.35000000000004,81.89999999999999,61.83,63.13,63.13
EX24_Kairouan_2025_01,Kairouan,Kairouan,Centre,2025,1,2025-01-15,35.693249,10.131456,602371.04,3950515.95,130,45.0,14.56,52.68,68.67,57.3,35.19,58.1,14.14,53.06,données du projet,58.75,69.16,74.0,91.16,52.82,67.30333333333338,78.68166666666666,61.3,70.13,70.13
EX24_Kairouan_2025_02,Kairouan,Kairouan,Centre,2025,2,2025-02-15,35.728796,10.133972,602553.16,3954461.25,130,45.0,15.75,71.03,71.43,53.56,46.26,47.45,15.71,60.1,données du projet,53.06,58.75,69.16,90.13,56.12,60.32333333333337,72.33166666666666,68.78,70.1,70.1
EX24_Kairouan_2025_03,Kairouan,Kairouan,Centre,2025,3,2025-03-15,35.652487,10.066291,596523.97,3945928.87,130,45.0,19.68,51.33,74.01,48.85,63.59,70.44,15.36,73.19,données du projet,60.1,53.06,58.75,88.89,59.73,57.30333333333337,67.32666666666667,64.66,74.62,74.62
EX24_Kairouan_2025_04,Kairouan,Kairouan,Centre,2025,4,2025-04-15,35.65542,10.086919,598387.69,3946274.64,130,45.0,26.41,40.79,61.5,39.43,51.08,70.53,10.12,62.93,données du projet,73.19,60.1,53.06,74.0,63.07,62.1166666666667,64.71,64.51,83.22,83.22
EX24_Kairouan_2025_05,Kairouan,Kairouan,Centre,2025,5,2025-05-15,35.650117,10.085411,598257.7,3945684.92,130,45.0,28.57,23.44,58.67,44.67,80.78,78.32,15.91,72.13,données du projet,62.93,73.19,60.1,69.16,58.36,65.40666666666671,62.865,74.6,92.35,92.35
EX24_Kairouan_2025_06,Kairouan,Kairouan,Centre,2025,6,2025-06-15,35.71234,10.084352,598085.65,3952585.32,130,45.0,30.21,1.28,51.64,27.71,91.47,80.9,42.97,86.82,données du projet,72.13,62.93,73.19,58.75,78.06,69.4166666666667,63.36000000000001,88.19,90.13,90.13
EX24_Kairouan_2025_07,Kairouan,Kairouan,Centre,2025,7,2025-07-15,35.639382,10.070435,596914.92,3944479.37,130,45.0,32.96,23.9,38.83,27.96,90.95,87.17,31.09,90.14,données du projet,86.82,72.13,62.93,53.06,91.16,73.96000000000004,68.03833333333334,85.18,86.96,86.96
EX24_Kairouan_2025_08,Kairouan,Kairouan,Centre,2025,8,2025-08-15,35.703231,10.076518,597388.08,3951567.19,130,45.0,30.78,27.01,44.26,23.0,86.19,74.69,29.11,96.58,données du projet,90.14,86.82,72.13,60.1,90.13,83.03000000000003,74.21833333333333,81.41,79.81,79.81
EX24_Kairouan_2025_09,Kairouan,Kairouan,Centre,2025,9,2025-09-15,35.668981,10.148094,603907.91,3947841.71,130,45.0,29.63,24.45,55.21,38.1,84.59,73.28,36.17,83.94,données du projet,96.58,90.14,86.82,73.19,88.89,91.18000000000002,80.29833333333333,68.89,69.94,69.94
EX24_Kasserine_2017_01,Kasserine,Kasserine,Centre-Ouest,2017,1,2017-01-15,35.21293,8.833292,484827.14,3896669.29,75,34.0,15.36,47.78,69.85,50.11,31.71,38.07,0.0,55.75,données du projet,44.59,62.1,67.99,86.68,33.39,58.22666666666671,72.72833333333334,53.6,64.65,64.65
EX24_Kasserine_2017_02,Kasserine,Kasserine,Centre-Ouest,2017,2,2017-02-15,35.210291,8.872318,488378.66,3896371.43,75,34.0,17.71,42.18,78.66,52.28,51.91,48.87,26.86,59.54,données du projet,55.75,44.59,62.1,90.61,42.56,54.146666666666704,67.57333333333334,34.73,64.78,64.78
EX24_Kasserine_2017_03,Kasserine,Kasserine,Centre-Ouest,2017,3,2017-03-15,35.149372,8.807468,482463.14,3889625.04,75,34.0,21.55,43.36,61.96,41.81,54.44,55.5,11.85,57.42,données du projet,59.54,55.75,44.59,84.4,55.88,53.29333333333337,62.395,73.84,86.35,86.35
EX24_Kasserine_2017_04,Kasserine,Kasserine,Centre-Ouest,2017,4,2017-04-15,35.192998,8.873339,488469.16,3894453.54,75,34.0,23.83,33.29,57.67,39.37,75.69,53.62,25.86,72.03,données du projet,57.42,59.54,55.75,67.99,62.17,57.57000000000004,57.89833333333334,65.41,92.31,92.31
EX24_Kasserine_2017_05,Kasserine,Kasserine,Centre-Ouest,2017,5,2017-05-15,35.121788,8.814955,483139.36,3886564.72,75,34.0,26.54,38.25,48.6,29.77,87.46,66.95,26.22,82.52,données du projet,72.03,57.42,59.54,62.1,65.54,62.996666666666705,58.571666666666665,100.0,90.79,90.79
EX24_Kasserine_2017_06,Kasserine,Kasserine,Centre-Ouest,2017,6,2017-06-15,35.137212,8.783251,480254.31,3888281.03,75,34.0,32.17,5.28,38.65,22.07,98.9,70.85,39.68,94.62,données du projet,82.52,72.03,57.42,44.59,87.27,70.6566666666667,61.975,100.0,87.25,87.25
EX24_Kasserine_2017_07,Kasserine,Kasserine,Centre-Ouest,2017,7,2017-07-15,35.178265,8.839938,485425.81,3892823.95,75,34.0,37.11,28.94,40.16,25.71,91.25,71.53,40.03,94.08,données du projet,94.62,82.52,72.03,55.75,86.68,83.05666666666671,70.31333333333333,87.17,87.04,87.04
EX24_Kasserine_2017_08,Kasserine,Kasserine,Centre-Ouest,2017,8,2017-08-15,35.135803,8.804592,482198.17,3888120.77,75,34.0,34.64,37.9,44.03,25.32,79.5,63.95,30.84,83.69,données du projet,94.08,94.62,82.52,59.54,90.61,90.40666666666671,76.70166666666667,83.04,77.57,77.57
EX24_Kasserine_2017_09,Kasserine,Kasserine,Centre-Ouest,2017,9,2017-09-15,35.196825,8.818752,483500.51,3894885.56,75,34.0,30.95,36.66,53.8,29.14,87.4,59.51,32.69,90.42,données du projet,83.69,94.08,94.62,57.42,84.4,90.7966666666667,80.72666666666667,98.14,58.89,58.89
EX24_Kasserine_2017_10,Kasserine,Kasserine,Centre-Ouest,2017,10,2017-10-15,35.124688,8.866881,487871.08,3886878.76,75,34.0,23.59,18.43,62.47,36.07,75.65,45.17,15.89,78.55,données du projet,90.42,83.69,94.08,72.03,67.99,89.3966666666667,86.22666666666667,66.56,54.14,54.14
EX24_Kasserine_2017_11,Kasserine,Kasserine,Centre-Ouest,2017,11,2017-11-15,35.218079,8.846841,486061.14,3897238.42,75,34.0,16.51,47.19,67.86,49.18,40.92,49.09,13.5,65.19,données du projet,78.55,90.42,83.69,82.52,62.1,84.22000000000004,87.31333333333333,59.81,47.29,47.29
EX24_Kasserine_2017_12,Kasserine,Kasserine,Centre-Ouest,2017,12,2017-12-15,35.204997,8.828308,484372.02,3895790.39,75,34.0,15.9,31.36,71.65,49.38,43.61,52.64,19.29,45.92,données du projet,65.19,78.55,90.42,94.62,44.59,78.05333333333337,84.425,62.4,45.42,45.42
EX24_Kasserine_2018_01,Kasserine,Kasserine,Centre-Ouest,2018,1,2018-01-15,35.171532,8.814347,483094.32,3892081.37,75,34.0,14.83,43.9,76.07,64.15,35.82,61.06,2.86,52.27,données du projet,45.92,65.19,78.55,94.08,55.75,63.22000000000005,76.30833333333332,46.45,50.58,50.58
EX24_Kasserine_2018_02,Kasserine,Kasserine,Centre-Ouest,2018,2,2018-02-15,35.186796,8.87733,488831.66,3893765.22,75,34.0,15.56,48.83,72.92,55.04,35.88,56.9,26.73,47.05,données du projet,52.27,45.92,65.19,83.69,59.54,54.460000000000036,69.33999999999999,38.71,58.84,58.84
EX24_Kasserine_2018_03,Kasserine,Kasserine,Centre-Ouest,2018,3,2018-03-15,35.142193,8.866454,487834.82,3888820.12,75,34.0,22.71,55.49,68.31,41.34,45.32,58.59,18.84,45.55,données du projet,47.05,52.27,45.92,90.42,57.42,48.41333333333338,63.23333333333333,43.39,70.9,70.9
EX24_Kasserine_2018_04,Kasserine,Kasserine,Centre-Ouest,2018,4,2018-04-15,35.148767,8.846516,486019.72,3889551.78,75,34.0,26.67,19.99,58.33,35.25,74.64,53.24,20.42,55.41,données du projet,45.55,47.05,52.27,78.55,72.03,48.29000000000004,55.755,86.12,82.49,82.49
EX24_Kasserine_2018_05,Kasserine,Kasserine,Centre-Ouest,2018,5,2018-05-15,35.136855,8.876239,488725.46,3888226.94,75,34.0,29.03,12.32,51.56,31.5,98.82,66.28,11.67,80.58,données du projet,55.41,45.55,47.05,65.19,82.52,49.3366666666667,51.89833333333333,70.59,91.23,91.23
EX24_Kasserine_2018_06,Kasserine,Kasserine,Centre-Ouest,2018,6,2018-06-15,35.214211,8.833454,484842.08,3896811.37,75,34.0,33.07,42.72,40.96,23.57,76.58,65.94,40.77,84.65,données du projet,80.58,55.41,45.55,45.92,94.62,60.51333333333337,54.46333333333333,96.8,86.19,86.19
EX24_Kasserine_2018_07,Kasserine,Kasserine,Centre-Ouest,2018,7,2018-07-15,35.153678,8.840344,485458.43,3890097.25,75,34.0,34.65,6.46,36.46,36.63,100.0,70.8,51.09,93.99,données du projet,84.65,80.58,55.41,52.27,94.08,73.5466666666667,60.91833333333333,80.58,81.87,81.87
EX24_Kasserine_2018_08,Kasserine,Kasserine,Centre-Ouest,2018,8,2018-08-15,35.176369,8.846755,486046.24,3892612.75,75,34.0,35.5,30.36,39.97,21.89,96.17,62.49,43.06,93.13,données du projet,93.99,84.65,80.58,47.05,83.69,86.4066666666667,67.87166666666667,78.11,71.47,71.47
EX24_Kasserine_2018_09,Kasserine,Kasserine,Centre-Ouest,2018,9,2018-09-15,35.156771,8.870705,488224.16,3890436.27,75,34.0,31.76,44.5,50.22,25.67,77.6,59.04,38.45,82.51,données du projet,93.13,93.99,84.65,45.55,90.42,90.59000000000003,75.55166666666666,79.42,57.3,57.3
EX24_Kasserine_2018_10,Kasserine,Kasserine,Centre-Ouest,2018,10,2018-10-15,35.179363,8.829417,484468.06,3892947.39,75,34.0,22.7,36.92,58.19,45.67,69.47,49.89,5.31,71.84,données du projet,82.51,93.13,93.99,55.41,78.55,89.87666666666671,81.71166666666666,64.6,51.38,51.38
EX24_Kasserine_2018_11,Kasserine,Kasserine,Centre-Ouest,2018,11,2018-11-15,35.183299,8.830059,484527.25,3893383.71,75,34.0,19.82,52.71,73.09,49.72,46.27,33.54,6.61,57.71,données du projet,71.84,82.51,93.13,80.58,65.19,82.49333333333337,84.45,58.05,46.54,46.54
EX24_Kasserine_2018_12,Kasserine,Kasserine,Centre-Ouest,2018,12,2018-12-15,35.179789,8.835061,484982.04,3892993.74,75,34.0,18.08,53.38,78.38,47.46,33.62,46.71,18.85,50.11,données du projet,57.71,71.84,82.51,84.65,45.92,70.68666666666671,80.63833333333334,41.68,50.43,50.43
EX24_Kasserine_2019_01,Kasserine,Kasserine,Centre-Ouest,2019,1,2019-01-15,35.115213,8.869191,488080.2,3885827.7,75,34.0,16.42,35.42,68.19,48.5,33.99,40.38,7.79,49.68,données du projet,50.11,57.71,71.84,93.99,52.27,59.886666666666706,74.88166666666667,48.52,54.58,54.58
EX24_Kasserine_2019_02,Kasserine,Kasserine,Centre-Ouest,2019,2,2019-02-15,35.087195,8.915762,492321.34,3882716.02,75,34.0,16.35,28.11,73.49,54.24,43.96,45.91,8.37,50.64,données du projet,49.68,50.11,57.71,93.13,47.05,52.500000000000036,67.49666666666667,41.8,66.57,66.57
EX24_Kasserine_2019_03,Kasserine,Kasserine,Centre-Ouest,2019,3,2019-03-15,35.189178,8.875512,488666.45,3894029.57,75,34.0,20.35,52.14,73.84,53.17,51.53,58.96,9.15,52.92,données du projet,50.64,49.68,50.11,82.51,45.55,50.14333333333337,60.415,59.69,82.95,82.95
EX24_Kasserine_2019_04,Kasserine,Kasserine,Centre-Ouest,2019,4,2019-04-15,35.176713,8.83608,485074.26,3892652.44,75,34.0,26.8,15.71,53.48,31.06,67.65,48.1,11.33,66.48,données du projet,52.92,50.64,49.68,71.84,55.41,51.08000000000004,55.48333333333333,78.14,89.22,89.22
EX24_Kasserine_2019_05,Kasserine,Kasserine,Centre-Ouest,2019,5,2019-05-15,35.194187,8.861527,487394.06,3894586.74,75,34.0,29.26,21.61,52.47,28.19,84.88,57.3,17.66,86.85,données du projet,66.48,52.92,50.64,57.71,80.58,56.68000000000004,54.589999999999996,92.49,94.63,94.63
EX24_Kasserine_2019_06,Kasserine,Kasserine,Centre-Ouest,2019,6,2019-06-15,35.190567,8.834831,484963.1,3894189.07,75,34.0,35.64,8.59,50.8,23.38,100.0,67.11,46.72,97.21,données du projet,86.85,66.48,52.92,50.11,84.65,68.75000000000004,59.446666666666665,80.96,91.47,91.47
EX24_Kasserine_2019_07,Kasserine,Kasserine,Centre-Ouest,2019,7,2019-07-15,35.181243,8.873541,488485.92,3893149.81,75,34.0,35.85,7.3,37.82,16.55,100.0,58.47,42.67,92.06,données du projet,97.21,86.85,66.48,49.68,93.99,83.51333333333336,67.29666666666667,77.45,80.74,80.74
EX24_Kasserine_2019_08,Kasserine,Kasserine,Centre-Ouest,2019,8,2019-08-15,35.092332,8.828425,484361.09,3883295.91,75,34.0,34.27,21.6,40.11,26.29,100.0,62.99,37.92,90.46,données du projet,92.06,97.21,86.85,50.64,93.13,92.04000000000003,74.36,100.0,69.81,69.81
EX24_Kasserine_2019_09,Kasserine,Kasserine,Centre-Ouest,2019,9,2019-09-15,35.149525,8.797148,481523.11,3889643.87,75,34.0,30.54,25.9,56.51,31.78,89.93,49.26,32.56,82.86,données du projet,90.46,92.06,97.21,52.92,82.51,93.24333333333338,80.99666666666666,57.37,53.62,53.62
EX24_Kasserine_2019_10,Kasserine,Kasserine,Centre-Ouest,2019,10,2019-10-15,35.137403,8.910368,491834.61,3888284.35,75,34.0,21.31,58.24,61.49,46.44,56.66,64.11,8.55,67.07,données du projet,82.86,90.46,92.06,66.48,71.84,88.46000000000004,85.98666666666666,51.24,43.84,43.84
EX24_Kasserine_2019_11,Kasserine,Kasserine,Centre-Ouest,2019,11,2019-11-15,35.165276,8.860737,487317.62,3891380.62,75,34.0,17.7,36.39,68.47,38.54,51.87,53.98,14.19,52.79,données du projet,67.07,82.86,90.46,86.85,57.71,80.13000000000004,86.085,56.79,43.84,43.84
EX24_Kasserine_2019_12,Kasserine,Kasserine,Centre-Ouest,2019,12,2019-12-15,35.109506,8.773414,479351.22,3885210.43,75,34.0,17.14,37.83,74.59,44.59,42.36,51.49,1.06,45.5,données du projet,52.79,67.07,82.86,97.21,50.11,67.57333333333337,80.40833333333333,45.9,43.96,43.96
EX24_Kasserine_2020_01,Kasserine,Kasserine,Centre-Ouest,2020,1,2020-01-15,35.209919,8.815897,483243.3,3896338.21,75,34.0,17.22,45.9,71.11,50.97,34.38,60.52,2.71,37.78,données du projet,45.5,52.79,67.07,92.06,49.68,55.12000000000003,71.79,37.56,59.05,59.05
EX24_Kasserine_2020_02,Kasserine,Kasserine,Centre-Ouest,2020,2,2020-02-15,35.159496,8.852044,486525.05,3890740.78,75,34.0,15.17,60.64,68.16,43.48,49.51,53.63,15.49,45.88,données du projet,37.78,45.5,52.79,90.46,50.64,45.356666666666705,62.74333333333333,54.43,70.04,70.04
EX24_Kasserine_2020_03,Kasserine,Kasserine,Centre-Ouest,2020,3,2020-03-15,35.137812,8.866066,487798.79,3888334.3,75,34.0,21.99,23.4,69.41,48.51,49.34,52.58,11.36,57.58,données du projet,45.88,37.78,45.5,82.86,52.92,43.05333333333338,55.31333333333333,54.34,75.28,75.28
EX24_Kasserine_2020_04,Kasserine,Kasserine,Centre-Ouest,2020,4,2020-04-15,35.227275,8.821729,483777.54,3898262.02,75,34.0,25.94,26.69,60.29,34.93,59.42,62.7,15.51,69.91,données du projet,57.58,45.88,37.78,67.07,66.48,47.08000000000004,51.1,89.61,77.41,77.41
EX24_Kasserine_2020_05,Kasserine,Kasserine,Centre-Ouest,2020,5,2020-05-15,35.15731,8.844805,485865.37,3890499.39,75,34.0,25.11,19.32,42.44,41.9,82.82,61.03,12.45,79.24,données du projet,69.91,57.58,45.88,52.79,86.85,57.79000000000004,51.57333333333333,84.65,81.78,81.78
EX24_Kasserine_2020_06,Kasserine,Kasserine,Centre-Ouest,2020,6,2020-06-15,35.162059,8.862896,487513.75,3891023.64,75,34.0,32.8,28.92,40.68,25.79,93.97,59.17,34.07,80.69,données du projet,79.24,69.91,57.58,45.5,97.21,68.91000000000004,55.98166666666666,92.36,80.39,80.39
EX24_Kasserine_2020_07,Kasserine,Kasserine,Centre-Ouest,2020,7,2020-07-15,35.229585,8.828086,484356.49,3898517.18,75,34.0,35.06,9.38,37.15,20.04,95.79,66.87,40.39,84.09,données du projet,80.69,79.24,69.91,37.78,92.06,76.61333333333336,61.846666666666664,88.89,74.48,74.48
EX24_Kasserine_2020_08,Kasserine,Kasserine,Centre-Ouest,2020,8,2020-08-15,35.163967,8.800732,481852.78,3891244.79,75,34.0,34.09,11.08,40.56,20.69,100.0,63.4,46.0,84.5,données du projet,84.09,80.69,79.24,45.88,90.46,81.34000000000005,69.565,85.85,67.6,67.6
EX24_Kasserine_2020_09,Kasserine,Kasserine,Centre-Ouest,2020,9,2020-09-15,35.170195,8.851929,486516.34,3891927.29,75,34.0,28.53,33.29,50.62,35.3,77.07,58.4,33.28,82.69,données du projet,84.5,84.09,80.69,57.58,82.86,83.09333333333338,76.00166666666667,37.73,57.81,57.81
EX24_Kasserine_2020_10,Kasserine,Kasserine,Centre-Ouest,2020,10,2020-10-15,35.19194,8.809485,482655.91,3894345.45,75,34.0,24.0,38.4,62.23,33.13,52.68,57.88,11.41,59.65,données du projet,82.69,84.5,84.09,69.91,67.07,83.76000000000003,80.18666666666665,32.8,52.04,52.04
EX24_Kasserine_2020_11,Kasserine,Kasserine,Centre-Ouest,2020,11,2020-11-15,35.191964,8.875075,488627.08,3894338.6,75,34.0,19.11,47.9,73.01,43.13,59.91,59.63,22.42,56.57,données du projet,59.65,82.69,84.5,79.24,52.79,75.61333333333337,78.47666666666667,36.48,50.96,50.96
EX24_Kasserine_2020_12,Kasserine,Kasserine,Centre-Ouest,2020,12,2020-12-15,35.204184,8.836106,485081.66,3895698.94,75,34.0,18.22,55.28,71.76,46.09,36.35,47.91,15.47,53.02,données du projet,56.57,59.65,82.69,80.69,45.5,66.30333333333337,74.69833333333334,60.56,57.45,57.45
EX24_Kasserine_2021_01,Kasserine,Kasserine,Centre-Ouest,2021,1,2021-01-15,35.126282,8.843191,485712.89,3887058.61,75,34.0,13.61,50.2,71.07,49.18,36.05,50.76,35.76,53.53,données du projet,53.02,56.57,59.65,84.09,37.78,56.41333333333338,70.08666666666666,49.42,62.7,62.7
EX24_Kasserine_2021_02,Kasserine,Kasserine,Centre-Ouest,2021,2,2021-02-15,35.185871,8.853134,486628.64,3893665.64,75,34.0,16.93,36.3,77.0,45.81,32.85,60.5,24.05,57.16,données du projet,53.53,53.02,56.57,84.5,45.88,54.37333333333337,64.99333333333334,66.62,68.52,68.52
EX24_Kasserine_2021_03,Kasserine,Kasserine,Centre-Ouest,2021,3,2021-03-15,35.18537,8.809355,482642.66,3893616.87,75,34.0,21.51,43.32,70.94,33.19,52.5,50.43,13.57,65.06,données du projet,57.16,53.53,53.02,82.69,57.58,54.57000000000004,60.43666666666667,71.85,76.47,76.47
EX24_Kasserine_2021_04,Kasserine,Kasserine,Centre-Ouest,2021,4,2021-04-15,35.103876,8.865053,487701.42,3884570.96,75,34.0,25.54,20.06,53.58,33.37,82.52,68.23,16.39,68.26,données du projet,65.06,57.16,53.53,59.65,69.91,58.58333333333337,57.498333333333335,68.49,87.61,87.61
EX24_Kasserine_2021_05,Kasserine,Kasserine,Centre-Ouest,2021,5,2021-05-15,35.118824,8.809834,482672.19,3886236.92,75,34.0,28.53,17.39,44.33,31.06,87.18,52.99,3.27,69.51,données du projet,68.26,65.06,57.16,56.57,79.24,63.493333333333375,58.93333333333333,88.18,95.1,95.1
EX24_Kasserine_2021_06,Kasserine,Kasserine,Centre-Ouest,2021,6,2021-06-15,35.132879,8.799098,481697.02,3887797.45,75,34.0,34.24,27.94,43.39,27.57,80.68,66.08,14.95,87.45,données du projet,69.51,68.26,65.06,53.02,80.69,67.61000000000004,61.089999999999996,100.0,92.66,92.66
EX24_Kasserine_2021_07,Kasserine,Kasserine,Centre-Ouest,2021,7,2021-07-15,35.161849,8.819457,483557.62,3891006.62,75,34.0,34.33,35.67,32.87,27.08,100.0,65.53,44.21,92.89,données du projet,87.45,69.51,68.26,53.53,84.09,75.07333333333338,66.82833333333333,95.11,84.82,84.82
EX24_Kasserine_2021_08,Kasserine,Kasserine,Centre-Ouest,2021,8,2021-08-15,35.164464,8.851176,486446.76,3891291.92,75,34.0,35.44,20.04,35.21,25.99,100.0,65.19,35.99,93.11,données du projet,92.89,87.45,69.51,57.16,84.5,83.28333333333337,73.38833333333334,91.39,76.21,76.21
EX24_Kasserine_2021_09,Kasserine,Kasserine,Centre-Ouest,2021,9,2021-09-15,35.221512,8.849818,486332.72,3897618.69,75,34.0,32.64,58.02,51.5,31.41,78.74,48.91,31.36,87.19,données du projet,93.11,92.89,87.45,65.06,82.69,91.15000000000003,79.38000000000001,80.54,59.87,59.87
EX24_Kasserine_2021_10,Kasserine,Kasserine,Centre-Ouest,2021,10,2021-10-15,35.199699,8.839124,485355.55,3895201.11,75,34.0,23.37,26.33,63.9,36.8,58.45,62.78,13.73,82.06,données du projet,87.19,93.11,92.89,68.26,59.65,91.06333333333338,83.06833333333334,49.07,53.79,53.79
EX24_Kasserine_2021_11,Kasserine,Kasserine,Centre-Ouest,2021,11,2021-11-15,35.190298,8.780131,479983.12,3894168.86,75,34.0,19.94,47.42,69.38,53.34,52.24,47.43,21.09,58.33,données du projet,82.06,87.19,93.11,69.51,56.57,87.45333333333338,85.36833333333334,44.25,52.3,52.3
EX24_Kasserine_2021_12,Kasserine,Kasserine,Centre-Ouest,2021,12,2021-12-15,35.134972,8.80472,482209.64,3888028.55,75,34.0,18.49,31.54,71.42,52.3,54.28,54.44,21.93,50.34,données du projet,58.33,82.06,87.19,87.45,53.02,75.86000000000003,83.50500000000001,63.86,59.5,59.5
EX24_Kasserine_2022_01,Kasserine,Kasserine,Centre-Ouest,2022,1,2022-01-15,35.134565,8.913779,492145.14,3887969.39,75,34.0,14.3,55.7,75.72,57.19,26.41,55.12,21.49,56.97,données du projet,50.34,58.33,82.06,92.89,53.53,63.5766666666667,77.32,48.32,65.86,65.86
EX24_Kasserine_2022_02,Kasserine,Kasserine,Centre-Ouest,2022,2,2022-02-15,35.253654,8.847179,486098.02,3901183.59,75,34.0,16.86,44.62,61.02,44.87,41.16,48.16,18.83,52.43,données du projet,56.97,50.34,58.33,93.11,57.16,55.21333333333337,71.33333333333333,71.74,66.77,66.77
EX24_Kasserine_2022_03,Kasserine,Kasserine,Centre-Ouest,2022,3,2022-03-15,35.235914,8.822549,483853.86,3899219.91,75,34.0,18.9,19.86,61.57,45.83,76.11,56.2,5.19,66.13,données du projet,52.43,56.97,50.34,87.19,65.06,53.246666666666705,64.55333333333333,77.45,79.25,79.25
EX24_Kasserine_2022_04,Kasserine,Kasserine,Centre-Ouest,2022,4,2022-04-15,35.186388,8.834113,484896.93,3893725.65,75,34.0,25.23,50.59,48.85,34.45,64.57,56.45,14.42,70.33,données du projet,66.13,52.43,56.97,82.06,68.26,58.51000000000004,61.04333333333333,73.93,90.4,90.4
EX24_Kasserine_2022_05,Kasserine,Kasserine,Centre-Ouest,2022,5,2022-05-15,35.218819,8.83206,484716.14,3897322.66,75,34.0,29.28,14.99,52.46,32.33,86.09,62.61,4.83,81.39,données du projet,70.33,66.13,52.43,58.33,69.51,62.96333333333337,59.08833333333333,94.71,91.69,91.69
EX24_Kasserine_2022_06,Kasserine,Kasserine,Centre-Ouest,2022,6,2022-06-15,35.220638,8.790763,480958.16,3897531.45,75,34.0,32.81,3.28,45.28,31.86,96.01,72.56,31.29,88.08,données du projet,81.39,70.33,66.13,50.34,87.45,72.6166666666667,62.93166666666667,96.37,90.8,90.8
EX24_Kasserine_2022_07,Kasserine,Kasserine,Centre-Ouest,2022,7,2022-07-15,35.16711,8.819039,483520.62,3891590.13,75,34.0,35.23,21.76,44.96,12.94,91.0,75.92,41.51,94.45,données du projet,88.08,81.39,70.33,56.97,92.89,79.93333333333338,69.22166666666666,87.9,73.04,73.04
EX24_Kasserine_2022_08,Kasserine,Kasserine,Centre-Ouest,2022,8,2022-08-15,35.138981,8.859849,487232.67,3888464.68,75,34.0,31.8,3.79,46.26,25.65,93.79,71.98,47.87,84.45,données du projet,94.45,88.08,81.39,52.43,93.11,87.97333333333337,75.46833333333333,87.18,68.12,68.12
EX24_Kasserine_2022_09,Kasserine,Kasserine,Centre-Ouest,2022,9,2022-09-15,35.180719,8.80966,482669.46,3893100.99,75,34.0,28.62,46.78,49.95,28.56,97.85,59.9,31.25,83.22,données du projet,84.45,94.45,88.08,66.13,87.19,88.99333333333338,80.80499999999999,56.48,64.02,64.02
EX24_Kasserine_2022_10,Kasserine,Kasserine,Centre-Ouest,2022,10,2022-10-15,35.194398,8.817563,483391.78,3894616.68,75,34.0,23.73,44.01,57.34,46.17,54.63,53.34,7.4,67.96,données du projet,83.22,84.45,94.45,70.33,82.06,87.37333333333338,83.65333333333334,70.78,61.77,61.77
EX24_Kasserine_2022_11,Kasserine,Kasserine,Centre-Ouest,2022,11,2022-11-15,35.154094,8.841772,485588.56,3890143.13,75,34.0,18.79,68.29,63.21,40.47,45.26,51.05,9.52,61.11,données du projet,67.96,83.22,84.45,81.39,58.33,78.54333333333336,83.25833333333334,54.71,54.05,54.05
EX24_Kasserine_2022_12,Kasserine,Kasserine,Centre-Ouest,2022,12,2022-12-15,35.115224,8.837876,485226.69,3885833.08,75,34.0,16.93,35.58,72.57,58.18,42.42,42.62,5.87,54.77,données du projet,61.11,67.96,83.22,88.08,50.34,70.76333333333338,79.87833333333333,50.61,54.05,54.05
EX24_Kasserine_2023_01,Kasserine,Kasserine,Centre-Ouest,2023,1,2023-01-15,35.227503,8.857166,487002.32,3898282.14,75,34.0,14.37,38.85,75.92,47.62,36.85,40.63,25.67,50.21,données du projet,54.77,61.11,67.96,94.45,56.97,61.28000000000003,74.32666666666667,56.48,55.17,55.17
EX24_Kasserine_2023_02,Kasserine,Kasserine,Centre-Ouest,2023,2,2023-02-15,35.151078,8.826853,484229.16,3889811.0,75,34.0,19.02,37.93,76.15,54.24,39.35,50.03,29.28,52.29,données du projet,50.21,54.77,61.11,84.45,52.43,55.36333333333337,66.95333333333333,56.94,66.25,66.25
EX24_Kasserine_2023_03,Kasserine,Kasserine,Centre-Ouest,2023,3,2023-03-15,35.156631,8.82785,484321.0,3890426.67,75,34.0,21.03,28.56,65.12,44.21,73.92,69.98,24.73,53.64,données du projet,52.29,50.21,54.77,83.22,66.13,52.423333333333375,61.593333333333334,58.23,72.96,72.96
EX24_Kasserine_2023_04,Kasserine,Kasserine,Centre-Ouest,2023,4,2023-04-15,35.259112,8.870059,488180.17,3901786.0,75,34.0,23.62,45.83,59.0,42.8,65.48,56.09,4.33,61.56,données du projet,53.64,52.29,50.21,67.96,70.33,52.0466666666667,56.66333333333333,81.72,80.54,80.54
EX24_Kasserine_2023_05,Kasserine,Kasserine,Centre-Ouest,2023,5,2023-05-15,35.119415,8.826282,484170.96,3886299.68,75,34.0,31.26,55.78,60.03,24.97,67.23,67.71,29.54,72.63,données du projet,61.56,53.64,52.29,61.11,81.39,55.83000000000004,55.596666666666664,95.83,86.95,86.95
EX24_Kasserine_2023_06,Kasserine,Kasserine,Centre-Ouest,2023,6,2023-06-15,35.141441,8.820118,483613.73,3888743.29,75,34.0,30.52,23.88,47.6,25.58,90.15,67.93,36.67,83.77,données du projet,72.63,61.56,53.64,54.77,88.08,62.61000000000004,57.51666666666667,100.0,93.7,93.7
EX24_Kasserine_2023_07,Kasserine,Kasserine,Centre-Ouest,2023,7,2023-07-15,35.175677,8.833513,484840.28,3892537.93,75,34.0,35.36,30.09,49.47,16.04,82.76,75.63,46.19,88.72,données du projet,83.77,72.63,61.56,50.21,94.45,72.65333333333336,62.35,100.0,89.71,89.71
EX24_Kasserine_2023_08,Kasserine,Kasserine,Centre-Ouest,2023,8,2023-08-15,35.160987,8.797167,481527.48,3890914.99,75,34.0,32.24,35.58,38.48,21.1,94.6,63.6,39.77,91.25,données du projet,88.72,83.77,72.63,52.29,84.45,81.7066666666667,68.76833333333333,100.0,78.22,78.22
EX24_Kasserine_2023_09,Kasserine,Kasserine,Centre-Ouest,2023,9,2023-09-15,35.179921,8.79193,481054.95,3893015.78,75,34.0,28.94,18.51,48.69,31.54,87.35,53.48,43.52,92.05,données du projet,91.25,88.72,83.77,53.64,83.22,87.91333333333337,75.26166666666667,83.74,60.54,60.54
EX24_Kasserine_2023_10,Kasserine,Kasserine,Centre-Ouest,2023,10,2023-10-15,35.167346,8.826217,484174.39,3891615.16,75,34.0,21.02,46.96,62.19,39.12,53.17,65.05,37.83,75.02,données du projet,92.05,91.25,88.72,61.56,67.96,90.67333333333336,81.66333333333334,38.82,53.35,53.35
EX24_Kasserine_2023_11,Kasserine,Kasserine,Centre-Ouest,2023,11,2023-11-15,35.152554,8.781298,480080.17,3889982.87,75,34.0,20.81,40.37,71.83,49.5,41.21,52.65,18.93,61.09,données du projet,75.02,92.05,91.25,72.63,61.11,86.1066666666667,83.90666666666667,49.43,52.34,52.34
EX24_Kasserine_2023_12,Kasserine,Kasserine,Centre-Ouest,2023,12,2023-12-15,35.181028,8.847299,486096.52,3893129.41,75,34.0,16.89,50.35,76.21,42.42,39.49,54.3,8.74,47.09,données du projet,61.09,75.02,92.05,83.77,54.77,76.05333333333336,81.98333333333333,62.22,55.56,55.56
EX24_Kasserine_2024_01,Kasserine,Kasserine,Centre-Ouest,2024,1,2024-01-15,35.197206,8.815424,483197.66,3894928.39,75,34.0,17.32,53.19,71.89,60.13,42.44,56.45,25.43,60.11,données du projet,47.09,61.09,75.02,88.72,50.21,61.0666666666667,75.86999999999999,64.87,62.78,62.78
EX24_Kasserine_2024_02,Kasserine,Kasserine,Centre-Ouest,2024,2,2024-02-15,35.132171,8.863,487518.65,3887709.06,75,34.0,16.38,33.65,66.34,51.13,35.39,50.81,26.34,56.84,données du projet,60.11,47.09,61.09,91.25,52.29,56.096666666666714,71.10166666666667,53.79,67.11,67.11
EX24_Kasserine_2024_03,Kasserine,Kasserine,Centre-Ouest,2024,3,2024-03-15,35.166289,8.86406,487620.42,3891492.61,75,34.0,20.74,34.74,60.3,43.66,56.64,59.19,15.18,55.11,données du projet,56.84,60.11,47.09,92.05,53.64,54.68000000000004,65.36666666666667,69.01,77.49,77.49
EX24_Kasserine_2024_04,Kasserine,Kasserine,Centre-Ouest,2024,4,2024-04-15,35.13334,8.841254,485537.65,3887841.63,75,34.0,25.53,34.29,63.96,27.49,69.64,57.62,31.78,71.26,données du projet,55.11,56.84,60.11,75.02,61.56,57.353333333333374,59.21,78.77,88.39,88.39
EX24_Kasserine_2024_05,Kasserine,Kasserine,Centre-Ouest,2024,5,2024-05-15,35.215056,8.875566,488674.99,3896899.52,75,34.0,26.61,15.77,55.6,35.84,78.22,68.14,13.2,75.99,données du projet,71.26,55.11,56.84,61.09,72.63,61.07000000000004,58.583333333333336,97.36,92.52,92.52
EX24_Kasserine_2024_06,Kasserine,Kasserine,Centre-Ouest,2024,6,2024-06-15,35.173395,8.846251,485999.81,3892282.98,75,34.0,36.25,22.52,40.14,27.71,99.89,67.55,23.1,92.31,données du projet,75.99,71.26,55.11,47.09,83.77,67.45333333333338,61.06666666666666,100.0,92.17,92.17
EX24_Kasserine_2024_07,Kasserine,Kasserine,Centre-Ouest,2024,7,2024-07-15,35.18593,8.80736,482461.17,3893679.29,75,34.0,37.37,25.29,40.47,20.08,100.0,70.7,39.19,96.31,données du projet,92.31,75.99,71.26,60.11,88.72,79.85333333333337,68.60333333333334,81.94,81.89,81.89
EX24_Kasserine_2024_08,Kasserine,Kasserine,Centre-Ouest,2024,8,2024-08-15,35.240708,8.788465,480753.76,3899757.74,75,34.0,33.62,11.64,39.91,14.74,91.11,65.22,31.6,86.05,données du projet,96.31,92.31,75.99,56.84,91.25,88.20333333333338,74.63666666666667,94.71,81.9,81.9
EX24_Kasserine_2024_09,Kasserine,Kasserine,Centre-Ouest,2024,9,2024-09-15,35.184139,8.877625,488858.19,3893470.51,75,34.0,30.84,21.03,55.29,21.42,73.47,63.85,39.18,92.86,données du projet,86.05,96.31,92.31,55.11,92.05,91.55666666666669,79.50500000000001,76.29,73.72,73.72
EX24_Kasserine_2024_10,Kasserine,Kasserine,Centre-Ouest,2024,10,2024-10-15,35.119948,8.788944,480768.96,3886365.32,75,34.0,24.37,29.03,64.68,50.16,57.76,55.97,0.47,79.91,données du projet,92.86,86.05,96.31,71.26,75.02,91.74000000000002,85.79666666666667,74.58,55.05,55.05
EX24_Kasserine_2024_11,Kasserine,Kasserine,Centre-Ouest,2024,11,2024-11-15,35.193292,8.84653,486028.6,3894489.51,75,34.0,20.18,42.09,62.89,43.56,48.67,44.69,23.34,68.11,données du projet,79.91,92.86,86.05,75.99,61.09,86.27333333333337,87.23833333333334,58.89,51.58,51.58
EX24_Kasserine_2024_12,Kasserine,Kasserine,Centre-Ouest,2024,12,2024-12-15,35.206302,8.842573,485670.65,3895932.94,75,34.0,18.69,57.19,68.8,47.53,48.92,53.94,20.7,58.93,données du projet,68.11,79.91,92.86,92.31,47.09,80.29333333333336,85.925,27.37,54.58,54.58
EX24_Kasserine_2025_01,Kasserine,Kasserine,Centre-Ouest,2025,1,2025-01-15,35.134748,8.850866,486413.61,3887996.5,75,34.0,14.99,41.2,72.56,57.66,42.15,42.49,6.81,47.5,données du projet,58.93,68.11,79.91,96.31,60.11,68.98333333333336,80.36166666666666,60.07,66.05,66.05
EX24_Kasserine_2025_02,Kasserine,Kasserine,Centre-Ouest,2025,2,2025-02-15,35.203043,8.836813,485145.75,3895572.34,75,34.0,20.07,40.16,68.72,46.51,47.31,49.76,0.0,53.04,données du projet,47.5,58.93,68.11,86.05,56.84,58.180000000000035,72.22666666666667,70.87,71.98,71.98
EX24_Kasserine_2025_03,Kasserine,Kasserine,Centre-Ouest,2025,3,2025-03-15,35.189125,8.818757,483499.45,3894031.69,75,34.0,18.77,26.97,58.11,42.88,65.58,52.13,14.07,70.94,données du projet,53.04,47.5,58.93,92.86,55.11,53.1566666666667,66.72500000000001,56.66,81.22,81.22
EX24_Kasserine_2025_04,Kasserine,Kasserine,Centre-Ouest,2025,4,2025-04-15,35.169989,8.843858,485781.27,3891905.62,75,34.0,26.44,15.95,48.89,38.0,66.65,60.68,0.31,65.13,données du projet,70.94,53.04,47.5,79.91,71.26,57.16000000000003,63.07166666666666,67.03,94.82,94.82
EX24_Kasserine_2025_05,Kasserine,Kasserine,Centre-Ouest,2025,5,2025-05-15,35.136254,8.821575,483745.47,3888167.89,75,34.0,27.94,50.39,53.7,33.39,76.2,64.7,11.35,81.94,données du projet,65.13,70.94,53.04,68.11,75.99,63.0366666666667,60.60833333333333,90.75,100.0,100.0
EX24_Kasserine_2025_06,Kasserine,Kasserine,Centre-Ouest,2025,6,2025-06-15,35.100963,8.815484,483183.32,3884255.13,75,34.0,34.43,15.68,36.01,22.15,100.0,71.66,48.79,93.03,données du projet,81.94,65.13,70.94,58.93,92.31,72.67000000000003,62.913333333333334,96.6,100.0,100.0
EX24_Kasserine_2025_07,Kasserine,Kasserine,Centre-Ouest,2025,7,2025-07-15,35.176178,8.809936,482693.59,3892597.34,75,34.0,33.52,39.13,35.15,13.56,100.0,73.41,36.2,100.0,données du projet,93.03,81.94,65.13,47.5,96.31,80.03333333333337,68.59666666666666,94.62,89.21,89.21
EX24_Kasserine_2025_08,Kasserine,Kasserine,Centre-Ouest,2025,8,2025-08-15,35.111115,8.818329,483444.67,3885380.5,75,34.0,30.89,27.7,34.62,25.58,73.49,68.44,50.7,100.0,données du projet,100.0,93.03,81.94,53.04,86.05,91.65666666666671,77.34666666666666,100.0,70.51,70.51
EX24_Kasserine_2025_09,Kasserine,Kasserine,Centre-Ouest,2025,9,2025-09-15,35.155463,8.775391,479542.87,3890306.67,75,34.0,31.84,29.72,51.71,24.56,92.73,65.25,49.11,93.58,données du projet,100.0,100.0,93.03,70.94,92.86,97.67666666666669,85.17333333333333,61.45,62.12,62.12
EX24_Kebili_2017_01,Kebili,Kebili,Sud-Ouest,2017,1,2017-01-15,33.684546,8.985037,498613.14,3727180.04,30,28.0,18.86,51.72,70.43,52.19,38.63,37.77,13.54,43.88,données du projet,52.56,58.93,66.96,91.66,45.81,59.48333333333337,72.35666666666667,48.74,53.42,53.42
EX24_Kebili_2017_02,Kebili,Kebili,Sud-Ouest,2017,2,2017-02-15,33.718445,9.017191,501592.75,3730938.56,30,28.0,19.29,31.27,72.56,47.11,49.95,42.48,17.91,43.09,données du projet,43.88,52.56,58.93,84.44,44.06,51.79000000000004,64.39333333333333,67.17,68.51,68.51
EX24_Kebili_2017_03,Kebili,Kebili,Sud-Ouest,2017,3,2017-03-15,33.70108,8.968453,497076.49,3729013.6,30,28.0,24.69,42.75,62.01,40.73,50.66,50.64,15.19,54.34,données du projet,43.09,43.88,52.56,79.59,48.34,46.51000000000004,57.501666666666665,59.72,80.24,80.24
EX24_Kebili_2017_04,Kebili,Kebili,Sud-Ouest,2017,4,2017-04-15,33.68312,9.026425,502449.36,3727022.2,30,28.0,28.17,48.19,49.12,28.59,65.0,55.64,20.98,70.41,données du projet,54.34,43.09,43.88,66.96,69.5,47.103333333333374,53.29333333333333,68.71,90.96,90.96
EX24_Kebili_2017_05,Kebili,Kebili,Sud-Ouest,2017,5,2017-05-15,33.711308,8.935831,494054.14,3730148.95,30,28.0,32.67,23.59,45.68,31.27,66.6,45.58,3.81,81.26,données du projet,70.41,54.34,43.09,58.93,67.63,55.94666666666671,53.86833333333334,78.14,91.15,91.15
EX24_Kebili_2017_06,Kebili,Kebili,Sud-Ouest,2017,6,2017-06-15,33.690778,8.980964,498235.71,3727871.09,30,28.0,34.75,20.9,42.3,30.62,86.87,65.59,30.82,88.61,données du projet,81.26,70.41,54.34,52.56,79.61,68.67000000000003,57.59,88.0,88.68,88.68
EX24_Kebili_2017_07,Kebili,Kebili,Sud-Ouest,2017,7,2017-07-15,33.690618,8.96158,496439.18,3727853.84,30,28.0,41.5,30.84,39.42,20.81,100.0,52.3,23.21,94.08,données du projet,88.61,81.26,70.41,43.88,91.66,80.09333333333338,63.598333333333336,90.18,80.55,80.55
EX24_Kebili_2017_08,Kebili,Kebili,Sud-Ouest,2017,8,2017-08-15,33.707601,8.9418,494607.04,3729737.67,30,28.0,34.33,24.54,37.31,16.25,99.36,53.01,28.2,89.77,données du projet,94.08,88.61,81.26,43.09,84.44,87.98333333333336,71.965,89.66,67.81,67.81
EX24_Kebili_2017_09,Kebili,Kebili,Sud-Ouest,2017,9,2017-09-15,33.729233,9.006674,500618.25,3732134.53,30,28.0,30.19,99.83,44.09,21.56,70.59,52.68,30.79,81.78,données du projet,89.77,94.08,88.61,54.34,79.59,90.82000000000005,79.745,69.4,64.55,64.55
EX24_Kebili_2017_10,Kebili,Kebili,Sud-Ouest,2017,10,2017-10-15,33.719836,9.009237,500855.79,3731092.73,30,28.0,24.64,52.75,63.98,40.56,59.88,47.36,5.3,67.23,données du projet,81.78,89.77,94.08,70.41,66.96,88.54333333333336,84.31833333333333,58.96,54.97,54.97
EX24_Kebili_2017_11,Kebili,Kebili,Sud-Ouest,2017,11,2017-11-15,33.748499,9.010872,501006.96,3734270.68,30,28.0,20.67,53.39,59.25,45.68,57.05,51.9,5.86,55.63,données du projet,67.23,81.78,89.77,81.26,58.93,79.59333333333338,83.78833333333334,79.18,49.33,49.33
EX24_Kebili_2017_12,Kebili,Kebili,Sud-Ouest,2017,12,2017-12-15,33.683315,8.963709,496636.2,3727044.08,30,28.0,21.34,38.88,66.84,36.42,33.55,37.34,0.0,57.69,données du projet,55.63,67.23,81.78,88.61,52.56,68.21333333333338,79.51666666666667,48.74,48.62,48.62
EX24_Kebili_2018_01,Kebili,Kebili,Sud-Ouest,2018,1,2018-01-15,33.766977,8.98404,498522.07,3736319.43,30,28.0,19.92,72.09,68.05,48.27,31.27,63.25,34.59,49.52,données du projet,57.69,55.63,67.23,94.08,43.88,60.18333333333337,74.36333333333333,34.54,52.25,52.25
EX24_Kebili_2018_02,Kebili,Kebili,Sud-Ouest,2018,2,2018-02-15,33.736995,8.996132,499641.69,3732995.14,30,28.0,18.12,34.33,72.91,44.39,52.83,37.12,15.61,43.35,données du projet,49.52,57.69,55.63,89.77,43.09,54.28000000000004,66.93666666666667,66.54,63.68,63.68
EX24_Kebili_2018_03,Kebili,Kebili,Sud-Ouest,2018,3,2018-03-15,33.69466,8.971009,497313.21,3728301.68,30,28.0,23.66,34.92,59.13,39.07,59.64,44.66,18.41,53.49,données du projet,43.35,49.52,57.69,81.78,54.34,50.1866666666667,59.199999999999996,74.36,71.06,71.06
EX24_Kebili_2018_04,Kebili,Kebili,Sud-Ouest,2018,4,2018-04-15,33.703208,9.011029,501022.04,3729249.17,30,28.0,28.21,23.99,48.91,35.32,72.74,53.14,23.83,60.9,données du projet,53.49,43.35,49.52,67.23,70.41,48.78666666666671,54.48499999999999,75.27,82.08,82.08
EX24_Kebili_2018_05,Kebili,Kebili,Sud-Ouest,2018,5,2018-05-15,33.750297,8.991263,499190.76,3734469.97,30,28.0,30.72,34.25,47.53,33.18,76.25,54.27,12.68,76.22,données du projet,60.9,53.49,43.35,55.63,81.26,52.58000000000004,53.43000000000001,88.34,86.43,86.43
EX24_Kebili_2018_06,Kebili,Kebili,Sud-Ouest,2018,6,2018-06-15,33.722365,8.964833,496741.85,3731373.61,30,28.0,34.33,21.86,43.59,26.81,95.71,69.03,35.32,83.49,données du projet,76.22,60.9,53.49,57.69,88.61,63.53666666666671,56.86166666666667,84.61,85.88,85.88
EX24_Kebili_2018_07,Kebili,Kebili,Sud-Ouest,2018,7,2018-07-15,33.74342,8.940078,494449.74,3733709.08,30,28.0,39.7,15.88,34.6,19.96,100.0,52.39,54.4,85.36,données du projet,83.49,76.22,60.9,49.52,94.08,73.5366666666667,61.16166666666667,90.89,84.5,84.5
EX24_Kebili_2018_08,Kebili,Kebili,Sud-Ouest,2018,8,2018-08-15,33.67584,8.977683,497931.25,3726214.95,30,28.0,38.43,11.47,36.27,21.68,100.0,67.49,36.88,96.82,données du projet,85.36,83.49,76.22,43.35,89.77,81.69000000000004,67.13499999999999,91.99,69.21,69.21
EX24_Kebili_2018_09,Kebili,Kebili,Sud-Ouest,2018,9,2018-09-15,33.722881,9.003835,500355.31,3731430.3,30,28.0,29.98,29.09,52.87,21.7,84.6,64.42,29.04,81.46,données du projet,96.82,85.36,83.49,53.49,81.78,88.55666666666669,76.04666666666667,67.47,57.41,57.41
EX24_Kebili_2018_10,Kebili,Kebili,Sud-Ouest,2018,10,2018-10-15,33.705154,8.972949,497493.34,3729465.16,30,28.0,26.42,18.13,59.93,44.58,67.44,57.63,28.96,67.99,données du projet,81.46,96.82,85.36,60.9,67.23,87.88000000000004,80.70833333333333,59.68,48.15,48.15
EX24_Kebili_2018_11,Kebili,Kebili,Sud-Ouest,2018,11,2018-11-15,33.721422,8.950384,495403.13,3731269.62,30,28.0,22.01,32.56,64.07,38.23,53.5,50.61,10.3,59.4,données du projet,67.99,81.46,96.82,76.22,55.63,82.09000000000003,81.88999999999999,51.27,43.13,43.13
EX24_Kebili_2018_12,Kebili,Kebili,Sud-Ouest,2018,12,2018-12-15,33.692061,8.929905,493503.63,3728015.32,30,28.0,20.13,33.38,69.02,45.44,40.53,46.48,14.96,52.49,données du projet,59.4,67.99,81.46,83.49,57.69,69.6166666666667,79.08666666666666,24.58,39.15,39.15
EX24_Kebili_2019_01,Kebili,Kebili,Sud-Ouest,2019,1,2019-01-15,33.684624,8.949067,495279.15,3727189.8,30,28.0,18.2,43.53,70.59,49.36,41.68,52.59,22.74,39.02,données du projet,52.49,59.4,67.99,85.36,49.52,59.960000000000036,73.92,29.69,50.66,50.66
EX24_Kebili_2019_02,Kebili,Kebili,Sud-Ouest,2019,2,2019-02-15,33.685293,8.978489,498006.23,3727262.96,30,28.0,19.69,31.04,68.21,41.83,47.62,47.47,14.69,39.44,données du projet,39.02,52.49,59.4,96.82,43.35,50.30333333333337,66.19666666666666,45.33,64.25,64.25
EX24_Kebili_2019_03,Kebili,Kebili,Sud-Ouest,2019,3,2019-03-15,33.721971,8.996276,499654.97,3731329.35,30,28.0,23.6,18.24,61.64,45.54,48.87,56.56,9.63,47.65,données du projet,39.44,39.02,52.49,81.46,53.49,43.650000000000034,56.63333333333333,86.52,76.74,76.74
EX24_Kebili_2019_04,Kebili,Kebili,Sud-Ouest,2019,4,2019-04-15,33.700168,9.004052,500375.51,3728912.02,30,28.0,29.62,25.32,52.61,37.96,71.44,57.05,9.46,72.23,données du projet,47.65,39.44,39.02,67.99,60.9,42.036666666666704,50.998333333333335,83.5,83.98,83.98
EX24_Kebili_2019_05,Kebili,Kebili,Sud-Ouest,2019,5,2019-05-15,33.728556,8.98979,499054.11,3732059.53,30,28.0,28.93,25.35,46.68,25.49,79.47,54.89,6.6,71.93,données du projet,72.23,47.65,39.44,59.4,76.22,53.106666666666705,51.705000000000005,83.41,92.25,92.25
EX24_Kebili_2019_06,Kebili,Kebili,Sud-Ouest,2019,6,2019-06-15,33.726915,9.02611,502418.91,3731877.83,30,28.0,34.36,22.42,35.75,22.32,99.43,67.82,41.74,84.27,données du projet,71.93,72.23,47.65,52.49,83.49,63.9366666666667,53.79333333333333,97.19,82.55,82.55
EX24_Kebili_2019_07,Kebili,Kebili,Sud-Ouest,2019,7,2019-07-15,33.696108,8.909312,491595.45,3728465.56,30,28.0,39.08,20.72,37.22,25.56,98.11,63.06,27.23,92.97,données du projet,84.27,71.93,72.23,39.02,85.36,76.14333333333337,59.089999999999996,91.67,71.96,71.96
EX24_Kebili_2019_08,Kebili,Kebili,Sud-Ouest,2019,8,2019-08-15,33.709509,8.963828,496648.3,3729948.21,30,28.0,38.82,12.2,38.71,16.09,100.0,70.28,41.63,89.81,données du projet,92.97,84.27,71.93,39.44,96.82,83.0566666666667,68.08166666666666,74.96,61.47,61.47
EX24_Kebili_2019_09,Kebili,Kebili,Sud-Ouest,2019,9,2019-09-15,33.722083,8.99934,499938.88,3731341.84,30,28.0,33.73,11.3,45.68,30.42,81.35,57.35,44.7,78.4,données du projet,89.81,92.97,84.27,47.65,81.46,89.01666666666671,76.47666666666667,44.84,50.4,50.4
EX24_Kebili_2019_10,Kebili,Kebili,Sud-Ouest,2019,10,2019-10-15,33.702244,9.007049,500653.23,3729142.23,30,28.0,24.93,47.64,54.2,48.65,62.21,52.4,16.09,61.14,données du projet,78.4,89.81,92.97,72.23,67.99,87.06000000000004,81.60166666666667,45.57,51.35,51.35
EX24_Kebili_2019_11,Kebili,Kebili,Sud-Ouest,2019,11,2019-11-15,33.745432,8.957231,496038.66,3733931.39,30,28.0,22.13,53.12,59.92,49.12,33.44,44.02,4.01,49.65,données du projet,61.14,78.4,89.81,71.93,59.4,76.45000000000005,79.75333333333334,42.98,47.04,47.04
EX24_Kebili_2019_12,Kebili,Kebili,Sud-Ouest,2019,12,2019-12-15,33.730291,8.937519,494211.89,3732253.64,30,28.0,18.0,24.94,64.05,41.57,52.05,42.63,24.85,55.67,données du projet,49.65,61.14,78.4,84.27,52.49,63.06333333333337,76.04,23.43,43.28,43.28
EX24_Kebili_2020_01,Kebili,Kebili,Sud-Ouest,2020,1,2020-01-15,33.697282,9.002793,500258.83,3728592.07,30,28.0,18.61,45.55,67.51,39.6,35.78,51.69,13.11,40.15,données du projet,55.67,49.65,61.14,92.97,39.02,55.48666666666671,71.27333333333334,42.47,50.92,50.92
EX24_Kebili_2020_02,Kebili,Kebili,Sud-Ouest,2020,2,2020-02-15,33.670046,8.943756,494786.03,3725573.78,30,28.0,17.7,30.77,67.51,38.18,41.92,47.19,15.28,44.17,données du projet,40.15,55.67,49.65,89.81,39.44,48.49000000000004,62.47,54.97,64.59,64.59
EX24_Kebili_2020_03,Kebili,Kebili,Sud-Ouest,2020,3,2020-03-15,33.755097,8.939619,494407.98,3735003.85,30,28.0,24.96,29.38,68.05,44.48,54.15,58.09,20.14,50.25,données du projet,44.17,40.15,55.67,78.4,47.65,46.66333333333338,54.86333333333334,72.97,78.36,78.36
EX24_Kebili_2020_04,Kebili,Kebili,Sud-Ouest,2020,4,2020-04-15,33.687101,8.931536,493654.4,3727465.32,30,28.0,27.47,18.68,56.28,34.86,68.52,61.85,14.18,63.9,données du projet,50.25,44.17,40.15,61.14,72.23,44.856666666666705,50.17166666666666,80.45,84.75,84.75
EX24_Kebili_2020_05,Kebili,Kebili,Sud-Ouest,2020,5,2020-05-15,33.699008,8.943165,494733.01,3728784.87,30,28.0,32.39,16.67,42.16,19.6,86.21,60.41,14.06,78.86,données du projet,63.9,50.25,44.17,49.65,71.93,52.77333333333337,50.63166666666667,86.97,90.31,90.31
EX24_Kebili_2020_06,Kebili,Kebili,Sud-Ouest,2020,6,2020-06-15,33.685564,8.948053,495185.2,3727294.09,30,28.0,36.76,1.14,41.62,27.45,92.73,59.39,41.13,86.43,données du projet,78.86,63.9,50.25,55.67,84.27,64.3366666666667,55.5,99.86,87.85,87.85
EX24_Kebili_2020_07,Kebili,Kebili,Sud-Ouest,2020,7,2020-07-15,33.737799,8.980547,498198.01,3733084.46,30,28.0,35.79,9.75,42.95,22.17,100.0,71.02,34.38,95.31,données du projet,86.43,78.86,63.9,40.15,92.97,76.3966666666667,60.626666666666665,80.61,76.63,76.63
EX24_Kebili_2020_08,Kebili,Kebili,Sud-Ouest,2020,8,2020-08-15,33.673586,8.951018,495459.38,3725965.92,30,28.0,36.48,3.99,36.68,20.26,100.0,56.72,25.59,89.68,données du projet,95.31,86.43,78.86,44.17,89.81,86.86666666666672,69.82000000000001,68.73,71.55,71.55
EX24_Kebili_2020_09,Kebili,Kebili,Sud-Ouest,2020,9,2020-09-15,33.685503,8.963641,496630.01,3727286.62,30,28.0,33.47,5.19,53.66,26.03,83.84,50.9,22.61,78.12,données du projet,89.68,95.31,86.43,50.25,78.4,90.47333333333337,77.405,88.17,63.02,63.02
EX24_Kebili_2020_10,Kebili,Kebili,Sud-Ouest,2020,10,2020-10-15,33.660706,8.935192,493991.39,3724538.67,30,28.0,24.93,32.67,53.54,36.41,70.28,45.72,6.68,75.89,données du projet,78.12,89.68,95.31,63.9,61.14,87.70333333333338,82.05,55.74,58.06,58.06
EX24_Kebili_2020_11,Kebili,Kebili,Sud-Ouest,2020,11,2020-11-15,33.71889,8.965545,496807.74,3730988.34,30,28.0,23.75,36.54,64.71,41.42,51.85,56.68,25.04,61.96,données du projet,75.89,78.12,89.68,78.86,49.65,81.23000000000005,84.04833333333333,69.01,54.78,54.78
EX24_Kebili_2020_12,Kebili,Kebili,Sud-Ouest,2020,12,2020-12-15,33.70322,8.986534,498752.12,3729250.51,30,28.0,19.25,33.15,63.59,43.06,48.97,40.24,13.9,57.01,données du projet,61.96,75.89,78.12,86.43,55.67,71.99000000000005,81.23166666666667,63.46,47.5,47.5
EX24_Kebili_2021_01,Kebili,Kebili,Sud-Ouest,2021,1,2021-01-15,33.695308,9.011756,501089.54,3728373.23,30,28.0,19.86,69.08,69.55,50.23,32.51,40.46,32.03,53.78,données du projet,57.01,61.96,75.89,95.31,40.15,64.95333333333338,76.32833333333333,56.95,54.21,54.21
EX24_Kebili_2021_02,Kebili,Kebili,Sud-Ouest,2021,2,2021-02-15,33.67979,8.991331,499196.47,3726652.65,30,28.0,19.87,52.63,60.85,55.02,42.48,53.83,9.18,47.1,données du projet,53.78,57.01,61.96,89.68,44.17,57.58333333333337,69.40666666666667,65.32,63.54,63.54
EX24_Kebili_2021_03,Kebili,Kebili,Sud-Ouest,2021,3,2021-03-15,33.659812,8.925532,493095.74,3724440.16,30,28.0,23.25,36.8,61.64,33.1,58.39,52.44,21.61,52.5,données du projet,47.1,53.78,57.01,78.12,50.25,52.630000000000045,62.31,56.75,71.54,71.54
EX24_Kebili_2021_04,Kebili,Kebili,Sud-Ouest,2021,4,2021-04-15,33.722912,8.913775,492011.53,3731437.06,30,28.0,28.64,41.54,54.09,27.09,80.14,63.19,6.91,68.23,données du projet,52.5,47.1,53.78,75.89,63.9,51.126666666666715,58.04,67.66,74.64,74.64
EX24_Kebili_2021_05,Kebili,Kebili,Sud-Ouest,2021,5,2021-05-15,33.652543,8.951704,495521.91,3723632.75,30,28.0,31.91,14.64,48.98,18.9,79.75,50.73,4.57,76.72,données du projet,68.23,52.5,47.1,61.96,78.86,55.94333333333338,56.76333333333334,70.8,79.53,79.53
EX24_Kebili_2021_06,Kebili,Kebili,Sud-Ouest,2021,6,2021-06-15,33.707081,9.048571,504500.81,3729679.55,30,28.0,37.9,24.36,46.7,26.04,86.96,58.88,50.77,77.28,données du projet,76.72,68.23,52.5,57.01,86.43,65.8166666666667,59.22333333333333,89.36,86.1,86.1
EX24_Kebili_2021_07,Kebili,Kebili,Sud-Ouest,2021,7,2021-07-15,33.724648,8.958156,496123.41,3731626.92,30,28.0,35.44,14.61,36.58,17.14,98.57,66.4,25.61,84.36,données du projet,77.28,76.72,68.23,53.78,95.31,74.07666666666671,62.60166666666667,87.18,83.22,83.22
EX24_Kebili_2021_08,Kebili,Kebili,Sud-Ouest,2021,8,2021-08-15,33.638267,8.995923,499621.92,3722048.9,30,28.0,38.79,17.07,38.2,25.65,96.79,59.67,34.96,84.7,données du projet,84.36,77.28,76.72,47.1,89.68,79.45333333333338,67.69833333333334,70.89,74.11,74.11
EX24_Kebili_2021_09,Kebili,Kebili,Sud-Ouest,2021,9,2021-09-15,33.745908,8.91258,491903.04,3733986.81,30,28.0,29.62,20.96,49.02,17.41,89.18,56.45,38.34,84.81,données du projet,84.7,84.36,77.28,52.5,78.12,82.11333333333337,73.96499999999999,69.88,69.43,69.43
EX24_Kebili_2021_10,Kebili,Kebili,Sud-Ouest,2021,10,2021-10-15,33.713498,8.95528,495856.42,3730390.84,30,28.0,26.44,19.11,54.2,37.81,64.65,65.46,21.89,80.63,données du projet,84.81,84.7,84.36,68.23,75.89,84.62333333333338,79.35000000000001,81.1,65.45,65.45
EX24_Kebili_2021_11,Kebili,Kebili,Sud-Ouest,2021,11,2021-11-15,33.714237,8.953692,495709.25,3730472.88,30,28.0,25.74,41.55,61.21,40.23,60.46,40.16,18.85,72.09,données du projet,80.63,84.81,84.7,76.72,61.96,83.38000000000004,81.41666666666667,61.41,60.67,60.67
EX24_Kebili_2021_12,Kebili,Kebili,Sud-Ouest,2021,12,2021-12-15,33.721281,8.986261,498727.14,3731252.99,30,28.0,18.72,32.16,70.03,47.0,42.26,44.08,1.1,62.86,données du projet,72.09,80.63,84.81,77.28,57.01,79.1766666666667,80.645,41.69,61.15,61.15
EX24_Kebili_2022_01,Kebili,Kebili,Sud-Ouest,2022,1,2022-01-15,33.670676,8.995782,499609.0,3725642.17,30,28.0,18.37,30.69,74.1,45.44,57.79,41.15,17.41,61.87,données du projet,62.86,72.09,80.63,84.36,53.78,71.86000000000003,78.24166666666667,67.05,63.0,63.0
EX24_Kebili_2022_02,Kebili,Kebili,Sud-Ouest,2022,2,2022-02-15,33.686444,8.960256,496316.33,3727391.15,30,28.0,19.97,55.74,59.17,45.99,39.42,61.94,6.78,52.7,données du projet,61.87,62.86,72.09,84.7,47.1,65.6066666666667,74.49333333333334,66.94,73.35,73.35
EX24_Kebili_2022_03,Kebili,Kebili,Sud-Ouest,2022,3,2022-03-15,33.737933,8.966349,496882.93,3733099.67,30,28.0,23.13,45.06,60.56,28.97,53.87,55.15,12.32,64.19,données du projet,52.7,61.87,62.86,84.81,52.5,59.14333333333337,69.16,74.07,79.1,79.1
EX24_Kebili_2022_04,Kebili,Kebili,Sud-Ouest,2022,4,2022-04-15,33.719798,8.943279,494744.82,3731089.84,30,28.0,32.16,41.39,53.79,35.58,77.85,55.44,15.99,78.29,données du projet,64.19,52.7,61.87,80.63,68.23,59.5866666666667,65.72333333333333,67.3,85.04,85.04
EX24_Kebili_2022_05,Kebili,Kebili,Sud-Ouest,2022,5,2022-05-15,33.757493,8.977332,497900.76,3735268.03,30,28.0,31.9,27.26,47.42,35.41,79.44,60.15,10.32,76.7,données du projet,78.29,64.19,52.7,72.09,76.72,65.06000000000004,65.33333333333334,88.55,91.19,91.19
EX24_Kebili_2022_06,Kebili,Kebili,Sud-Ouest,2022,6,2022-06-15,33.736899,8.988496,498934.34,3732984.53,30,28.0,33.85,64.02,37.27,10.13,80.01,61.84,25.74,82.53,données du projet,76.7,78.29,64.19,62.86,77.28,73.06000000000004,66.10166666666667,100.0,91.45,91.45
EX24_Kebili_2022_07,Kebili,Kebili,Sud-Ouest,2022,7,2022-07-15,33.750862,8.978707,498027.88,3734532.78,30,28.0,37.72,12.83,32.52,21.58,100.0,55.86,35.52,93.75,données du projet,82.53,76.7,78.29,61.87,84.36,79.17333333333339,69.38,99.04,86.15,86.15
EX24_Kebili_2022_08,Kebili,Kebili,Sud-Ouest,2022,8,2022-08-15,33.725766,9.003821,500353.95,3731750.1,30,28.0,38.42,16.15,39.08,10.54,98.06,80.01,55.87,96.27,données du projet,93.75,82.53,76.7,52.7,84.7,84.32666666666671,74.69333333333333,81.97,76.37,76.37
EX24_Kebili_2022_09,Kebili,Kebili,Sud-Ouest,2022,9,2022-09-15,33.727096,8.997575,499775.37,3731897.59,30,28.0,33.09,14.13,52.47,29.36,86.92,69.02,26.06,87.46,données du projet,96.27,93.75,82.53,64.19,84.81,90.85000000000004,81.955,81.85,65.74,65.74
EX24_Kebili_2022_10,Kebili,Kebili,Sud-Ouest,2022,10,2022-10-15,33.773979,9.006366,500589.42,3737095.75,30,28.0,25.38,32.74,53.39,33.82,71.08,53.29,31.78,82.56,données du projet,87.46,96.27,93.75,78.29,80.63,92.49333333333338,85.83333333333333,49.19,53.63,53.63
EX24_Kebili_2022_11,Kebili,Kebili,Sud-Ouest,2022,11,2022-11-15,33.688342,8.931743,493673.71,3727602.93,30,28.0,21.88,45.99,66.99,41.47,38.38,47.26,31.06,58.76,données du projet,82.56,87.46,96.27,76.7,72.09,88.76333333333338,86.545,41.92,48.53,48.53
EX24_Kebili_2022_12,Kebili,Kebili,Sud-Ouest,2022,12,2022-12-15,33.723549,8.922763,492844.34,3731506.97,30,28.0,19.55,43.47,67.01,47.23,32.03,37.79,13.91,45.33,données du projet,58.76,82.56,87.46,82.53,62.86,76.26000000000005,83.55499999999999,68.47,63.44,63.44
EX24_Kebili_2023_01,Kebili,Kebili,Sud-Ouest,2023,1,2023-01-15,33.693847,8.968133,497046.67,3728211.66,30,28.0,15.49,60.51,72.53,43.5,53.9,58.02,20.19,56.46,données du projet,45.33,58.76,82.56,93.75,61.87,62.216666666666704,77.35499999999999,43.78,66.48,66.48
EX24_Kebili_2023_02,Kebili,Kebili,Sud-Ouest,2023,2,2023-02-15,33.716018,8.960001,496293.96,3730670.06,30,28.0,18.09,50.13,61.37,44.28,38.66,39.7,8.36,56.04,données du projet,56.46,45.33,58.76,96.27,52.7,53.51666666666671,71.14,85.78,76.64,76.64
EX24_Kebili_2023_03,Kebili,Kebili,Sud-Ouest,2023,3,2023-03-15,33.710086,8.944688,494874.72,3730013.04,30,28.0,27.36,38.32,52.32,37.35,60.87,50.46,12.92,66.88,données du projet,56.04,56.46,45.33,87.46,64.19,52.61000000000004,64.43499999999999,79.75,82.31,82.31
EX24_Kebili_2023_04,Kebili,Kebili,Sud-Ouest,2023,4,2023-04-15,33.680305,8.956371,495955.89,3726710.55,30,28.0,30.2,27.9,53.89,40.12,64.0,56.91,10.18,73.88,données du projet,66.88,56.04,56.46,82.56,78.29,59.79333333333337,61.004999999999995,78.57,86.94,86.94
EX24_Kebili_2023_05,Kebili,Kebili,Sud-Ouest,2023,5,2023-05-15,33.705989,8.973302,497526.03,3729557.77,30,28.0,31.96,7.25,45.19,24.67,96.98,53.91,0.0,87.98,données du projet,73.88,66.88,56.04,58.76,76.7,65.60000000000004,59.55833333333334,99.58,92.6,92.6
EX24_Kebili_2023_06,Kebili,Kebili,Sud-Ouest,2023,6,2023-06-15,33.713834,8.996152,499643.43,3730427.18,30,28.0,34.99,39.76,46.2,10.16,95.87,63.51,41.44,88.67,données du projet,87.98,73.88,66.88,45.33,82.53,76.24666666666671,64.42833333333333,85.16,96.17,96.17
EX24_Kebili_2023_07,Kebili,Kebili,Sud-Ouest,2023,7,2023-07-15,33.665664,9.02603,502413.16,3725086.74,30,28.0,36.95,26.44,38.42,19.76,87.51,57.55,39.02,95.07,données du projet,88.67,87.98,73.88,56.46,93.75,83.51000000000005,71.65166666666667,88.63,88.11,88.11
EX24_Kebili_2023_08,Kebili,Kebili,Sud-Ouest,2023,8,2023-08-15,33.701962,8.989587,499035.04,3729110.91,30,28.0,37.8,7.14,34.71,14.92,96.07,71.25,37.4,84.69,données du projet,95.07,88.67,87.98,56.04,96.27,90.57333333333338,78.08666666666666,95.66,81.52,81.52
EX24_Kebili_2023_09,Kebili,Kebili,Sud-Ouest,2023,9,2023-09-15,33.688947,9.017475,501619.64,3727668.02,30,28.0,32.88,22.33,55.68,22.94,88.79,62.06,41.42,92.79,données du projet,84.69,95.07,88.67,66.88,87.46,89.4766666666667,82.86166666666666,80.8,71.86,71.86
EX24_Kebili_2023_10,Kebili,Kebili,Sud-Ouest,2023,10,2023-10-15,33.692085,8.964101,496672.93,3728016.43,30,28.0,25.57,27.8,51.16,43.74,71.74,60.71,21.24,84.18,données du projet,92.79,84.69,95.07,73.88,82.56,90.85000000000004,87.17999999999999,56.45,63.75,63.75
EX24_Kebili_2023_11,Kebili,Kebili,Sud-Ouest,2023,11,2023-11-15,33.716336,8.974762,497661.62,3730704.89,30,28.0,22.4,29.2,65.68,37.22,50.52,57.34,29.14,64.25,données du projet,84.18,92.79,84.69,87.98,58.76,87.22000000000004,88.89666666666666,96.06,61.88,61.88
EX24_Kebili_2023_12,Kebili,Kebili,Sud-Ouest,2023,12,2023-12-15,33.751773,8.951437,495502.26,3734634.69,30,28.0,19.51,35.8,62.62,48.87,42.06,48.53,10.14,64.43,données du projet,64.25,84.18,92.79,88.67,45.33,80.40666666666671,84.94166666666668,54.33,54.19,54.19
EX24_Kebili_2024_01,Kebili,Kebili,Sud-Ouest,2024,1,2024-01-15,33.738434,8.985572,498663.58,3733154.75,30,28.0,19.48,32.98,70.52,50.34,50.5,51.09,12.15,57.56,données du projet,64.43,64.25,84.18,95.07,56.46,70.95333333333338,80.90166666666667,69.59,69.9,69.9
EX24_Kebili_2024_02,Kebili,Kebili,Sud-Ouest,2024,2,2024-02-15,33.654437,8.966294,496874.75,3723842.18,30,28.0,18.45,47.9,65.58,39.01,40.29,50.57,19.72,57.35,données du projet,57.56,64.43,64.25,84.69,56.04,62.08000000000004,74.65,52.48,65.07,65.07
EX24_Kebili_2024_03,Kebili,Kebili,Sud-Ouest,2024,3,2024-03-15,33.707407,8.98028,498172.65,3729714.84,30,28.0,25.08,26.23,64.11,40.22,57.85,60.03,23.24,55.04,données du projet,57.35,57.56,64.43,92.79,66.88,59.78000000000005,70.09333333333333,74.27,76.67,76.67
EX24_Kebili_2024_04,Kebili,Kebili,Sud-Ouest,2024,4,2024-04-15,33.731941,9.035813,503317.59,3732435.38,30,28.0,28.13,23.84,49.54,35.29,85.05,71.3,22.29,72.08,données du projet,55.04,57.35,57.56,84.18,73.88,56.65000000000004,63.80166666666667,84.69,86.95,86.95
EX24_Kebili_2024_05,Kebili,Kebili,Sud-Ouest,2024,5,2024-05-15,33.695746,8.989564,499032.82,3728421.8,30,28.0,32.35,24.95,48.81,27.73,82.04,52.29,13.37,84.57,données du projet,72.08,55.04,57.35,64.25,87.98,61.490000000000045,61.785,71.49,92.87,92.87
EX24_Kebili_2024_06,Kebili,Kebili,Sud-Ouest,2024,6,2024-06-15,33.691045,8.963037,496574.27,3727901.14,30,28.0,33.82,47.3,48.27,9.62,97.71,59.96,59.45,87.02,données du projet,84.57,72.08,55.04,64.43,88.67,70.56333333333338,65.17166666666667,100.0,98.86,98.86
EX24_Kebili_2024_07,Kebili,Kebili,Sud-Ouest,2024,7,2024-07-15,33.700661,8.958925,496193.56,3728967.42,30,28.0,40.5,20.75,28.25,20.2,93.86,63.9,36.08,95.79,données du projet,87.02,84.57,72.08,57.56,95.07,81.22333333333337,68.93666666666667,94.49,90.52,90.52
EX24_Kebili_2024_08,Kebili,Kebili,Sud-Ouest,2024,8,2024-08-15,33.77151,8.920369,492626.57,3736824.73,30,28.0,34.63,15.78,34.57,30.45,93.07,78.25,44.2,92.24,données du projet,95.79,87.02,84.57,57.35,84.69,89.12666666666671,75.30833333333332,94.83,81.24,81.24
EX24_Kebili_2024_09,Kebili,Kebili,Sud-Ouest,2024,9,2024-09-15,33.74597,8.968238,497058.15,3733990.64,30,28.0,32.84,26.92,51.33,32.42,83.03,58.12,57.48,90.28,données du projet,92.24,95.79,87.02,55.04,92.79,91.68333333333338,81.12333333333333,100.0,72.53,72.53
EX24_Kebili_2024_10,Kebili,Kebili,Sud-Ouest,2024,10,2024-10-15,33.698869,8.994906,499527.93,3728768.0,30,28.0,26.1,22.83,60.79,33.29,50.91,54.91,32.76,84.8,données du projet,90.28,92.24,95.79,72.08,84.18,92.77000000000005,86.99666666666667,65.14,64.02,64.02
EX24_Kebili_2024_11,Kebili,Kebili,Sud-Ouest,2024,11,2024-11-15,33.754025,8.94213,494640.52,3734884.76,30,28.0,20.65,45.12,67.62,49.88,51.0,51.77,7.18,75.04,données du projet,84.8,90.28,92.24,84.57,64.25,89.1066666666667,89.11666666666667,67.93,55.38,55.38
EX24_Kebili_2024_12,Kebili,Kebili,Sud-Ouest,2024,12,2024-12-15,33.701758,8.968818,497110.4,3729088.76,30,28.0,18.84,35.01,73.92,49.2,43.43,47.1,7.52,56.86,données du projet,75.04,84.8,90.28,87.02,64.43,83.37333333333338,87.52833333333335,43.93,60.79,60.79
EX24_Kebili_2025_01,Kebili,Kebili,Sud-Ouest,2025,1,2025-01-15,33.699267,8.994804,499518.43,3728812.07,30,28.0,19.01,65.67,71.74,45.34,36.7,53.43,14.01,51.07,données du projet,56.86,75.04,84.8,95.79,57.56,72.23333333333339,82.50166666666668,66.24,64.09,64.09
EX24_Kebili_2025_02,Kebili,Kebili,Sud-Ouest,2025,2,2025-02-15,33.690672,8.988919,498973.04,3727859.17,30,28.0,22.47,52.48,73.64,40.97,47.26,48.12,16.17,62.97,données du projet,51.07,56.86,75.04,92.24,57.35,60.990000000000045,75.04833333333333,66.59,78.27,78.27
EX24_Kebili_2025_03,Kebili,Kebili,Sud-Ouest,2025,3,2025-03-15,33.720088,8.946755,495066.89,3731121.89,30,28.0,23.87,38.77,66.4,36.83,61.08,62.66,17.8,62.4,données du projet,62.97,51.07,56.86,90.28,55.04,56.966666666666704,70.17,73.78,83.18,83.18
EX24_Kebili_2025_04,Kebili,Kebili,Sud-Ouest,2025,4,2025-04-15,33.699474,8.954369,495771.26,3728835.98,30,28.0,30.16,17.57,44.96,36.11,83.95,62.93,14.01,73.82,données du projet,62.4,62.97,51.07,84.8,72.08,58.81333333333337,65.52333333333334,100.0,89.38,89.38
EX24_Kebili_2025_05,Kebili,Kebili,Sud-Ouest,2025,5,2025-05-15,33.725749,9.03341,503095.25,3731748.79,30,28.0,31.68,19.92,48.61,35.8,65.59,63.28,33.09,80.87,données du projet,73.82,62.4,62.97,75.04,84.57,66.3966666666667,63.693333333333335,92.43,94.28,94.28
EX24_Kebili_2025_06,Kebili,Kebili,Sud-Ouest,2025,6,2025-06-15,33.731234,8.989591,499035.72,3732356.39,30,28.0,34.46,13.22,41.23,25.1,97.53,64.5,44.75,90.91,données du projet,80.87,73.82,62.4,56.86,87.02,72.36333333333339,64.665,97.46,95.48,95.48
EX24_Kebili_2025_07,Kebili,Kebili,Sud-Ouest,2025,7,2025-07-15,33.657587,8.991,499165.55,3724190.98,30,28.0,38.16,32.82,34.99,19.08,96.45,63.01,42.09,99.4,données du projet,90.91,80.87,73.82,51.07,95.79,81.86666666666672,70.33999999999999,93.19,88.13,88.13
EX24_Kebili_2025_08,Kebili,Kebili,Sud-Ouest,2025,8,2025-08-15,33.694307,8.969461,497169.74,3728262.64,30,28.0,36.76,0.29,40.62,28.9,98.85,70.33,51.46,100.0,données du projet,99.4,90.91,80.87,62.97,92.24,90.39333333333337,78.395,100.0,80.76,80.76
EX24_Kebili_2025_09,Kebili,Kebili,Sud-Ouest,2025,9,2025-09-15,33.685935,8.963476,496614.68,3727334.57,30,28.0,33.81,23.69,39.84,36.68,88.0,66.45,41.86,87.87,données du projet,100.0,99.4,90.91,62.4,90.28,96.77000000000004,84.56666666666668,75.39,72.88,72.88
EX24_Kef_2017_01,Kef,Le Kef,Nord-Ouest,2017,1,2017-01-15,36.167077,8.645801,468144.29,4002538.15,80,35.0,12.67,36.31,75.3,56.8,39.03,37.53,10.36,54.33,données du projet,52.73,56.37,62.71,88.21,44.72,57.27000000000004,70.10833333333333,38.54,56.42,56.42
EX24_Kef_2017_02,Kef,Le Kef,Nord-Ouest,2017,2,2017-02-15,36.18799,8.715224,474394.82,4004837.16,80,35.0,19.01,57.59,73.06,45.54,41.84,50.88,17.89,53.15,données du projet,54.33,52.73,56.37,83.74,53.22,54.47666666666671,64.46166666666666,55.05,57.87,57.87
EX24_Kef_2017_03,Kef,Le Kef,Nord-Ouest,2017,3,2017-03-15,36.157983,8.733755,476051.86,4001504.1,80,35.0,17.62,27.28,58.97,45.63,67.23,55.05,3.99,56.76,données du projet,53.15,54.33,52.73,76.89,52.84,53.40333333333337,59.36333333333332,68.43,62.71,62.71
EX24_Kef_2017_04,Kef,Le Kef,Nord-Ouest,2017,4,2017-04-15,36.213572,8.693466,472447.49,4007680.71,80,35.0,23.48,47.45,58.95,35.66,63.36,58.31,26.57,62.46,données du projet,56.76,53.15,54.33,62.71,68.19,54.746666666666705,56.00833333333333,60.48,75.07,75.07
EX24_Kef_2017_05,Kef,Le Kef,Nord-Ouest,2017,5,2017-05-15,36.170736,8.772234,479516.31,4002909.88,80,35.0,28.19,42.7,51.78,36.41,74.47,52.6,28.35,62.34,données du projet,62.46,56.76,53.15,56.37,76.64,57.456666666666706,55.96666666666667,76.9,81.17,81.17
EX24_Kef_2017_06,Kef,Le Kef,Nord-Ouest,2017,6,2017-06-15,36.201084,8.673339,470633.66,4006301.38,80,35.0,33.02,7.79,48.61,23.3,94.21,63.71,44.11,72.84,données du projet,62.34,62.46,56.76,52.73,87.82,60.52000000000004,56.961666666666666,92.77,83.83,83.83
EX24_Kef_2017_07,Kef,Le Kef,Nord-Ouest,2017,7,2017-07-15,36.213155,8.715425,474421.11,4007628.4,80,35.0,32.09,14.55,42.55,18.95,90.99,68.54,47.05,88.75,données du projet,72.84,62.34,62.46,54.33,88.21,65.88000000000005,60.31333333333333,83.74,80.8,80.8
EX24_Kef_2017_08,Kef,Le Kef,Nord-Ouest,2017,8,2017-08-15,36.211222,8.676928,470960.08,4007424.87,80,35.0,32.7,40.04,41.63,31.58,88.1,62.91,45.09,84.37,données du projet,88.75,72.84,62.34,53.15,83.74,74.64333333333337,66.05,88.11,70.92,70.92
EX24_Kef_2017_09,Kef,Le Kef,Nord-Ouest,2017,9,2017-09-15,36.156712,8.708249,473757.26,4001369.78,80,35.0,26.61,22.26,61.2,31.59,81.05,65.44,45.45,82.65,données du projet,84.37,88.75,72.84,56.76,76.89,81.98666666666672,71.25333333333333,81.49,57.18,57.18
EX24_Kef_2017_10,Kef,Le Kef,Nord-Ouest,2017,10,2017-10-15,36.153186,8.708061,473739.17,4000978.75,80,35.0,23.11,43.96,58.94,47.96,62.29,59.36,30.79,70.64,données du projet,82.65,84.37,88.75,62.46,62.71,85.25666666666672,75.56833333333333,52.7,54.54,54.54
EX24_Kef_2017_11,Kef,Le Kef,Nord-Ouest,2017,11,2017-11-15,36.173816,8.69322,472411.4,4003271.1,80,35.0,19.62,46.22,67.19,48.51,43.67,60.44,6.51,61.69,données du projet,70.64,82.65,84.37,62.34,56.37,79.22000000000004,76.93166666666667,61.84,43.58,43.58
EX24_Kef_2017_12,Kef,Le Kef,Nord-Ouest,2017,12,2017-12-15,36.193966,8.68975,472106.51,4005507.11,80,35.0,13.72,38.78,72.74,48.8,32.33,53.52,8.63,48.44,données du projet,61.69,70.64,82.65,72.84,52.73,71.66000000000004,76.82333333333334,56.42,45.74,45.74
EX24_Kef_2018_01,Kef,Le Kef,Nord-Ouest,2018,1,2018-01-15,36.214586,8.689639,472103.8,4007794.2,80,35.0,12.87,52.43,73.27,57.6,38.01,53.01,8.8,42.51,données du projet,48.44,61.69,70.64,88.75,54.33,60.25666666666671,72.75666666666667,27.56,48.39,48.39
EX24_Kef_2018_02,Kef,Le Kef,Nord-Ouest,2018,2,2018-02-15,36.199221,8.716676,474529.02,4006082.55,80,35.0,17.12,55.4,67.5,61.56,37.62,49.82,13.75,49.44,données du projet,42.51,48.44,61.69,84.37,53.15,50.880000000000045,65.05,52.93,62.47,62.47
EX24_Kef_2018_03,Kef,Le Kef,Nord-Ouest,2018,3,2018-03-15,36.173809,8.652536,468752.66,4003282.59,80,35.0,18.63,100.75,64.9,48.97,47.26,50.12,27.04,46.98,données du projet,49.44,42.51,48.44,82.65,56.76,46.79666666666671,59.22833333333333,66.75,69.52,69.52
EX24_Kef_2018_04,Kef,Le Kef,Nord-Ouest,2018,4,2018-04-15,36.209424,8.683489,471549.14,4007223.48,80,35.0,24.83,55.0,62.98,40.08,57.5,49.4,19.08,64.95,données du projet,46.98,49.44,42.51,70.64,62.46,46.31000000000004,53.28333333333334,69.03,83.45,83.45
EX24_Kef_2018_05,Kef,Le Kef,Nord-Ouest,2018,5,2018-05-15,36.19035,8.71693,474548.97,4005098.49,80,35.0,27.35,58.99,54.3,36.75,77.8,69.47,5.52,75.05,données du projet,64.95,46.98,49.44,61.69,62.34,53.79000000000004,52.335,89.28,86.39,86.39
EX24_Kef_2018_06,Kef,Le Kef,Nord-Ouest,2018,6,2018-06-15,36.151647,8.674864,470752.42,4000817.49,80,35.0,30.69,33.8,52.61,26.95,90.32,54.02,37.35,79.62,données du projet,75.05,64.95,46.98,48.44,72.84,62.32666666666671,54.56166666666667,75.09,86.99,86.99
EX24_Kef_2018_07,Kef,Le Kef,Nord-Ouest,2018,7,2018-07-15,36.182026,8.717947,474637.78,4004174.93,80,35.0,35.82,8.03,44.07,27.44,100.0,68.76,50.72,87.54,données du projet,79.62,75.05,64.95,42.51,88.75,73.2066666666667,59.758333333333326,100.0,80.85,80.85
EX24_Kef_2018_08,Kef,Le Kef,Nord-Ouest,2018,8,2018-08-15,36.168667,8.659207,469350.63,4002710.18,80,35.0,36.71,10.18,41.72,21.66,100.0,69.16,44.07,87.67,données du projet,87.54,79.62,75.05,49.44,84.37,80.73666666666672,67.26333333333334,97.36,73.41,73.41
EX24_Kef_2018_09,Kef,Le Kef,Nord-Ouest,2018,9,2018-09-15,36.207087,8.732664,475968.74,4006950.92,80,35.0,28.74,18.04,51.65,31.6,98.89,67.22,28.39,85.36,données du projet,87.67,87.54,79.62,46.98,82.65,84.94333333333337,73.635,66.15,55.81,55.81
EX24_Kef_2018_10,Kef,Le Kef,Nord-Ouest,2018,10,2018-10-15,36.155572,8.730604,475767.72,4001237.54,80,35.0,21.58,40.8,62.12,37.77,64.08,55.62,11.76,69.8,données du projet,85.36,87.67,87.54,64.95,70.64,86.85666666666673,80.03166666666668,69.14,56.7,56.7
EX24_Kef_2018_11,Kef,Le Kef,Nord-Ouest,2018,11,2018-11-15,36.150193,8.667449,470084.82,4000658.45,80,35.0,16.18,51.97,66.81,48.87,49.69,60.99,15.32,64.11,données du projet,69.8,85.36,87.67,75.05,61.69,80.94333333333337,80.83999999999999,44.22,52.65,52.65
EX24_Kef_2018_12,Kef,Le Kef,Nord-Ouest,2018,12,2018-12-15,36.153302,8.68475,471642.32,4000998.18,80,35.0,13.01,51.36,72.51,61.23,27.12,47.7,14.37,48.58,données du projet,64.11,69.8,85.36,79.62,48.44,73.09000000000005,79.01666666666667,56.76,48.99,48.99
EX24_Kef_2019_01,Kef,Le Kef,Nord-Ouest,2019,1,2019-01-15,36.141718,8.728267,475553.2,3999701.45,80,35.0,13.7,57.4,74.51,51.56,40.19,41.51,15.92,55.04,données du projet,48.58,64.11,69.8,87.54,42.51,60.83000000000004,73.84333333333335,34.98,54.82,54.82
EX24_Kef_2019_02,Kef,Le Kef,Nord-Ouest,2019,2,2019-02-15,36.149361,8.753705,477843.92,4000543.05,80,35.0,13.39,49.75,67.36,52.06,32.49,57.69,17.22,47.94,données du projet,55.04,48.58,64.11,87.67,49.44,55.910000000000046,68.42666666666666,35.13,60.13,60.13
EX24_Kef_2019_03,Kef,Le Kef,Nord-Ouest,2019,3,2019-03-15,36.20908,8.702306,473240.51,4007179.95,80,35.0,20.81,52.57,62.33,40.82,56.07,54.63,2.87,47.28,données du projet,47.94,55.04,48.58,85.36,46.98,50.52000000000004,61.805,57.73,75.87,75.87
EX24_Kef_2019_04,Kef,Le Kef,Nord-Ouest,2019,4,2019-04-15,36.165374,8.707308,473675.49,4002330.81,80,35.0,22.93,31.18,55.27,31.94,68.86,54.79,23.3,66.5,données du projet,47.28,47.94,55.04,69.8,64.95,50.08666666666671,55.458333333333336,71.44,80.27,80.27
EX24_Kef_2019_05,Kef,Le Kef,Nord-Ouest,2019,5,2019-05-15,36.18603,8.725035,475276.37,4004617.24,80,35.0,28.85,27.62,56.68,41.4,85.09,58.7,12.11,67.8,données du projet,66.5,47.28,47.94,64.11,75.05,53.906666666666716,54.90833333333334,80.23,88.55,88.55
EX24_Kef_2019_06,Kef,Le Kef,Nord-Ouest,2019,6,2019-06-15,36.193069,8.720199,474843.77,4005399.21,80,35.0,28.6,22.61,44.54,28.29,100.0,70.33,40.75,83.97,données du projet,67.8,66.5,47.28,48.58,79.62,60.52666666666672,55.52333333333333,78.14,84.92,84.92
EX24_Kef_2019_07,Kef,Le Kef,Nord-Ouest,2019,7,2019-07-15,36.156215,8.745589,477115.87,4001305.17,80,35.0,36.75,16.91,44.36,16.94,94.82,68.31,23.22,84.59,données du projet,83.97,67.8,66.5,55.04,87.54,72.75666666666672,61.42166666666666,100.0,88.87,88.87
EX24_Kef_2019_08,Kef,Le Kef,Nord-Ouest,2019,8,2019-08-15,36.107952,8.696187,472655.39,3995964.78,80,35.0,35.29,14.89,51.32,33.86,95.44,66.46,49.59,88.91,données du projet,84.59,83.97,67.8,47.94,87.67,78.7866666666667,66.34666666666666,89.38,68.05,68.05
EX24_Kef_2019_09,Kef,Le Kef,Nord-Ouest,2019,9,2019-09-15,36.14848,8.733669,476041.27,4000450.08,80,35.0,26.78,32.12,52.16,34.76,94.96,62.79,33.6,86.17,données du projet,88.91,84.59,83.97,47.28,85.36,85.82333333333338,73.175,83.86,55.6,55.6
EX24_Kef_2019_10,Kef,Le Kef,Nord-Ouest,2019,10,2019-10-15,36.188642,8.647769,468330.02,4004929.37,80,35.0,20.58,32.35,62.23,41.22,69.87,57.88,13.58,71.78,données du projet,86.17,88.91,84.59,66.5,69.8,86.55666666666673,79.65666666666665,61.58,49.14,49.14
EX24_Kef_2019_11,Kef,Le Kef,Nord-Ouest,2019,11,2019-11-15,36.145713,8.673911,470664.5,4000159.62,80,35.0,15.92,47.06,65.64,47.29,43.32,65.25,3.07,53.93,données du projet,71.78,86.17,88.91,67.8,64.11,82.2866666666667,80.53666666666666,39.1,41.68,41.68
EX24_Kef_2019_12,Kef,Le Kef,Nord-Ouest,2019,12,2019-12-15,36.132546,8.716906,474528.11,3998687.06,80,35.0,13.96,46.69,77.23,57.41,27.09,54.17,15.87,43.33,données du projet,53.93,71.78,86.17,83.97,48.58,70.62666666666672,78.22500000000001,36.29,47.91,47.91
EX24_Kef_2020_01,Kef,Le Kef,Nord-Ouest,2020,1,2020-01-15,36.165398,8.734894,476156.61,4002326.33,80,35.0,11.34,63.85,72.14,57.5,22.74,51.26,21.98,36.34,données du projet,43.33,53.93,71.78,84.59,55.04,56.346666666666714,71.45166666666667,47.78,51.19,51.19
EX24_Kef_2020_02,Kef,Le Kef,Nord-Ouest,2020,2,2020-02-15,36.179765,8.677312,470983.01,4003935.61,80,35.0,15.26,63.54,75.16,52.94,54.21,61.53,5.13,48.59,données du projet,36.34,43.33,53.93,88.91,47.94,44.53333333333338,63.410000000000004,60.42,61.49,61.49
EX24_Kef_2020_03,Kef,Le Kef,Nord-Ouest,2020,3,2020-03-15,36.193541,8.667913,470143.0,4005466.39,80,35.0,17.41,35.93,75.58,49.86,53.78,52.94,18.13,52.0,données du projet,48.59,36.34,43.33,86.17,47.28,42.75333333333338,56.69,53.9,66.82,66.82
EX24_Kef_2020_04,Kef,Le Kef,Nord-Ouest,2020,4,2020-04-15,36.128884,8.662451,469627.03,3998296.47,80,35.0,24.65,39.78,56.26,35.04,68.52,64.66,2.27,60.19,données du projet,52.0,48.59,36.34,71.78,66.5,45.64333333333338,50.995000000000005,74.18,83.07,83.07
EX24_Kef_2020_05,Kef,Le Kef,Nord-Ouest,2020,5,2020-05-15,36.165791,8.720618,474872.72,4002373.46,80,35.0,24.28,25.32,50.67,31.59,85.06,68.39,2.8,70.52,données du projet,60.19,52.0,48.59,53.93,67.8,53.59333333333338,49.06333333333333,89.89,86.85,86.85
EX24_Kef_2020_06,Kef,Le Kef,Nord-Ouest,2020,6,2020-06-15,36.175892,8.73251,475945.39,4003490.9,80,35.0,31.98,11.38,49.05,21.65,96.84,75.2,30.28,87.27,données du projet,70.52,60.19,52.0,43.33,83.97,60.903333333333386,51.82833333333334,78.21,90.94,90.94
EX24_Kef_2020_07,Kef,Le Kef,Nord-Ouest,2020,7,2020-07-15,36.192189,8.750031,477525.64,4005294.35,80,35.0,35.26,20.72,44.87,32.65,92.31,59.97,36.67,87.54,données du projet,87.27,70.52,60.19,36.34,84.59,72.66000000000004,59.15166666666667,95.25,79.37,79.37
EX24_Kef_2020_08,Kef,Le Kef,Nord-Ouest,2020,8,2020-08-15,36.207057,8.659198,469364.76,4006968.32,80,35.0,32.46,8.62,48.9,24.61,99.12,60.09,37.13,94.28,données du projet,87.54,87.27,70.52,48.59,88.91,81.77666666666671,67.685,67.61,67.88,67.88
EX24_Kef_2020_09,Kef,Le Kef,Nord-Ouest,2020,9,2020-09-15,36.185801,8.69809,472853.49,4004599.08,80,35.0,27.99,27.95,45.45,28.92,85.46,66.51,51.43,77.68,données du projet,94.28,87.54,87.27,52.0,86.17,89.69666666666672,75.3,51.29,56.78,56.78
EX24_Kef_2020_10,Kef,Le Kef,Nord-Ouest,2020,10,2020-10-15,36.069895,8.755722,478003.25,3991728.47,80,35.0,22.35,27.49,65.2,43.65,63.85,56.79,14.59,62.64,données du projet,77.68,94.28,87.54,60.19,71.78,86.50000000000006,79.58,55.46,50.12,50.12
EX24_Kef_2020_11,Kef,Le Kef,Nord-Ouest,2020,11,2020-11-15,36.182011,8.675047,470780.13,4004185.36,80,35.0,20.16,40.94,76.1,40.88,44.02,56.99,6.81,54.02,données du projet,62.64,77.68,94.28,70.52,53.93,78.20000000000005,79.98833333333333,45.12,47.76,47.76
EX24_Kef_2020_12,Kef,Le Kef,Nord-Ouest,2020,12,2020-12-15,36.161234,8.702211,473215.65,4001873.01,80,35.0,11.26,75.82,74.71,45.25,31.95,56.09,28.66,49.91,données du projet,54.02,62.64,77.68,87.27,43.33,64.78000000000004,77.23833333333333,31.75,54.49,54.49
EX24_Kef_2021_01,Kef,Le Kef,Nord-Ouest,2021,1,2021-01-15,36.158651,8.693255,472409.23,4001589.02,80,35.0,15.31,44.0,67.85,62.59,33.42,55.13,0.61,43.14,données du projet,49.91,54.02,62.64,87.54,36.34,55.523333333333376,71.01166666666667,50.3,54.27,54.27
EX24_Kef_2021_02,Kef,Le Kef,Nord-Ouest,2021,2,2021-02-15,36.130905,8.683965,471563.58,3998514.12,80,35.0,16.45,42.04,79.51,49.65,44.46,53.55,11.42,51.67,données du projet,43.14,49.91,54.02,94.28,48.59,49.023333333333376,63.61166666666666,83.72,65.49,65.49
EX24_Kef_2021_03,Kef,Le Kef,Nord-Ouest,2021,3,2021-03-15,36.167759,8.706117,473569.17,4002595.63,80,35.0,21.46,67.35,70.93,62.64,46.06,61.14,20.22,64.89,données du projet,51.67,43.14,49.91,77.68,52.0,48.240000000000045,56.51,44.45,69.63,69.63
EX24_Kef_2021_04,Kef,Le Kef,Nord-Ouest,2021,4,2021-04-15,36.180106,8.701893,473193.51,4003966.3,80,35.0,25.76,49.67,65.92,44.02,65.48,62.51,27.81,53.81,données du projet,64.89,51.67,43.14,62.64,60.19,53.23333333333338,54.37833333333333,65.7,75.88,75.88
EX24_Kef_2021_05,Kef,Le Kef,Nord-Ouest,2021,5,2021-05-15,36.118692,8.7033,473299.21,3997154.06,80,35.0,25.68,17.83,53.86,28.49,75.01,54.63,26.97,67.2,données du projet,53.81,64.89,51.67,54.02,70.52,56.79000000000005,52.90666666666667,77.94,84.19,84.19
EX24_Kef_2021_06,Kef,Le Kef,Nord-Ouest,2021,6,2021-06-15,36.171869,8.679594,471185.34,4003059.07,80,35.0,31.97,18.18,50.27,41.72,88.81,63.48,43.81,75.82,données du projet,67.2,53.81,64.89,49.91,87.27,61.96666666666672,55.10333333333333,84.65,83.13,83.13
EX24_Kef_2021_07,Kef,Le Kef,Nord-Ouest,2021,7,2021-07-15,36.24932,8.706153,473599.88,4011642.25,80,35.0,33.38,14.59,40.91,30.2,100.0,62.1,29.83,84.8,données du projet,75.82,67.2,53.81,43.14,87.54,65.61000000000006,59.421666666666674,87.55,73.87,73.87
EX24_Kef_2021_08,Kef,Le Kef,Nord-Ouest,2021,8,2021-08-15,36.153166,8.719182,474739.58,4000973.55,80,35.0,32.36,30.9,44.07,28.55,96.52,71.1,42.85,78.05,données du projet,84.8,75.82,67.2,51.67,94.28,75.94000000000004,66.36500000000001,87.48,74.89,74.89
EX24_Kef_2021_09,Kef,Le Kef,Nord-Ouest,2021,9,2021-09-15,36.180444,8.750178,477535.53,4003991.54,80,35.0,28.41,16.01,54.95,25.71,77.26,69.56,42.54,88.89,données du projet,78.05,84.8,75.82,64.89,77.68,79.55666666666671,70.76166666666667,82.39,69.89,69.89
EX24_Kef_2021_10,Kef,Le Kef,Nord-Ouest,2021,10,2021-10-15,36.148219,8.666841,470029.43,4000439.68,80,35.0,21.91,53.19,65.8,44.17,53.09,59.44,11.48,71.69,données du projet,88.89,78.05,84.8,53.81,62.64,83.91333333333337,74.76166666666666,59.98,60.22,60.22
EX24_Kef_2021_11,Kef,Le Kef,Nord-Ouest,2021,11,2021-11-15,36.166263,8.734784,476146.95,4002422.3,80,35.0,17.66,43.21,78.53,44.85,48.97,65.34,32.14,67.72,données du projet,71.69,88.89,78.05,67.2,54.02,79.54333333333338,77.74166666666667,48.24,52.89,52.89
EX24_Kef_2021_12,Kef,Le Kef,Nord-Ouest,2021,12,2021-12-15,36.167845,8.725024,475269.62,4002600.24,80,35.0,14.52,54.48,75.1,54.02,47.91,48.77,15.87,53.97,données du projet,67.72,71.69,88.89,75.82,49.91,76.10000000000005,77.82833333333333,52.76,55.79,55.79
EX24_Kef_2022_01,Kef,Le Kef,Nord-Ouest,2022,1,2022-01-15,36.141575,8.694037,472473.65,3999694.75,80,35.0,14.74,64.45,77.37,55.22,31.78,50.99,10.35,46.39,données du projet,53.97,67.72,71.69,84.8,43.14,64.46000000000005,74.18666666666667,76.2,67.39,67.39
EX24_Kef_2022_02,Kef,Le Kef,Nord-Ouest,2022,2,2022-02-15,36.132904,8.70071,473071.04,3998731.03,80,35.0,13.25,61.73,73.08,54.14,53.05,60.29,11.46,62.19,données du projet,46.39,53.97,67.72,78.05,51.67,56.02666666666672,67.78500000000001,79.71,71.29,71.29
EX24_Kef_2022_03,Kef,Le Kef,Nord-Ouest,2022,3,2022-03-15,36.142546,8.707852,473716.81,3999798.58,80,35.0,20.19,58.61,66.05,41.1,60.51,45.3,36.12,63.94,données du projet,62.19,46.39,53.97,88.89,64.89,54.18333333333337,65.14166666666667,81.8,88.36,88.36
EX24_Kef_2022_04,Kef,Le Kef,Nord-Ouest,2022,4,2022-04-15,36.14284,8.703801,473352.49,3999832.35,80,35.0,24.01,44.06,52.73,34.33,71.95,51.26,9.55,75.21,données du projet,63.94,62.19,46.39,71.69,53.81,57.50666666666672,60.98333333333334,97.91,83.56,83.56
EX24_Kef_2022_05,Kef,Le Kef,Nord-Ouest,2022,5,2022-05-15,36.176808,8.69092,472205.6,4003603.56,80,35.0,28.16,40.09,50.85,42.34,78.57,66.0,11.43,80.7,données du projet,75.21,63.94,62.19,67.72,67.2,67.11333333333339,61.57,74.72,87.27,87.27
EX24_Kef_2022_06,Kef,Le Kef,Nord-Ouest,2022,6,2022-06-15,36.197788,8.696999,472759.58,4005928.91,80,35.0,29.6,37.95,45.15,28.84,93.22,65.35,43.97,94.5,données du projet,80.7,75.21,63.94,53.97,75.82,73.28333333333337,63.73333333333333,85.46,90.86,90.86
EX24_Kef_2022_07,Kef,Le Kef,Nord-Ouest,2022,7,2022-07-15,36.144462,8.708525,473778.05,4000010.88,80,35.0,33.89,5.21,44.92,23.94,92.54,71.03,23.34,88.64,données du projet,94.5,80.7,75.21,46.39,84.8,83.47000000000004,70.48833333333333,82.57,76.05,76.05
EX24_Kef_2022_08,Kef,Le Kef,Nord-Ouest,2022,8,2022-08-15,36.216569,8.739957,476627.21,4008000.92,80,35.0,33.3,11.77,46.14,22.8,98.35,67.52,32.0,86.42,données du projet,88.64,94.5,80.7,62.19,78.05,87.94666666666672,77.52999999999999,95.32,67.57,67.57
EX24_Kef_2022_09,Kef,Le Kef,Nord-Ouest,2022,9,2022-09-15,36.204169,8.721343,474950.14,4006630.14,80,35.0,28.35,44.63,51.31,31.99,81.39,57.24,48.22,86.95,données du projet,86.42,88.64,94.5,63.94,88.89,89.8533333333334,81.56833333333333,73.36,62.61,62.61
EX24_Kef_2022_10,Kef,Le Kef,Nord-Ouest,2022,10,2022-10-15,36.146757,8.682518,471439.13,4000272.84,80,35.0,16.85,34.73,63.65,47.02,67.77,55.26,13.29,71.78,données du projet,86.95,86.42,88.64,75.21,71.69,87.33666666666672,85.40333333333332,56.47,53.47,53.47
EX24_Kef_2022_11,Kef,Le Kef,Nord-Ouest,2022,11,2022-11-15,36.185044,8.718799,474715.32,4004509.45,80,35.0,17.4,30.86,71.09,41.32,57.75,55.01,9.84,56.24,données du projet,71.78,86.95,86.42,80.7,67.72,81.71666666666671,84.83166666666666,51.13,50.37,50.37
EX24_Kef_2022_12,Kef,Le Kef,Nord-Ouest,2022,12,2022-12-15,36.178749,8.729304,475657.92,4003808.55,80,35.0,14.28,56.57,75.33,60.66,31.47,62.63,21.06,52.34,données du projet,56.24,71.78,86.95,94.5,53.97,71.65666666666671,80.75500000000001,52.35,56.9,56.9
EX24_Kef_2023_01,Kef,Le Kef,Nord-Ouest,2023,1,2023-01-15,36.195562,8.730649,475784.12,4005673.06,80,35.0,13.39,49.56,77.6,51.73,36.02,56.09,12.41,48.0,données du projet,52.34,56.24,71.78,88.64,46.39,60.120000000000054,73.72833333333334,69.34,66.2,66.2
EX24_Kef_2023_02,Kef,Le Kef,Nord-Ouest,2023,2,2023-02-15,36.202261,8.695914,472663.61,4006425.38,80,35.0,15.13,63.72,69.83,49.89,38.85,52.44,30.94,56.26,données du projet,48.0,52.34,56.24,86.42,62.19,52.193333333333385,66.955,77.07,74.12,74.12
EX24_Kef_2023_03,Kef,Le Kef,Nord-Ouest,2023,3,2023-03-15,36.145524,8.685618,471717.58,4000135.18,80,35.0,17.4,33.56,65.07,56.0,51.43,55.58,27.68,62.86,données du projet,56.26,48.0,52.34,86.95,63.94,52.200000000000045,61.92833333333334,75.07,78.61,78.61
EX24_Kef_2023_04,Kef,Le Kef,Nord-Ouest,2023,4,2023-04-15,36.179888,8.68947,472076.37,4003945.62,80,35.0,24.48,38.98,56.75,34.0,73.85,57.12,7.34,79.5,données du projet,62.86,56.26,48.0,71.78,75.21,55.706666666666706,57.91333333333333,77.38,89.15,89.15
EX24_Kef_2023_05,Kef,Le Kef,Nord-Ouest,2023,5,2023-05-15,36.218651,8.692805,472389.81,4008244.18,80,35.0,27.91,27.7,58.86,37.74,80.74,74.53,20.08,78.59,données du projet,79.5,62.86,56.26,56.24,80.7,66.2066666666667,59.199999999999996,65.35,92.79,92.79
EX24_Kef_2023_06,Kef,Le Kef,Nord-Ouest,2023,6,2023-06-15,36.228671,8.674511,470749.36,4009361.02,80,35.0,28.95,20.58,53.71,23.85,93.5,65.02,39.22,87.72,données du projet,78.59,79.5,62.86,52.34,94.5,73.65000000000005,62.925000000000004,94.53,91.14,91.14
EX24_Kef_2023_07,Kef,Le Kef,Nord-Ouest,2023,7,2023-07-15,36.093265,8.725103,475253.36,3994327.91,80,35.0,33.19,11.85,45.47,29.81,100.0,73.0,38.31,94.51,données du projet,87.72,78.59,79.5,48.0,88.64,81.93666666666671,68.82166666666667,97.01,84.19,84.19
EX24_Kef_2023_08,Kef,Le Kef,Nord-Ouest,2023,8,2023-08-15,36.142664,8.721769,474968.91,3999808.06,80,35.0,32.77,3.12,48.22,37.7,97.81,65.3,45.88,90.67,données du projet,94.51,87.72,78.59,56.26,86.42,86.94000000000005,76.57333333333334,98.97,77.68,77.68
EX24_Kef_2023_09,Kef,Le Kef,Nord-Ouest,2023,9,2023-09-15,36.173129,8.695971,472658.58,4003194.09,80,35.0,29.52,22.75,55.18,26.07,85.65,75.24,38.75,91.87,données du projet,90.67,94.51,87.72,62.86,86.95,90.96666666666671,82.30833333333334,83.83,56.91,56.91
EX24_Kef_2023_10,Kef,Le Kef,Nord-Ouest,2023,10,2023-10-15,36.141294,8.697312,472768.18,3999662.61,80,35.0,24.55,45.46,61.98,39.87,62.07,60.04,18.45,75.63,données du projet,91.87,90.67,94.51,79.5,71.78,92.35000000000004,87.14333333333333,43.46,53.16,53.16
EX24_Kef_2023_11,Kef,Le Kef,Nord-Ouest,2023,11,2023-11-15,36.125503,8.679175,471130.67,3997916.32,80,35.0,16.04,48.07,74.54,50.35,40.67,51.19,8.7,56.7,données du projet,75.63,91.87,90.67,78.59,56.24,86.05666666666671,86.49833333333333,25.75,49.96,49.96
EX24_Kef_2023_12,Kef,Le Kef,Nord-Ouest,2023,12,2023-12-15,36.161992,8.702201,473215.02,4001957.09,80,35.0,13.61,57.23,81.01,52.19,41.77,53.65,4.26,46.79,données du projet,56.7,75.63,91.87,87.72,52.34,74.73333333333338,82.85000000000001,49.99,49.06,49.06
EX24_Kef_2024_01,Kef,Le Kef,Nord-Ouest,2024,1,2024-01-15,36.186572,8.716176,474479.98,4004679.62,80,35.0,13.97,70.26,70.24,56.6,37.02,66.75,24.45,50.79,données du projet,46.79,56.7,75.63,94.51,48.0,59.70666666666671,76.02833333333334,40.77,56.83,56.83
EX24_Kef_2024_02,Kef,Le Kef,Nord-Ouest,2024,2,2024-02-15,36.15198,8.714898,474353.84,4000843.13,80,35.0,17.17,63.28,78.37,50.55,45.27,41.91,17.32,52.47,données du projet,50.79,46.79,56.7,90.67,56.26,51.42666666666671,68.74166666666666,63.24,66.22,66.22
EX24_Kef_2024_03,Kef,Le Kef,Nord-Ouest,2024,3,2024-03-15,36.197125,8.717309,474585.22,4005849.84,80,35.0,19.4,26.55,67.19,35.34,69.08,53.91,0.0,52.8,données du projet,52.47,50.79,46.79,91.87,62.86,50.01666666666671,62.375,58.5,82.15,82.15
EX24_Kef_2024_04,Kef,Le Kef,Nord-Ouest,2024,4,2024-04-15,36.13524,8.726502,475392.44,3998983.31,80,35.0,22.61,48.31,54.95,40.51,61.77,52.95,4.3,69.78,données du projet,52.8,52.47,50.79,75.63,79.5,52.020000000000046,55.86333333333334,69.49,90.9,90.9
EX24_Kef_2024_05,Kef,Le Kef,Nord-Ouest,2024,5,2024-05-15,36.113609,8.643825,467944.83,3996608.24,80,35.0,29.46,20.59,49.29,31.1,81.41,62.26,15.12,78.15,données du projet,69.78,52.8,52.47,56.7,78.59,58.350000000000044,54.88833333333334,100.0,97.32,97.32
EX24_Kef_2024_06,Kef,Le Kef,Nord-Ouest,2024,6,2024-06-15,36.156049,8.690348,472146.89,4001301.22,80,35.0,31.46,12.45,45.91,29.74,95.27,68.18,42.74,87.73,données du projet,78.15,69.78,52.8,46.79,87.72,66.91000000000004,58.46333333333333,83.04,96.29,96.29
EX24_Kef_2024_07,Kef,Le Kef,Nord-Ouest,2024,7,2024-07-15,36.136984,8.72734,475468.36,3999176.62,80,35.0,32.68,13.47,44.17,18.62,96.35,61.78,45.13,97.56,données du projet,87.73,78.15,69.78,50.79,94.51,78.55333333333338,65.28666666666668,100.0,93.57,93.57
EX24_Kef_2024_08,Kef,Le Kef,Nord-Ouest,2024,8,2024-08-15,36.17698,8.705231,473492.66,4003618.66,80,35.0,33.53,13.3,43.42,27.99,100.0,72.87,45.08,97.16,données du projet,97.56,87.73,78.15,52.47,90.67,87.81333333333339,73.08166666666666,96.11,81.44,81.44
EX24_Kef_2024_09,Kef,Le Kef,Nord-Ouest,2024,9,2024-09-15,36.175229,8.696383,472696.37,4003426.88,80,35.0,27.22,11.04,47.6,22.52,97.17,60.98,35.89,99.61,données du projet,97.16,97.56,87.73,52.8,91.87,94.15000000000005,80.53,61.42,72.02,72.02
EX24_Kef_2024_10,Kef,Le Kef,Nord-Ouest,2024,10,2024-10-15,36.193813,8.670541,470379.39,4005495.79,80,35.0,23.83,33.68,55.46,49.27,71.3,64.68,15.28,78.99,données du projet,99.61,97.16,97.56,69.78,75.63,98.11000000000006,88.33166666666666,80.38,59.93,59.93
EX24_Kef_2024_11,Kef,Le Kef,Nord-Ouest,2024,11,2024-11-15,36.197625,8.751998,477704.03,4005896.81,80,35.0,20.06,41.45,68.85,53.04,55.22,51.97,29.1,66.83,données du projet,78.99,99.61,97.16,78.15,56.7,91.92000000000003,89.86666666666667,74.49,59.2,59.2
EX24_Kef_2024_12,Kef,Le Kef,Nord-Ouest,2024,12,2024-12-15,36.20118,8.634039,467100.7,4006324.71,80,35.0,12.54,46.25,83.54,55.51,39.72,49.88,5.15,63.39,données du projet,66.83,78.99,99.61,87.73,46.79,81.81000000000004,87.98,63.47,52.07,52.07
EX24_Kef_2025_01,Kef,Le Kef,Nord-Ouest,2025,1,2025-01-15,36.192185,8.686046,471772.86,4005310.64,80,35.0,15.13,82.15,78.28,58.98,15.98,64.57,11.13,50.69,données du projet,63.39,66.83,78.99,97.56,50.79,69.73666666666671,83.92333333333333,52.81,63.81,63.81
EX24_Kef_2025_02,Kef,Le Kef,Nord-Ouest,2025,2,2025-02-15,36.193552,8.739572,476585.73,4005447.93,80,35.0,17.17,54.24,74.8,52.6,38.79,51.96,15.61,53.0,données du projet,50.69,63.39,66.83,97.16,52.47,60.30333333333338,76.11166666666666,65.49,64.88,64.88
EX24_Kef_2025_03,Kef,Le Kef,Nord-Ouest,2025,3,2025-03-15,36.141678,8.738837,476504.11,3999694.43,80,35.0,21.05,47.11,64.82,39.37,45.36,49.79,8.16,57.76,données du projet,53.0,50.69,63.39,99.61,52.8,55.693333333333385,68.75166666666667,68.85,74.65,74.65
EX24_Kef_2025_04,Kef,Le Kef,Nord-Ouest,2025,4,2025-04-15,36.155859,8.659654,469385.82,4001289.36,80,35.0,24.85,49.02,54.62,41.75,60.4,55.41,19.33,66.01,données du projet,57.76,53.0,50.69,78.99,69.78,53.81666666666671,61.776666666666664,72.89,80.77,80.77
EX24_Kef_2025_05,Kef,Le Kef,Nord-Ouest,2025,5,2025-05-15,36.199002,8.739535,476584.0,4006052.45,80,35.0,24.77,17.84,51.72,23.25,76.98,70.32,19.63,67.63,données du projet,66.01,57.76,53.0,66.83,78.15,58.92333333333338,59.61333333333332,82.87,85.3,85.3
EX24_Kef_2025_06,Kef,Le Kef,Nord-Ouest,2025,6,2025-06-15,36.173761,8.715983,474458.47,4003258.74,80,35.0,31.47,24.74,47.95,26.88,98.46,71.09,41.57,88.1,données du projet,67.63,66.01,57.76,63.39,87.73,63.80000000000005,59.74666666666667,69.34,94.06,94.06
EX24_Kef_2025_07,Kef,Le Kef,Nord-Ouest,2025,7,2025-07-15,36.171951,8.691765,472279.93,4003064.64,80,35.0,33.12,6.57,38.65,33.12,99.44,73.32,45.38,81.51,données du projet,88.1,67.63,66.01,50.69,97.56,73.91333333333338,63.865,99.57,87.46,87.46
EX24_Kef_2025_08,Kef,Le Kef,Nord-Ouest,2025,8,2025-08-15,36.186535,8.769713,479293.71,4004662.86,80,35.0,33.11,12.41,48.7,20.73,93.7,74.5,38.67,92.44,données du projet,81.51,88.1,67.63,53.0,97.16,79.08000000000004,69.00166666666667,88.79,71.01,71.01
EX24_Kef_2025_09,Kef,Le Kef,Nord-Ouest,2025,9,2025-09-15,36.220568,8.69777,472836.77,4008455.46,80,35.0,26.36,14.31,55.41,31.15,93.68,61.01,37.92,94.52,données du projet,92.44,81.51,88.1,57.76,99.61,87.35000000000004,75.575,83.86,56.31,56.31
EX24_Mahdia_2017_01,Mahdia,Mahdia,Centre-Est,2017,1,2017-01-15,35.473944,11.069117,687728.64,3927571.4,300,62.0,13.35,94.62,88.78,70.15,8.44,51.15,50.48,32.5,données du projet,32.32,47.56,52.07,80.49,36.01,43.983333333333384,59.998333333333335,65.39,43.66,43.66
EX24_Mahdia_2017_02,Mahdia,Mahdia,Centre-Est,2017,2,2017-02-15,35.495254,11.097105,690218.05,3929988.84,300,62.0,16.37,80.59,76.49,72.01,38.35,55.04,40.96,40.65,données du projet,32.5,32.32,47.56,74.18,32.89,37.46000000000005,52.0,41.24,46.22,46.22
EX24_Mahdia_2017_03,Mahdia,Mahdia,Centre-Est,2017,3,2017-03-15,35.438793,11.135562,693842.42,3923800.54,300,62.0,19.8,87.35,78.8,59.91,39.96,71.75,51.74,43.67,données du projet,40.65,32.5,32.32,73.37,52.37,35.156666666666716,46.41166666666667,43.29,58.4,58.4
EX24_Mahdia_2017_04,Mahdia,Mahdia,Centre-Est,2017,4,2017-04-15,35.543174,11.106897,690992.76,3935323.63,300,62.0,24.05,55.23,69.46,57.65,45.16,73.0,58.21,47.46,données du projet,43.67,40.65,32.5,52.07,58.02,38.94000000000005,41.461666666666666,43.06,70.09,70.09
EX24_Mahdia_2017_05,Mahdia,Mahdia,Centre-Est,2017,5,2017-05-15,35.514536,11.037833,684796.89,3932015.12,300,62.0,28.6,32.83,63.25,47.65,63.16,79.89,56.83,57.83,données du projet,47.46,43.67,40.65,47.56,61.56,43.92666666666671,40.693333333333335,72.47,74.13,74.13
EX24_Mahdia_2017_06,Mahdia,Mahdia,Centre-Est,2017,6,2017-06-15,35.509734,11.060375,686852.48,3931524.93,300,62.0,33.24,14.27,48.87,42.39,79.27,84.92,83.98,71.05,données du projet,57.83,47.46,43.67,32.32,79.03,49.653333333333386,42.405,82.27,77.41,77.41
EX24_Mahdia_2017_07,Mahdia,Mahdia,Centre-Est,2017,7,2017-07-15,35.506681,11.084071,689008.87,3931231.44,300,62.0,35.84,12.06,48.28,36.04,89.15,82.9,65.39,76.39,données du projet,71.05,57.83,47.46,32.5,80.49,58.78000000000005,48.86000000000001,81.15,64.98,64.98
EX24_Mahdia_2017_08,Mahdia,Mahdia,Centre-Est,2017,8,2017-08-15,35.486141,11.028707,684033.96,3928848.24,300,62.0,33.92,19.38,51.47,44.91,86.04,88.14,75.79,82.36,données du projet,76.39,71.05,57.83,40.65,74.18,68.42333333333339,56.175000000000004,67.79,56.24,56.24
EX24_Mahdia_2017_09,Mahdia,Mahdia,Centre-Est,2017,9,2017-09-15,35.480385,11.137663,693933.22,3928418.47,300,62.0,31.36,27.42,63.41,43.45,72.26,75.71,71.65,69.16,données du projet,82.36,76.39,71.05,43.67,73.37,76.60000000000005,63.126666666666665,61.99,38.9,38.9
EX24_Mahdia_2017_10,Mahdia,Mahdia,Centre-Est,2017,10,2017-10-15,35.49797,11.072751,688002.41,3930243.42,300,62.0,22.84,76.66,71.0,56.87,51.91,67.94,43.73,49.03,données du projet,69.16,82.36,76.39,47.46,52.07,75.97000000000004,67.375,59.97,41.02,41.02
EX24_Mahdia_2017_11,Mahdia,Mahdia,Centre-Est,2017,11,2017-11-15,35.484347,11.071498,687920.46,3928729.95,300,62.0,17.23,95.85,68.98,61.81,34.51,68.85,62.27,45.44,données du projet,49.03,69.16,82.36,57.83,47.56,66.85000000000005,67.63666666666667,42.42,36.48,36.48
EX24_Mahdia_2017_12,Mahdia,Mahdia,Centre-Est,2017,12,2017-12-15,35.520225,11.036779,684688.21,3932644.18,300,62.0,14.65,83.85,83.66,78.18,5.16,74.19,45.94,37.86,données du projet,45.44,49.03,69.16,71.05,32.32,54.54333333333338,65.57166666666667,35.3,41.8,41.8
EX24_Mahdia_2018_01,Mahdia,Mahdia,Centre-Est,2018,1,2018-01-15,35.527105,11.025646,683662.87,3933386.54,300,62.0,15.32,80.88,80.59,68.56,10.88,57.33,50.48,42.36,données du projet,37.86,45.44,49.03,76.39,32.5,44.11000000000005,60.04,31.88,54.76,54.76
EX24_Mahdia_2018_02,Mahdia,Mahdia,Centre-Est,2018,2,2018-02-15,35.526638,11.070625,687742.81,3933419.52,300,62.0,16.05,68.0,78.8,64.19,20.65,71.63,43.43,40.98,données du projet,42.36,37.86,45.44,82.36,40.65,41.88666666666671,54.36833333333333,52.07,60.52,60.52
EX24_Mahdia_2018_03,Mahdia,Mahdia,Centre-Est,2018,3,2018-03-15,35.482333,11.11782,692128.1,3928595.67,300,62.0,23.74,76.57,71.2,54.22,34.59,73.01,63.18,44.38,données du projet,40.98,42.36,37.86,69.16,43.67,40.40000000000004,47.471666666666664,49.69,69.15,69.15
EX24_Mahdia_2018_04,Mahdia,Mahdia,Centre-Est,2018,4,2018-04-15,35.521991,11.043842,685324.74,3932853.38,300,62.0,26.66,44.48,73.11,55.33,63.42,72.75,37.19,65.71,données du projet,44.38,40.98,42.36,49.03,47.46,42.57333333333338,43.34166666666667,74.44,74.96,74.96
EX24_Mahdia_2018_05,Mahdia,Mahdia,Centre-Est,2018,5,2018-05-15,35.461003,11.054333,686416.97,3926107.82,300,62.0,27.67,42.18,58.79,47.18,62.85,76.64,53.42,68.35,données du projet,65.71,44.38,40.98,45.44,57.83,50.35666666666671,46.12166666666666,84.42,85.13,85.13
EX24_Mahdia_2018_06,Mahdia,Mahdia,Centre-Est,2018,6,2018-06-15,35.512246,11.053679,686239.34,3931790.92,300,62.0,35.89,37.2,50.95,42.18,88.63,83.4,66.69,71.71,données du projet,68.35,65.71,44.38,37.86,71.05,59.48000000000005,49.94,100.0,75.87,75.87
EX24_Mahdia_2018_07,Mahdia,Mahdia,Centre-Est,2018,7,2018-07-15,35.525049,11.017516,682930.35,3933143.35,300,62.0,36.78,13.27,50.54,36.95,83.27,87.09,77.18,82.81,données du projet,71.71,68.35,65.71,42.36,76.39,68.59000000000003,55.581666666666656,100.0,70.73,70.73
EX24_Mahdia_2018_08,Mahdia,Mahdia,Centre-Est,2018,8,2018-08-15,35.507241,11.066981,687457.43,3931260.93,300,62.0,32.6,30.49,53.84,42.87,88.89,82.61,70.83,88.03,données du projet,82.81,71.71,68.35,40.98,82.36,74.29000000000003,62.32333333333333,56.1,62.88,62.88
EX24_Mahdia_2018_09,Mahdia,Mahdia,Centre-Est,2018,9,2018-09-15,35.526065,11.000361,681372.4,3933224.36,300,62.0,29.18,43.97,65.83,43.49,55.86,78.48,72.32,69.65,données du projet,88.03,82.81,71.71,44.38,69.16,80.85000000000004,70.165,60.82,51.32,51.32
EX24_Mahdia_2018_10,Mahdia,Mahdia,Centre-Est,2018,10,2018-10-15,35.532753,11.057378,686527.38,3934072.72,300,62.0,24.17,61.68,70.85,62.58,45.43,75.2,51.67,60.66,données du projet,69.65,88.03,82.81,65.71,49.03,80.1633333333334,74.37666666666667,57.86,37.16,37.16
EX24_Mahdia_2018_11,Mahdia,Mahdia,Centre-Est,2018,11,2018-11-15,35.466222,11.102288,690756.88,3926778.37,300,62.0,19.86,76.71,84.89,63.6,31.45,75.35,44.19,58.61,données du projet,60.66,69.65,88.03,68.35,45.44,72.78000000000004,73.53500000000001,50.72,35.03,35.03
EX24_Mahdia_2018_12,Mahdia,Mahdia,Centre-Est,2018,12,2018-12-15,35.531929,11.057191,686512.28,3933980.94,300,62.0,15.63,76.27,72.75,76.67,14.0,65.75,51.56,37.34,données du projet,58.61,60.66,69.65,71.71,37.86,62.97333333333338,71.91166666666666,31.09,40.78,40.78
EX24_Mahdia_2019_01,Mahdia,Mahdia,Centre-Est,2019,1,2019-01-15,35.451714,11.071179,687967.53,3925109.4,300,62.0,15.75,89.67,84.41,68.92,22.88,66.96,39.7,31.37,données du projet,37.34,58.61,60.66,82.81,42.36,52.203333333333376,66.18333333333334,50.96,57.55,57.55
EX24_Mahdia_2019_02,Mahdia,Mahdia,Centre-Est,2019,2,2019-02-15,35.563521,11.060813,686767.36,3937492.26,300,62.0,15.46,79.18,81.38,63.15,33.02,57.03,36.85,40.63,données du projet,31.37,37.34,58.61,88.03,40.98,42.44000000000005,57.61000000000001,44.31,60.88,60.88
EX24_Mahdia_2019_03,Mahdia,Mahdia,Centre-Est,2019,3,2019-03-15,35.533164,11.121387,692330.42,3934241.39,300,62.0,21.01,67.76,69.13,55.38,42.79,72.95,49.81,58.44,données du projet,40.63,31.37,37.34,69.65,44.38,36.446666666666715,49.71,66.22,67.14,67.14
EX24_Mahdia_2019_04,Mahdia,Mahdia,Centre-Est,2019,4,2019-04-15,35.490499,11.099421,690439.41,3929465.95,300,62.0,25.6,41.23,65.99,55.37,68.56,74.84,45.85,63.55,données du projet,58.44,40.63,31.37,60.66,65.71,43.48000000000005,47.84166666666667,70.69,73.86,73.86
EX24_Mahdia_2019_05,Mahdia,Mahdia,Centre-Est,2019,5,2019-05-15,35.489798,11.023068,683514.04,3929243.37,300,62.0,28.36,29.13,60.06,50.42,54.84,78.36,44.6,66.19,données du projet,63.55,58.44,40.63,58.61,68.35,54.206666666666706,48.32333333333333,80.95,86.6,86.6
EX24_Mahdia_2019_06,Mahdia,Mahdia,Centre-Est,2019,6,2019-06-15,35.495582,11.055214,686417.11,3929945.27,300,62.0,31.59,29.51,55.29,43.7,72.57,74.68,61.08,76.32,données du projet,66.19,63.55,58.44,37.34,71.71,62.72666666666671,49.586666666666666,75.03,79.4,79.4
EX24_Mahdia_2019_07,Mahdia,Mahdia,Centre-Est,2019,7,2019-07-15,35.50638,11.093426,689858.14,3931216.0,300,62.0,35.54,14.04,44.75,42.12,93.22,77.93,76.06,86.15,données du projet,76.32,66.19,63.55,31.37,82.81,68.68666666666671,56.083333333333336,74.76,75.57,75.57
EX24_Mahdia_2019_08,Mahdia,Mahdia,Centre-Est,2019,8,2019-08-15,35.486057,11.08757,689374.73,3928950.3,300,62.0,33.96,19.13,59.16,44.78,75.81,96.6,83.28,80.92,données du projet,86.15,76.32,66.19,40.63,88.03,76.22000000000004,65.21333333333332,98.36,67.23,67.23
EX24_Mahdia_2019_09,Mahdia,Mahdia,Centre-Est,2019,9,2019-09-15,35.481881,11.071977,687969.69,3928457.29,300,62.0,32.27,30.92,56.02,53.2,80.22,87.59,77.41,81.67,données du projet,80.92,86.15,76.32,58.44,69.65,81.13000000000004,71.92833333333333,78.32,48.13,48.13
EX24_Mahdia_2019_10,Mahdia,Mahdia,Centre-Est,2019,10,2019-10-15,35.471071,11.05763,686692.91,3927230.87,300,62.0,23.49,52.75,68.42,58.08,38.52,79.67,54.45,61.11,données du projet,81.67,80.92,86.15,63.55,60.66,82.9133333333334,75.8,62.32,48.61,48.61
EX24_Mahdia_2019_11,Mahdia,Mahdia,Centre-Est,2019,11,2019-11-15,35.495042,11.112092,691578.19,3929994.42,300,62.0,15.88,54.21,79.35,59.48,28.08,64.66,60.37,49.99,données du projet,61.11,81.67,80.92,66.19,58.61,74.5666666666667,75.39333333333333,30.27,42.83,42.83
EX24_Mahdia_2019_12,Mahdia,Mahdia,Centre-Est,2019,12,2019-12-15,35.483271,11.044566,685479.39,3928559.61,300,62.0,15.63,70.85,84.43,69.69,21.04,72.32,49.29,44.61,données du projet,49.99,61.11,81.67,76.32,37.34,64.25666666666672,72.69333333333334,52.81,44.88,44.88
EX24_Mahdia_2020_01,Mahdia,Mahdia,Centre-Est,2020,1,2020-01-15,35.543991,11.030814,684092.94,3935269.39,300,62.0,14.14,78.74,79.19,70.42,19.04,62.24,56.56,48.1,données du projet,44.61,49.99,61.11,86.15,31.37,51.903333333333386,67.40833333333333,39.99,41.93,41.93
EX24_Mahdia_2020_02,Mahdia,Mahdia,Centre-Est,2020,2,2020-02-15,35.480575,11.041392,685197.59,3928254.55,300,62.0,17.68,96.39,82.17,67.2,10.51,79.84,52.2,36.65,données du projet,48.1,44.61,49.99,80.92,40.63,47.56666666666672,61.06666666666666,45.7,52.7,52.7
EX24_Mahdia_2020_03,Mahdia,Mahdia,Centre-Est,2020,3,2020-03-15,35.481647,11.063307,687183.57,3928414.86,300,62.0,20.65,84.1,70.34,69.02,34.8,70.6,55.21,40.23,données du projet,36.65,48.1,44.61,81.67,58.44,43.12000000000004,53.68833333333333,52.12,70.42,70.42
EX24_Mahdia_2020_04,Mahdia,Mahdia,Centre-Est,2020,4,2020-04-15,35.502123,11.049919,685921.59,3930660.84,300,62.0,25.97,43.23,67.39,48.42,53.97,80.75,44.72,56.86,données du projet,40.23,36.65,48.1,61.11,63.55,41.660000000000046,46.781666666666666,76.97,77.35,77.35
EX24_Mahdia_2020_05,Mahdia,Mahdia,Centre-Est,2020,5,2020-05-15,35.509425,11.005345,681861.85,3931387.73,300,62.0,29.85,55.14,58.93,49.14,73.22,76.84,54.26,71.72,données du projet,56.86,40.23,36.65,49.99,66.19,44.58000000000004,46.07333333333333,75.48,88.41,88.41
EX24_Mahdia_2020_06,Mahdia,Mahdia,Centre-Est,2020,6,2020-06-15,35.4721,11.074772,688246.1,3927377.63,300,62.0,32.78,22.91,56.81,42.69,86.96,70.37,72.78,78.65,données du projet,71.72,56.86,40.23,44.61,76.32,56.27000000000004,49.695,88.47,84.65,84.65
EX24_Mahdia_2020_07,Mahdia,Mahdia,Centre-Est,2020,7,2020-07-15,35.544523,11.073895,687997.51,3935409.71,300,62.0,37.65,21.28,52.48,34.71,84.22,83.76,70.05,87.62,données du projet,78.65,71.72,56.86,48.1,86.15,69.07666666666671,55.36833333333333,99.27,72.99,72.99
EX24_Mahdia_2020_08,Mahdia,Mahdia,Centre-Est,2020,8,2020-08-15,35.478754,11.07129,687914.63,3928109.03,300,62.0,35.62,25.77,43.96,37.85,94.3,79.17,83.52,86.04,données du projet,87.62,78.65,71.72,36.65,80.92,79.33000000000004,61.955000000000005,98.06,68.18,68.18
EX24_Mahdia_2020_09,Mahdia,Mahdia,Centre-Est,2020,9,2020-09-15,35.542691,11.056198,686397.37,3935172.96,300,62.0,29.91,18.64,65.19,45.07,72.59,79.77,67.45,82.0,données du projet,86.04,87.62,78.65,40.23,81.67,84.1033333333334,70.18666666666667,55.35,52.54,52.54
EX24_Mahdia_2020_10,Mahdia,Mahdia,Centre-Est,2020,10,2020-10-15,35.464019,11.042334,685321.11,3926419.74,300,62.0,24.36,53.25,66.13,62.34,52.31,67.62,59.57,62.5,données du projet,82.0,86.04,87.62,56.86,61.11,85.22000000000004,77.14833333333333,55.8,43.18,43.18
EX24_Mahdia_2020_11,Mahdia,Mahdia,Centre-Est,2020,11,2020-11-15,35.537827,11.040529,684987.9,3934603.84,300,62.0,16.87,73.39,80.53,69.98,30.5,68.94,43.62,50.25,données du projet,62.5,82.0,86.04,71.72,49.99,76.8466666666667,78.08833333333334,39.28,39.04,39.04
EX24_Mahdia_2020_12,Mahdia,Mahdia,Centre-Est,2020,12,2020-12-15,35.555967,11.042104,685088.99,3936619.06,300,62.0,17.24,91.17,73.46,71.73,27.39,69.88,58.68,35.01,données du projet,50.25,62.5,82.0,78.65,44.61,64.91666666666671,74.51,44.18,49.33,49.33
EX24_Mahdia_2021_01,Mahdia,Mahdia,Centre-Est,2021,1,2021-01-15,35.493831,11.05986,686842.56,3929759.89,300,62.0,14.69,110.76,80.89,74.56,14.42,65.85,55.47,43.09,données du projet,35.01,50.25,62.5,87.62,48.1,49.25333333333338,67.23666666666666,42.01,50.12,50.12
EX24_Mahdia_2021_02,Mahdia,Mahdia,Centre-Est,2021,2,2021-02-15,35.461009,11.096052,690203.3,3926188.1,300,62.0,17.94,84.15,89.1,64.13,32.03,69.11,50.13,44.71,données du projet,43.09,35.01,50.25,86.04,36.65,42.78333333333338,59.815000000000005,70.59,59.37,59.37
EX24_Mahdia_2021_03,Mahdia,Mahdia,Centre-Est,2021,3,2021-03-15,35.487874,11.092367,689805.65,3929161.14,300,62.0,19.12,59.23,75.73,57.88,54.86,60.85,61.68,55.49,données du projet,44.71,43.09,35.01,82.0,40.23,40.93666666666672,52.92666666666667,63.04,65.08,65.08
EX24_Mahdia_2021_04,Mahdia,Mahdia,Centre-Est,2021,4,2021-04-15,35.503189,11.081624,688795.1,3930839.36,300,62.0,22.37,41.82,63.95,59.63,56.77,80.63,47.08,53.3,données du projet,55.49,44.71,43.09,62.5,56.86,47.763333333333385,48.50833333333333,56.39,72.73,72.73
EX24_Mahdia_2021_05,Mahdia,Mahdia,Centre-Est,2021,5,2021-05-15,35.493028,11.054066,686318.82,3929659.85,300,62.0,29.46,54.12,66.05,56.75,59.87,82.3,50.32,67.54,données du projet,53.3,55.49,44.71,50.25,71.72,51.166666666666714,46.975,60.17,82.08,82.08
EX24_Mahdia_2021_06,Mahdia,Mahdia,Centre-Est,2021,6,2021-06-15,35.575248,11.101234,690403.41,3938870.6,300,62.0,33.64,28.43,50.81,29.05,92.17,74.23,91.1,74.86,données du projet,67.54,53.3,55.49,35.01,78.65,58.77666666666672,49.85666666666666,85.61,90.6,90.6
EX24_Mahdia_2021_07,Mahdia,Mahdia,Centre-Est,2021,7,2021-07-15,35.542516,11.020482,683159.57,3935086.46,300,62.0,35.41,6.71,51.39,41.45,97.92,90.37,74.25,83.95,données du projet,74.86,67.54,53.3,43.09,87.62,65.23333333333339,56.498333333333335,89.51,86.19,86.19
EX24_Mahdia_2021_08,Mahdia,Mahdia,Centre-Est,2021,8,2021-08-15,35.583517,11.054017,686105.09,3939697.59,300,62.0,32.96,19.49,58.89,37.61,86.07,83.24,77.18,91.04,données du projet,83.95,74.86,67.54,44.71,86.04,75.45000000000006,63.30833333333334,79.76,67.43,67.43
EX24_Mahdia_2021_09,Mahdia,Mahdia,Centre-Est,2021,9,2021-09-15,35.458794,11.11079,691546.06,3925970.86,300,62.0,29.73,81.07,58.09,44.7,54.11,85.3,69.42,89.26,données du projet,91.04,83.95,74.86,55.49,82.0,83.28333333333337,71.03,79.42,53.63,53.63
EX24_Mahdia_2021_10,Mahdia,Mahdia,Centre-Est,2021,10,2021-10-15,35.490183,11.082445,688900.0,3929398.18,300,62.0,22.46,60.05,69.93,61.96,37.69,81.38,62.65,66.94,données du projet,89.26,91.04,83.95,53.3,62.5,88.08333333333337,76.65833333333335,56.31,41.03,41.03
EX24_Mahdia_2021_11,Mahdia,Mahdia,Centre-Est,2021,11,2021-11-15,35.508912,11.0472,685659.37,3931408.88,300,62.0,17.75,66.42,80.41,59.4,17.75,74.1,61.8,45.32,données du projet,66.94,89.26,91.04,67.54,50.25,82.41333333333338,78.93166666666667,52.6,35.72,35.72
EX24_Mahdia_2021_12,Mahdia,Mahdia,Centre-Est,2021,12,2021-12-15,35.525915,11.030077,684067.41,3933262.83,300,62.0,16.76,75.86,82.42,71.41,22.05,85.7,47.49,47.0,données du projet,45.32,66.94,89.26,74.86,35.01,67.17333333333339,75.22833333333334,22.02,38.91,38.91
EX24_Mahdia_2022_01,Mahdia,Mahdia,Centre-Est,2022,1,2022-01-15,35.519703,11.063178,687083.52,3932636.06,300,62.0,15.66,92.63,81.88,73.71,13.39,71.65,59.57,34.62,données du projet,47.0,45.32,66.94,83.95,43.09,53.08666666666671,70.58500000000001,32.76,45.02,45.02
EX24_Mahdia_2022_02,Mahdia,Mahdia,Centre-Est,2022,2,2022-02-15,35.592671,11.092725,689591.17,3940787.0,300,62.0,17.15,77.44,81.49,74.0,16.96,58.97,57.51,30.78,données du projet,34.62,47.0,45.32,91.04,44.71,42.31333333333338,62.363333333333344,54.19,61.98,61.98
EX24_Mahdia_2022_03,Mahdia,Mahdia,Centre-Est,2022,3,2022-03-15,35.520865,11.139927,694041.21,3932913.38,300,62.0,21.21,59.92,76.16,64.93,42.97,66.69,45.22,46.17,données du projet,30.78,34.62,47.0,89.26,55.49,37.46666666666672,52.32,58.5,72.68,72.68
EX24_Mahdia_2022_04,Mahdia,Mahdia,Centre-Est,2022,4,2022-04-15,35.522189,11.063451,687102.51,3932912.35,300,62.0,24.72,64.36,70.03,57.01,56.73,84.2,59.45,63.57,données du projet,46.17,30.78,34.62,66.94,53.3,37.19000000000005,45.13833333333333,64.85,79.41,79.41
EX24_Mahdia_2022_05,Mahdia,Mahdia,Centre-Est,2022,5,2022-05-15,35.497137,11.058984,686755.49,3930124.86,300,62.0,27.69,37.16,57.43,48.58,72.13,74.99,48.84,78.09,données du projet,63.57,46.17,30.78,45.32,67.54,46.84000000000005,44.57666666666666,70.47,85.28,85.28
EX24_Mahdia_2022_06,Mahdia,Mahdia,Centre-Est,2022,6,2022-06-15,35.505789,11.071343,687856.46,3931108.16,300,62.0,34.05,14.45,55.85,38.08,76.99,83.56,85.16,76.34,données du projet,78.09,63.57,46.17,47.0,74.86,62.61000000000005,50.038333333333334,97.06,76.49,76.49
EX24_Mahdia_2022_07,Mahdia,Mahdia,Centre-Est,2022,7,2022-07-15,35.513916,11.047765,685699.07,3931964.99,300,62.0,34.26,19.45,45.83,40.65,78.11,96.45,71.74,90.73,données du projet,76.34,78.09,63.57,34.62,83.95,72.66666666666671,54.92833333333334,93.3,70.42,70.42
EX24_Mahdia_2022_08,Mahdia,Mahdia,Centre-Est,2022,8,2022-08-15,35.477119,11.094889,690059.78,3927972.91,300,62.0,35.67,34.21,63.03,45.53,96.95,79.58,75.79,78.44,données du projet,90.73,76.34,78.09,30.78,91.04,81.72000000000004,64.28,57.79,57.43,57.43
EX24_Mahdia_2022_09,Mahdia,Mahdia,Centre-Est,2022,9,2022-09-15,35.554003,11.039152,684825.91,3936395.67,300,62.0,28.22,51.78,54.2,48.75,64.06,80.68,75.5,68.74,données du projet,78.44,90.73,76.34,46.17,89.26,81.83666666666672,72.22333333333333,52.29,52.64,52.64
EX24_Mahdia_2022_10,Mahdia,Mahdia,Centre-Est,2022,10,2022-10-15,35.503351,11.082306,688856.59,3930858.69,300,62.0,21.74,44.28,76.85,64.11,47.18,76.87,44.68,56.55,données du projet,68.74,78.44,90.73,63.57,66.94,79.30333333333338,75.985,39.87,47.68,47.68
EX24_Mahdia_2022_11,Mahdia,Mahdia,Centre-Est,2022,11,2022-11-15,35.498101,11.039648,684999.16,3930195.39,300,62.0,17.25,70.11,79.5,58.97,14.52,67.42,45.19,49.78,données du projet,56.55,68.74,78.44,78.09,45.32,67.91000000000004,74.81500000000001,55.04,49.17,49.17
EX24_Mahdia_2022_12,Mahdia,Mahdia,Centre-Est,2022,12,2022-12-15,35.494329,11.019201,683152.92,3929738.83,300,62.0,16.69,84.16,83.14,67.52,16.84,76.09,49.38,53.09,données du projet,49.78,56.55,68.74,76.34,47.0,58.35666666666671,70.09666666666666,42.04,48.22,48.22
EX24_Mahdia_2023_01,Mahdia,Mahdia,Centre-Est,2023,1,2023-01-15,35.446705,11.07279,688125.36,3924556.8,300,62.0,17.54,97.15,79.04,58.58,4.95,73.16,56.41,41.91,données du projet,53.09,49.78,56.55,90.73,34.62,53.14000000000004,66.22166666666668,39.43,60.29,60.29
EX24_Mahdia_2023_02,Mahdia,Mahdia,Centre-Est,2023,2,2023-02-15,35.509943,11.02304,683465.66,3931478.01,300,62.0,13.33,90.9,82.53,59.35,19.04,72.44,45.4,42.48,données du projet,41.91,53.09,49.78,78.44,30.78,48.26000000000005,58.085,73.17,67.62,67.62
EX24_Mahdia_2023_03,Mahdia,Mahdia,Centre-Est,2023,3,2023-03-15,35.486756,11.042249,685261.15,3928941.78,300,62.0,19.1,62.88,69.39,59.38,42.26,69.98,41.9,57.47,données du projet,42.48,41.91,53.09,68.74,46.17,45.82666666666671,52.09166666666667,74.49,72.7,72.7
EX24_Mahdia_2023_04,Mahdia,Mahdia,Centre-Est,2023,4,2023-04-15,35.513426,11.043643,685326.36,3931902.9,300,62.0,24.51,46.41,62.79,46.95,61.84,84.24,53.5,75.84,données du projet,57.47,42.48,41.91,56.55,63.57,47.28666666666671,50.21333333333333,58.76,80.27,80.27
EX24_Mahdia_2023_05,Mahdia,Mahdia,Centre-Est,2023,5,2023-05-15,35.483863,11.02472,683677.41,3928588.14,300,62.0,27.23,39.61,57.86,56.18,67.76,82.47,39.66,65.92,données du projet,75.84,57.47,42.48,49.78,78.09,58.596666666666714,53.428333333333335,76.02,88.08,88.08
EX24_Mahdia_2023_06,Mahdia,Mahdia,Centre-Est,2023,6,2023-06-15,35.436938,11.01803,683176.83,3923370.43,300,62.0,31.88,7.02,56.41,43.69,82.86,83.93,66.56,81.8,données du projet,65.92,75.84,57.47,53.09,76.34,66.41000000000004,56.11833333333334,82.23,86.81,86.81
EX24_Mahdia_2023_07,Mahdia,Mahdia,Centre-Est,2023,7,2023-07-15,35.481818,11.06225,687087.23,3928431.77,300,62.0,34.82,0.0,49.57,24.81,100.0,73.42,75.13,91.85,données du projet,81.8,65.92,75.84,41.91,90.73,74.52000000000005,60.90333333333333,85.31,78.57,78.57
EX24_Mahdia_2023_08,Mahdia,Mahdia,Centre-Est,2023,8,2023-08-15,35.549667,11.047057,685552.48,3935929.44,300,62.0,33.82,18.18,56.76,42.16,84.35,75.72,86.65,89.04,données du projet,91.85,81.8,65.92,42.48,78.44,79.85666666666671,69.22666666666667,100.0,68.28,68.28
EX24_Mahdia_2023_09,Mahdia,Mahdia,Centre-Est,2023,9,2023-09-15,35.485273,11.04554,685563.16,3928783.49,300,62.0,30.1,48.81,55.28,45.06,67.79,90.46,72.84,81.19,données du projet,89.04,91.85,81.8,57.47,68.74,87.56333333333339,76.98666666666666,70.6,56.59,56.59
EX24_Mahdia_2023_10,Mahdia,Mahdia,Centre-Est,2023,10,2023-10-15,35.508736,11.092003,689723.52,3931474.58,300,62.0,23.79,58.4,79.85,63.21,45.55,88.7,61.61,67.02,données du projet,81.19,89.04,91.85,75.84,56.55,87.36000000000006,80.94000000000001,52.23,48.03,48.03
EX24_Mahdia_2023_11,Mahdia,Mahdia,Centre-Est,2023,11,2023-11-15,35.475861,11.059638,686864.08,3927765.99,300,62.0,17.19,85.29,80.71,68.59,26.26,75.22,56.77,58.16,données du projet,67.02,81.19,89.04,65.92,49.78,79.08333333333339,79.47,62.16,43.87,43.87
EX24_Mahdia_2023_12,Mahdia,Mahdia,Centre-Est,2023,12,2023-12-15,35.479251,11.098278,690362.3,3928215.96,300,62.0,15.49,76.32,81.1,64.44,22.97,71.06,51.84,46.24,données du projet,58.16,67.02,81.19,81.8,53.09,68.79000000000005,78.17666666666666,56.19,44.04,44.04
EX24_Mahdia_2024_01,Mahdia,Mahdia,Centre-Est,2024,1,2024-01-15,35.535188,11.121858,692368.28,3934466.77,300,62.0,18.39,84.01,87.53,65.56,27.49,75.72,52.39,48.41,données du projet,46.24,58.16,67.02,91.85,41.91,57.14000000000004,72.25,41.77,52.79,52.79
EX24_Mahdia_2024_02,Mahdia,Mahdia,Centre-Est,2024,2,2024-02-15,35.478045,11.057805,686692.7,3928004.8,300,62.0,16.12,77.25,85.04,68.44,17.64,66.24,50.55,40.3,données du projet,48.41,46.24,58.16,89.04,42.48,50.93666666666672,65.01,43.67,67.52,67.52
EX24_Mahdia_2024_03,Mahdia,Mahdia,Centre-Est,2024,3,2024-03-15,35.536084,11.076059,688213.44,3934477.75,300,62.0,18.6,75.09,77.95,55.6,36.71,72.93,65.83,50.0,données du projet,40.3,48.41,46.24,81.19,57.47,44.98333333333338,56.88666666666666,69.81,75.17,75.17
EX24_Mahdia_2024_04,Mahdia,Mahdia,Centre-Est,2024,4,2024-04-15,35.500446,11.046876,685649.46,3930469.1,300,62.0,26.58,36.2,63.47,50.49,57.77,81.39,54.59,70.76,données du projet,50.0,40.3,48.41,67.02,75.84,46.23666666666671,51.68833333333333,89.24,82.9,82.9
EX24_Mahdia_2024_05,Mahdia,Mahdia,Centre-Est,2024,5,2024-05-15,35.512192,11.059043,686725.92,3931795.06,300,62.0,27.13,33.75,56.71,54.65,73.11,84.03,51.91,73.29,données du projet,70.76,50.0,40.3,58.16,65.92,53.68666666666672,52.31166666666667,95.18,86.87,86.87
EX24_Mahdia_2024_06,Mahdia,Mahdia,Centre-Est,2024,6,2024-06-15,35.491757,11.119024,692214.86,3929643.46,300,62.0,34.76,10.63,58.04,35.33,78.36,89.49,68.86,82.76,données du projet,73.29,70.76,50.0,46.24,81.8,64.6833333333334,54.833333333333336,94.51,91.04,91.04
EX24_Mahdia_2024_07,Mahdia,Mahdia,Centre-Est,2024,7,2024-07-15,35.507187,11.042222,685211.84,3931208.09,300,62.0,33.85,11.02,49.15,41.55,84.22,87.43,76.46,93.35,données du projet,82.76,73.29,70.76,48.41,91.85,75.6033333333334,60.919999999999995,93.2,85.31,85.31
EX24_Mahdia_2024_08,Mahdia,Mahdia,Centre-Est,2024,8,2024-08-15,35.530543,11.022678,683385.97,3933762.42,300,62.0,31.16,10.09,47.37,41.21,83.32,82.42,90.35,88.3,données du projet,93.35,82.76,73.29,40.3,89.04,83.13333333333338,68.41000000000001,98.33,73.03,73.03
EX24_Mahdia_2024_09,Mahdia,Mahdia,Centre-Est,2024,9,2024-09-15,35.494319,11.033256,684427.99,3929763.93,300,62.0,28.08,20.06,63.43,47.86,77.02,85.6,77.18,91.39,données du projet,88.3,93.35,82.76,50.0,81.19,88.13666666666671,76.41000000000001,69.18,64.36,64.36
EX24_Mahdia_2024_10,Mahdia,Mahdia,Centre-Est,2024,10,2024-10-15,35.491808,10.987088,680245.35,3929399.99,300,62.0,22.42,58.17,73.84,61.32,48.61,58.64,54.34,75.81,données du projet,91.39,88.3,93.35,70.76,67.02,91.01333333333338,83.30833333333334,64.22,54.53,54.53
EX24_Mahdia_2024_11,Mahdia,Mahdia,Centre-Est,2024,11,2024-11-15,35.526885,11.039438,684914.09,3933387.99,300,62.0,15.55,74.67,82.45,67.07,24.8,74.79,48.9,52.72,données du projet,75.81,91.39,88.3,73.29,58.16,85.16666666666671,84.15,37.82,53.48,53.48
EX24_Mahdia_2024_12,Mahdia,Mahdia,Centre-Est,2024,12,2024-12-15,35.551159,11.046799,685525.68,3936094.55,300,62.0,14.19,117.89,76.19,69.69,21.31,67.08,51.29,52.73,données du projet,52.72,75.81,91.39,82.76,46.24,73.30666666666671,80.72166666666668,41.41,55.53,55.53
EX24_Mahdia_2025_01,Mahdia,Mahdia,Centre-Est,2025,1,2025-01-15,35.489253,11.073589,688098.72,3929278.15,300,62.0,17.22,81.1,81.95,63.24,19.9,68.17,60.33,45.43,données du projet,52.73,52.72,75.81,93.35,48.41,60.420000000000044,75.71666666666667,64.05,50.68,50.68
EX24_Mahdia_2025_02,Mahdia,Mahdia,Centre-Est,2025,2,2025-02-15,35.446677,11.077696,688570.78,3924563.04,300,62.0,14.08,79.56,83.05,78.33,32.51,71.73,35.55,56.23,données du projet,45.43,52.73,52.72,88.3,40.3,50.29333333333338,67.73,49.78,64.42,64.42
EX24_Mahdia_2025_03,Mahdia,Mahdia,Centre-Est,2025,3,2025-03-15,35.503361,11.055289,686405.93,3930808.39,300,62.0,21.62,58.81,75.19,63.13,38.94,74.92,47.35,59.33,données du projet,56.23,45.43,52.73,91.39,50.0,51.463333333333374,62.385,71.27,76.82,76.82
EX24_Mahdia_2025_04,Mahdia,Mahdia,Centre-Est,2025,4,2025-04-15,35.549067,11.069079,687550.3,3935904.6,300,62.0,26.95,62.67,73.8,56.95,59.24,90.24,44.13,66.35,données du projet,59.33,56.23,45.43,75.81,70.76,53.663333333333384,57.041666666666664,68.46,83.42,83.42
EX24_Mahdia_2025_05,Mahdia,Mahdia,Centre-Est,2025,5,2025-05-15,35.55515,11.060015,686714.49,3936562.18,300,62.0,29.14,29.02,69.57,55.4,54.71,82.29,57.17,72.95,données du projet,66.35,59.33,56.23,52.72,73.29,60.63666666666671,55.464999999999996,92.73,87.98,87.98
EX24_Mahdia_2025_06,Mahdia,Mahdia,Centre-Est,2025,6,2025-06-15,35.527252,11.086675,689196.79,3933518.38,300,62.0,31.32,24.58,58.44,53.41,92.38,79.67,93.77,84.03,données du projet,72.95,66.35,59.33,52.73,82.76,66.21000000000005,58.836666666666666,97.82,88.72,88.72
EX24_Mahdia_2025_07,Mahdia,Mahdia,Centre-Est,2025,7,2025-07-15,35.553228,11.078257,688372.63,3936383.78,300,62.0,33.52,6.2,56.5,50.82,88.22,93.1,77.33,91.71,données du projet,84.03,72.95,66.35,45.43,93.35,74.44333333333338,64.05333333333333,100.0,77.75,77.75
EX24_Mahdia_2025_08,Mahdia,Mahdia,Centre-Est,2025,8,2025-08-15,35.483842,11.038298,684909.38,3928611.13,300,62.0,34.28,29.29,56.83,39.35,90.38,94.27,68.05,90.5,données du projet,91.71,84.03,72.95,56.23,88.3,82.89666666666672,71.76666666666667,71.74,71.36,71.36
EX24_Mahdia_2025_09,Mahdia,Mahdia,Centre-Est,2025,9,2025-09-15,35.472684,11.109028,691353.22,3927508.24,300,62.0,26.43,36.99,65.06,50.05,66.69,86.42,74.95,80.39,données du projet,90.5,91.71,84.03,59.33,91.39,88.74666666666671,77.47833333333334,64.04,58.67,58.67
EX24_Manouba_2017_01,Manouba,Manouba,Nord-Est,2017,1,2017-01-15,36.837978,10.094662,597606.65,4077458.05,750,72.0,11.6,85.08,86.99,79.89,10.19,64.15,65.79,34.65,données du projet,37.04,53.72,72.09,89.29,25.4,54.28333333333338,68.52333333333334,46.06,43.22,43.22
EX24_Manouba_2017_02,Manouba,Manouba,Nord-Est,2017,2,2017-02-15,36.83894,10.088361,597043.62,4077558.41,750,72.0,13.01,134.41,86.42,82.03,8.57,72.11,58.03,32.13,données du projet,34.65,37.04,53.72,82.02,28.76,41.80333333333338,59.416666666666664,51.45,51.52,51.52
EX24_Manouba_2017_03,Manouba,Manouba,Nord-Est,2017,3,2017-03-15,36.867853,10.031685,591955.29,4080709.75,750,72.0,19.45,75.45,71.75,72.94,37.89,65.22,61.28,41.74,données du projet,32.13,34.65,37.04,76.98,35.04,34.60666666666671,51.10166666666667,47.64,64.89,64.89
EX24_Manouba_2017_04,Manouba,Manouba,Nord-Est,2017,4,2017-04-15,36.750618,10.155465,603145.49,4067830.53,750,72.0,20.98,42.79,78.22,68.14,50.44,75.56,57.96,54.95,données du projet,41.74,32.13,34.65,72.09,56.21,36.17333333333338,45.22833333333333,76.76,74.21,74.21
EX24_Manouba_2017_05,Manouba,Manouba,Nord-Est,2017,5,2017-05-15,36.813063,10.101746,598270.2,4074701.34,750,72.0,29.75,20.74,64.12,55.14,61.57,82.76,60.68,62.46,données du projet,54.95,41.74,32.13,53.72,67.07,42.940000000000055,42.37166666666667,80.32,72.21,72.21
EX24_Manouba_2017_06,Manouba,Manouba,Nord-Est,2017,6,2017-06-15,36.788401,10.130658,600881.43,4071995.61,750,72.0,29.85,23.07,57.05,41.96,65.29,89.88,85.09,74.68,données du projet,62.46,54.95,41.74,37.04,66.86,53.05000000000005,43.82833333333334,77.3,74.6,74.6
EX24_Manouba_2017_07,Manouba,Manouba,Nord-Est,2017,7,2017-07-15,36.824398,10.087501,596985.29,4075944.27,750,72.0,32.78,5.75,52.7,48.09,77.21,83.56,78.79,79.53,données du projet,74.68,62.46,54.95,34.65,89.29,64.03000000000004,50.10166666666667,60.91,73.16,73.16
EX24_Manouba_2017_08,Manouba,Manouba,Nord-Est,2017,8,2017-08-15,36.80349,10.139783,601675.71,4073679.15,750,72.0,30.64,19.27,58.31,46.58,80.53,79.79,85.76,77.42,données du projet,79.53,74.68,62.46,32.13,82.02,72.22333333333339,57.58166666666667,86.39,65.89,65.89
EX24_Manouba_2017_09,Manouba,Manouba,Nord-Est,2017,9,2017-09-15,36.820359,10.093117,597491.23,4075501.95,750,72.0,28.03,39.65,70.06,56.89,69.91,74.88,86.24,81.44,données du projet,77.42,79.53,74.68,41.74,76.98,77.21000000000005,65.13,57.25,50.88,50.88
EX24_Manouba_2017_10,Manouba,Manouba,Nord-Est,2017,10,2017-10-15,36.842509,10.044046,593087.83,4077910.17,750,72.0,18.86,69.13,84.62,59.14,33.82,85.8,61.79,60.59,données du projet,81.44,77.42,79.53,54.95,72.09,79.46333333333338,71.74666666666666,56.91,36.82,36.82
EX24_Manouba_2017_11,Manouba,Manouba,Nord-Est,2017,11,2017-11-15,36.780122,10.105382,598636.74,4071050.78,750,72.0,15.98,81.77,85.84,70.19,16.38,68.78,61.66,43.67,données du projet,60.59,81.44,77.42,62.46,53.72,73.15000000000005,72.68666666666667,51.58,38.32,38.32
EX24_Manouba_2017_12,Manouba,Manouba,Nord-Est,2017,12,2017-12-15,36.840871,10.108595,598845.35,4077793.28,750,72.0,14.39,94.3,83.49,70.63,19.85,70.86,65.07,40.46,données du projet,43.67,60.59,81.44,74.68,37.04,61.90000000000004,69.555,36.15,36.73,36.73
EX24_Manouba_2018_01,Manouba,Manouba,Nord-Est,2018,1,2018-01-15,36.792378,10.073536,595779.69,4072378.05,750,72.0,11.6,111.69,90.11,77.23,15.48,76.02,54.4,38.67,données du projet,40.46,43.67,60.59,79.53,34.65,48.240000000000045,63.85166666666667,37.47,40.19,40.19
EX24_Manouba_2018_02,Manouba,Manouba,Nord-Est,2018,2,2018-02-15,36.801738,10.15391,602938.35,4073499.85,750,72.0,14.15,101.64,84.54,69.57,8.3,56.64,65.64,34.85,données du projet,38.67,40.46,43.67,77.42,32.13,40.93333333333339,57.04166666666668,25.59,47.32,47.32
EX24_Manouba_2018_03,Manouba,Manouba,Nord-Est,2018,3,2018-03-15,36.781581,10.065544,595080.01,4071172.25,750,72.0,18.34,66.74,81.33,72.46,33.2,82.15,43.31,29.79,données du projet,34.85,38.67,40.46,81.44,41.74,37.99333333333338,49.946666666666665,53.22,62.01,62.01
EX24_Manouba_2018_04,Manouba,Manouba,Nord-Est,2018,4,2018-04-15,36.794365,10.092702,597487.2,4072617.87,750,72.0,20.97,54.24,80.01,51.58,41.7,78.8,54.17,53.19,données du projet,29.79,34.85,38.67,60.59,54.95,34.43666666666672,41.33833333333334,46.87,72.84,72.84
EX24_Manouba_2018_05,Manouba,Manouba,Nord-Est,2018,5,2018-05-15,36.7968,10.083694,596680.49,4072878.76,750,72.0,24.51,46.04,61.25,63.27,72.55,74.97,74.85,57.86,données du projet,53.19,29.79,34.85,43.67,62.46,39.276666666666706,40.105,90.86,86.05,86.05
EX24_Manouba_2018_06,Manouba,Manouba,Nord-Est,2018,6,2018-06-15,36.806575,10.097379,597888.94,4073977.12,750,72.0,32.38,19.94,56.53,55.75,89.42,94.74,80.35,79.66,données du projet,57.86,53.19,29.79,40.46,74.68,46.946666666666715,42.47,79.68,77.19,77.19
EX24_Manouba_2018_07,Manouba,Manouba,Nord-Est,2018,7,2018-07-15,36.834335,10.074364,595801.28,4077033.33,750,72.0,31.44,0.15,60.01,41.59,83.61,91.88,74.51,82.6,données du projet,79.66,57.86,53.19,38.67,79.53,63.57000000000005,49.00333333333333,100.0,70.47,70.47
EX24_Manouba_2018_08,Manouba,Manouba,Nord-Est,2018,8,2018-08-15,36.791162,10.064417,594967.58,4072234.03,750,72.0,30.84,10.66,54.11,44.82,85.61,84.37,68.81,90.83,données du projet,82.6,79.66,57.86,34.85,77.42,73.37333333333338,56.324999999999996,95.32,60.66,60.66
EX24_Manouba_2018_09,Manouba,Manouba,Nord-Est,2018,9,2018-09-15,36.859017,10.035107,592270.89,4079732.8,750,72.0,27.21,35.31,63.96,52.98,71.31,80.91,80.23,78.45,données du projet,90.83,82.6,79.66,29.79,81.44,84.36333333333339,65.65499999999999,57.85,40.48,40.48
EX24_Manouba_2018_10,Manouba,Manouba,Nord-Est,2018,10,2018-10-15,36.791471,10.072329,595673.16,4072276.26,750,72.0,22.45,64.5,80.93,58.07,39.41,79.46,52.64,58.4,données du projet,78.45,90.83,82.6,53.19,60.59,83.96000000000005,73.765,44.21,36.8,36.8
EX24_Manouba_2018_11,Manouba,Manouba,Nord-Est,2018,11,2018-11-15,36.830569,10.068513,595284.18,4076609.79,750,72.0,15.24,80.12,87.25,66.58,36.64,82.94,58.81,42.71,données du projet,58.4,78.45,90.83,57.86,43.67,75.89333333333339,74.63333333333334,26.5,30.99,30.99
EX24_Manouba_2018_12,Manouba,Manouba,Nord-Est,2018,12,2018-12-15,36.80477,10.074968,595891.98,4073754.16,750,72.0,11.5,95.19,80.99,87.13,0.0,69.51,55.51,24.68,données du projet,42.71,58.4,78.45,79.66,40.46,59.853333333333374,72.10833333333333,16.71,39.31,39.31
EX24_Manouba_2019_01,Manouba,Manouba,Nord-Est,2019,1,2019-01-15,36.832718,10.047842,593438.14,4076827.75,750,72.0,13.23,99.38,92.48,80.59,2.1,76.03,57.14,34.53,données du projet,24.68,42.71,58.4,82.6,38.67,41.93000000000004,62.945,30.08,42.28,42.28
EX24_Manouba_2019_02,Manouba,Manouba,Nord-Est,2019,2,2019-02-15,36.785598,10.045912,593323.26,4071598.56,750,72.0,16.47,85.85,89.05,74.83,4.62,71.89,56.68,32.74,données du projet,34.53,24.68,42.71,90.83,34.85,33.97333333333338,54.93333333333334,27.79,50.68,50.68
EX24_Manouba_2019_03,Manouba,Manouba,Nord-Est,2019,3,2019-03-15,36.819589,10.101863,598272.26,4075425.48,750,72.0,18.96,76.3,78.01,66.27,35.27,74.15,53.56,39.21,données du projet,32.74,34.53,24.68,78.45,29.79,30.65000000000005,45.251666666666665,39.48,59.34,59.34
EX24_Manouba_2019_04,Manouba,Manouba,Nord-Est,2019,4,2019-04-15,36.810124,10.05059,593710.78,4074323.99,750,72.0,19.42,47.49,71.02,69.62,50.79,75.43,64.77,46.83,données du projet,39.21,32.74,34.53,58.4,53.19,35.49333333333339,38.711666666666666,68.44,72.92,72.92
EX24_Manouba_2019_05,Manouba,Manouba,Nord-Est,2019,5,2019-05-15,36.767472,10.076573,596081.7,4069618.19,750,72.0,27.65,28.83,61.78,63.06,51.16,78.5,62.56,61.21,données du projet,46.83,39.21,32.74,42.71,57.86,39.59333333333338,36.78333333333333,78.12,84.45,84.45
EX24_Manouba_2019_06,Manouba,Manouba,Nord-Est,2019,6,2019-06-15,36.820224,10.113845,599340.19,4075508.29,750,72.0,29.42,21.25,61.73,54.1,83.77,91.83,88.97,77.3,données du projet,61.21,46.83,39.21,24.68,79.66,49.08333333333338,39.86666666666667,100.0,82.07,82.07
EX24_Manouba_2019_07,Manouba,Manouba,Nord-Est,2019,7,2019-07-15,36.845587,10.116354,599531.08,4078324.53,750,72.0,30.88,36.34,62.22,48.18,74.86,88.22,85.98,88.41,données du projet,77.3,61.21,46.83,34.53,82.6,61.78000000000005,48.63666666666666,91.16,77.26,77.26
EX24_Manouba_2019_08,Manouba,Manouba,Nord-Est,2019,8,2019-08-15,36.789527,10.128512,600688.52,4072118.22,750,72.0,30.09,15.03,51.19,44.88,79.85,93.39,89.1,87.67,données du projet,88.41,77.3,61.21,32.74,90.83,75.64000000000004,57.61666666666667,74.69,57.96,57.96
EX24_Manouba_2019_09,Manouba,Manouba,Nord-Est,2019,9,2019-09-15,36.885901,10.096612,597719.48,4082776.5,750,72.0,28.7,39.18,63.84,51.74,62.58,88.04,73.35,70.88,données du projet,87.67,88.41,77.3,39.21,78.45,84.46000000000005,66.77166666666666,60.84,45.93,45.93
EX24_Manouba_2019_10,Manouba,Manouba,Nord-Est,2019,10,2019-10-15,36.798995,10.081422,596474.97,4073119.97,750,72.0,20.63,65.43,74.09,70.39,47.56,82.42,60.5,56.05,données du projet,70.88,87.67,88.41,46.83,58.4,82.32000000000005,72.05,59.88,44.16,44.16
EX24_Manouba_2019_11,Manouba,Manouba,Nord-Est,2019,11,2019-11-15,36.814582,10.065302,595017.62,4074833.02,750,72.0,17.37,75.85,78.51,74.19,32.11,81.67,67.71,49.26,données du projet,56.05,70.88,87.67,61.21,42.71,71.53333333333337,73.58666666666666,42.48,38.1,38.1
EX24_Manouba_2019_12,Manouba,Manouba,Nord-Est,2019,12,2019-12-15,36.82706,10.10906,598904.6,4076261.69,750,72.0,14.9,91.33,92.28,77.63,21.67,68.14,59.85,38.02,données du projet,49.26,56.05,70.88,77.3,24.68,58.73000000000005,71.59499999999998,28.55,35.54,35.54
EX24_Manouba_2020_01,Manouba,Manouba,Nord-Est,2020,1,2020-01-15,36.818427,10.10436,598496.53,4075299.1,750,72.0,12.48,97.92,90.65,82.83,15.8,70.39,50.33,39.27,données du projet,38.02,49.26,56.05,88.41,34.53,47.77666666666672,65.04833333333333,25.15,44.05,44.05
EX24_Manouba_2020_02,Manouba,Manouba,Nord-Est,2020,2,2020-02-15,36.813529,9.995299,588774.85,4074648.9,750,72.0,14.07,74.66,85.53,76.48,21.16,71.83,57.06,35.07,données du projet,39.27,38.02,49.26,87.67,32.74,42.18333333333339,56.85833333333333,21.66,60.89,60.89
EX24_Manouba_2020_03,Manouba,Manouba,Nord-Est,2020,3,2020-03-15,36.837184,10.129317,600697.9,4077405.97,750,72.0,20.51,77.41,76.14,65.8,40.86,76.23,55.32,44.99,données du projet,35.07,39.27,38.02,70.88,39.21,37.45333333333338,48.09166666666667,83.87,72.02,72.02
EX24_Manouba_2020_04,Manouba,Manouba,Nord-Est,2020,4,2020-04-15,36.81358,10.102785,598362.23,4074759.72,750,72.0,21.96,47.69,72.69,60.19,37.71,90.88,65.84,63.8,données du projet,44.99,35.07,39.27,56.05,46.83,39.77666666666672,43.77666666666667,72.05,82.24,82.24
EX24_Manouba_2020_05,Manouba,Manouba,Nord-Est,2020,5,2020-05-15,36.829264,10.050903,593715.35,4076447.59,750,72.0,26.73,43.73,61.95,56.03,55.04,81.67,60.01,69.99,données du projet,63.8,44.99,35.07,49.26,61.21,47.953333333333376,45.06833333333333,76.85,84.07,84.07
EX24_Manouba_2020_06,Manouba,Manouba,Nord-Est,2020,6,2020-06-15,36.792067,10.119097,599845.13,4072390.07,750,72.0,31.89,19.79,62.27,52.12,82.69,93.57,81.89,84.98,données du projet,69.99,63.8,44.99,38.02,77.3,59.59333333333338,48.52333333333333,78.68,80.4,80.4
EX24_Manouba_2020_07,Manouba,Manouba,Nord-Est,2020,7,2020-07-15,36.780683,10.130882,600911.6,4071139.55,750,72.0,32.41,14.76,56.41,50.14,87.59,89.7,85.59,80.65,données du projet,84.98,69.99,63.8,39.27,88.41,72.92333333333339,56.35,84.37,70.86,70.86
EX24_Manouba_2020_08,Manouba,Manouba,Nord-Est,2020,8,2020-08-15,36.767889,10.038742,592704.76,4069627.09,750,72.0,34.3,26.31,56.51,47.89,86.56,94.41,88.61,79.88,données du projet,80.65,84.98,69.99,35.07,87.67,78.54000000000006,63.24666666666666,59.52,63.71,63.71
EX24_Manouba_2020_09,Manouba,Manouba,Nord-Est,2020,9,2020-09-15,36.824428,10.093213,597494.69,4075953.37,750,72.0,27.47,36.1,58.99,53.85,59.73,83.88,90.68,76.78,données du projet,79.88,80.65,84.98,44.99,70.88,81.83666666666672,70.71499999999999,66.04,52.57,52.57
EX24_Manouba_2020_10,Manouba,Manouba,Nord-Est,2020,10,2020-10-15,36.798889,10.084465,596746.62,4073111.36,750,72.0,17.78,67.58,79.93,66.74,37.7,83.35,58.27,59.26,données du projet,76.78,79.88,80.65,63.8,56.05,79.10333333333337,76.01333333333334,43.41,38.52,38.52
EX24_Manouba_2020_11,Manouba,Manouba,Nord-Est,2020,11,2020-11-15,36.805281,10.046781,593376.89,4073782.94,750,72.0,13.06,98.73,80.51,72.55,28.73,75.53,57.43,49.27,données du projet,59.26,76.78,79.88,69.99,49.26,71.97333333333339,75.25666666666667,37.07,34.25,34.25
EX24_Manouba_2020_12,Manouba,Manouba,Nord-Est,2020,12,2020-12-15,36.800571,10.014359,590490.17,4073229.26,750,72.0,13.33,108.35,89.3,72.13,4.01,70.71,64.95,42.36,données du projet,49.27,59.26,76.78,84.98,38.02,61.77000000000004,71.80333333333333,20.06,37.91,37.91
EX24_Manouba_2021_01,Manouba,Manouba,Nord-Est,2021,1,2021-01-15,36.818404,10.099379,598052.24,4075291.43,750,72.0,11.83,107.82,88.35,82.53,13.49,71.27,58.67,24.04,données du projet,42.36,49.27,59.26,80.65,39.27,50.29666666666672,64.7,54.22,51.08,51.08
EX24_Manouba_2021_02,Manouba,Manouba,Nord-Est,2021,2,2021-02-15,36.784179,10.129192,600756.21,4071525.6,750,72.0,13.86,108.25,83.24,78.52,21.53,63.27,71.13,35.82,données du projet,24.04,42.36,49.27,79.88,35.07,38.55666666666672,55.26500000000001,56.8,65.2,65.2
EX24_Manouba_2021_03,Manouba,Manouba,Nord-Est,2021,3,2021-03-15,36.805126,10.04644,593346.63,4073765.44,750,72.0,17.46,83.62,75.91,70.32,22.86,82.03,76.99,58.25,données du projet,35.82,24.04,42.36,76.78,44.99,34.07333333333338,47.921666666666674,66.49,65.9,65.9
EX24_Manouba_2021_04,Manouba,Manouba,Nord-Est,2021,4,2021-04-15,36.803222,10.133404,601106.97,4073642.62,750,72.0,20.62,49.85,73.32,62.34,46.86,76.36,59.56,63.0,données du projet,58.25,35.82,24.04,59.26,63.8,39.37000000000005,44.833333333333336,62.85,74.18,74.18
EX24_Manouba_2021_05,Manouba,Manouba,Nord-Est,2021,5,2021-05-15,36.833553,10.086593,596892.71,4076959.0,750,72.0,26.62,75.31,64.16,52.54,39.66,94.61,51.54,62.25,données du projet,63.0,58.25,35.82,49.27,69.99,52.35666666666671,45.45666666666667,78.75,79.37,79.37
EX24_Manouba_2021_06,Manouba,Manouba,Nord-Est,2021,6,2021-06-15,36.805758,10.016305,590657.65,4073806.54,750,72.0,28.89,43.17,59.2,48.18,63.56,86.8,78.25,72.62,données du projet,62.25,63.0,58.25,42.36,84.98,61.166666666666714,47.620000000000005,99.18,81.78,81.78
EX24_Manouba_2021_07,Manouba,Manouba,Nord-Est,2021,7,2021-07-15,36.82272,10.119611,599851.23,4075791.17,750,72.0,35.85,15.05,62.58,48.96,89.11,91.85,91.68,81.56,données du projet,72.62,62.25,63.0,24.04,80.65,65.95666666666672,52.663333333333334,88.57,75.67,75.67
EX24_Manouba_2021_08,Manouba,Manouba,Nord-Est,2021,8,2021-08-15,36.766958,10.063322,594899.69,4069547.92,750,72.0,32.71,4.03,54.37,46.69,83.55,87.25,81.55,89.77,données du projet,81.56,72.62,62.25,35.82,79.88,72.14333333333339,62.25,75.73,65.78,65.78
EX24_Manouba_2021_09,Manouba,Manouba,Nord-Est,2021,9,2021-09-15,36.794302,10.048312,593526.8,4072566.56,750,72.0,27.15,46.98,65.27,53.05,59.72,80.16,93.45,74.82,données du projet,89.77,81.56,72.62,58.25,76.78,81.31666666666672,71.24166666666666,60.36,53.26,53.26
EX24_Manouba_2021_10,Manouba,Manouba,Nord-Est,2021,10,2021-10-15,36.79085,10.096555,597835.42,4072231.82,750,72.0,19.52,63.93,75.17,63.53,43.24,84.6,62.22,65.89,données du projet,74.82,89.77,81.56,63.0,59.26,82.05000000000005,74.00333333333333,55.22,50.02,50.02
EX24_Manouba_2021_11,Manouba,Manouba,Nord-Est,2021,11,2021-11-15,36.807277,10.062906,594812.93,4074020.23,750,72.0,15.04,90.01,79.56,74.48,20.31,78.77,69.78,57.52,données du projet,65.89,74.82,89.77,62.25,49.27,76.82666666666671,74.485,53.77,43.49,43.49
EX24_Manouba_2021_12,Manouba,Manouba,Nord-Est,2021,12,2021-12-15,36.817906,10.091136,597317.66,4075227.75,750,72.0,13.76,85.47,90.69,76.87,17.55,68.16,58.74,41.38,données du projet,57.52,65.89,74.82,72.62,42.36,66.07666666666672,73.69666666666667,41.09,46.71,46.71
EX24_Manouba_2022_01,Manouba,Manouba,Nord-Est,2022,1,2022-01-15,36.788061,10.075993,596004.3,4071901.63,750,72.0,14.7,108.45,87.17,73.28,5.3,78.98,51.67,43.72,données du projet,41.38,57.52,65.89,81.56,24.04,54.93000000000004,68.49,47.15,54.55,54.55
EX24_Manouba_2022_02,Manouba,Manouba,Nord-Est,2022,2,2022-02-15,36.789695,10.101177,598249.29,4072108.41,750,72.0,16.05,86.8,84.98,73.58,18.79,74.76,62.76,47.68,données du projet,43.72,41.38,57.52,89.77,35.82,47.54000000000005,62.18333333333333,81.46,58.42,58.42
EX24_Manouba_2022_03,Manouba,Manouba,Nord-Est,2022,3,2022-03-15,36.81636,10.032096,592053.64,4074997.73,750,72.0,16.64,74.89,78.78,75.66,42.34,79.09,51.33,53.69,données du projet,47.68,43.72,41.38,74.82,58.25,44.26000000000005,55.16833333333333,69.01,57.62,57.62
EX24_Manouba_2022_04,Manouba,Manouba,Nord-Est,2022,4,2022-04-15,36.776065,10.08292,596637.46,4070577.75,750,72.0,24.04,51.29,61.29,59.64,47.06,69.19,66.56,55.52,données du projet,53.69,47.68,43.72,65.89,63.0,48.36333333333338,51.64666666666667,58.54,69.6,69.6
EX24_Manouba_2022_05,Manouba,Manouba,Nord-Est,2022,5,2022-05-15,36.834381,10.06316,594802.14,4077027.3,750,72.0,28.15,44.32,70.21,53.24,44.23,82.57,67.62,59.46,données du projet,55.52,53.69,47.68,57.52,62.25,52.29666666666672,49.91833333333333,79.54,82.43,82.43
EX24_Manouba_2022_06,Manouba,Manouba,Nord-Est,2022,6,2022-06-15,36.773994,10.081089,596476.61,4070346.2,750,72.0,30.85,17.48,60.32,51.99,71.59,88.0,79.39,66.66,données du projet,59.46,55.52,53.69,41.38,72.62,56.22333333333338,50.24166666666667,93.22,80.25,80.25
EX24_Manouba_2022_07,Manouba,Manouba,Nord-Est,2022,7,2022-07-15,36.789746,10.094877,597687.15,4072107.59,750,72.0,34.19,28.92,58.15,44.86,81.76,94.3,78.87,88.11,données du projet,66.66,59.46,55.52,43.72,81.56,60.54666666666671,54.455000000000005,77.9,73.03,73.03
EX24_Manouba_2022_08,Manouba,Manouba,Nord-Est,2022,8,2022-08-15,36.807945,10.124713,600325.46,4074157.49,750,72.0,31.94,34.38,62.05,47.37,100.0,93.96,70.79,79.8,données du projet,88.11,66.66,59.46,47.68,89.77,71.41000000000004,61.85333333333333,83.01,61.27,61.27
EX24_Manouba_2022_09,Manouba,Manouba,Nord-Est,2022,9,2022-09-15,36.742084,10.067108,595268.42,4066792.3,750,72.0,27.04,57.97,67.43,54.01,61.87,85.06,85.26,79.02,données du projet,79.8,88.11,66.66,53.69,74.82,78.19000000000004,67.20666666666666,56.27,55.34,55.34
EX24_Manouba_2022_10,Manouba,Manouba,Nord-Est,2022,10,2022-10-15,36.814492,10.067864,595246.21,4074825.61,750,72.0,21.28,84.33,67.88,64.56,42.06,87.54,69.96,65.29,données du projet,79.02,79.8,88.11,55.52,65.89,82.31000000000004,71.42833333333333,57.72,42.19,42.19
EX24_Manouba_2022_11,Manouba,Manouba,Nord-Est,2022,11,2022-11-15,36.778348,10.096046,597805.92,4070844.43,750,72.0,17.27,74.59,77.3,80.8,13.22,83.19,65.25,52.8,données du projet,65.29,79.02,79.8,59.46,57.52,74.70333333333338,73.05666666666667,38.03,36.76,36.76
EX24_Manouba_2022_12,Manouba,Manouba,Nord-Est,2022,12,2022-12-15,36.753036,10.0944,597691.09,4068034.73,750,72.0,12.72,83.82,89.49,66.24,15.43,69.89,58.49,38.57,données du projet,52.8,65.29,79.02,66.66,41.38,65.70333333333338,71.94666666666667,23.99,42.0,42.0
EX24_Manouba_2023_01,Manouba,Manouba,Nord-Est,2023,1,2023-01-15,36.797986,10.089851,597228.25,4073016.65,750,72.0,15.09,110.06,89.34,73.24,2.73,63.56,58.91,34.97,données du projet,38.57,52.8,65.29,88.11,43.72,52.22000000000005,67.265,45.69,46.98,46.98
EX24_Manouba_2023_02,Manouba,Manouba,Nord-Est,2023,2,2023-02-15,36.784268,10.094893,597695.51,4071499.98,750,72.0,16.52,103.41,89.75,80.54,26.83,83.82,58.11,42.02,données du projet,34.97,38.57,52.8,79.8,47.68,42.11333333333337,58.40833333333333,44.27,58.48,58.48
EX24_Manouba_2023_03,Manouba,Manouba,Nord-Est,2023,3,2023-03-15,36.812701,10.123217,600185.86,4074683.52,750,72.0,16.1,82.38,77.67,67.77,22.36,82.4,60.39,48.44,données du projet,42.02,34.97,38.57,79.02,53.69,38.520000000000046,52.11166666666666,63.74,70.14,70.14
EX24_Manouba_2023_04,Manouba,Manouba,Nord-Est,2023,4,2023-04-15,36.805061,10.106589,598712.51,4073818.61,750,72.0,21.58,44.99,78.56,60.94,45.09,76.35,49.93,64.95,données du projet,48.44,42.02,34.97,65.29,55.52,41.81000000000004,47.01499999999999,87.39,76.37,76.37
EX24_Manouba_2023_05,Manouba,Manouba,Nord-Est,2023,5,2023-05-15,36.853327,10.069763,595367.4,4079135.66,750,72.0,22.68,34.57,58.67,57.44,65.86,93.46,58.38,69.56,données du projet,64.95,48.44,42.02,52.8,59.46,51.80333333333338,46.958333333333336,68.36,83.86,83.86
EX24_Manouba_2023_06,Manouba,Manouba,Nord-Est,2023,6,2023-06-15,36.818978,10.075107,595886.71,4075330.54,750,72.0,27.96,22.47,60.28,47.81,80.22,94.34,77.35,76.41,données du projet,69.56,64.95,48.44,38.57,66.66,60.98333333333338,49.751666666666665,85.53,79.46,79.46
EX24_Manouba_2023_07,Manouba,Manouba,Nord-Est,2023,7,2023-07-15,36.81912,10.068203,595270.73,4075339.38,750,72.0,32.2,7.74,57.5,47.95,89.92,94.61,85.25,91.42,données du projet,76.41,69.56,64.95,34.97,88.11,70.30666666666671,56.05833333333334,90.84,70.86,70.86
EX24_Manouba_2023_08,Manouba,Manouba,Nord-Est,2023,8,2023-08-15,36.833827,10.081714,596457.32,4076984.45,750,72.0,30.05,21.33,59.81,55.71,83.38,83.17,93.72,81.11,données du projet,91.42,76.41,69.56,42.02,79.8,79.13000000000005,65.46666666666667,82.47,57.61,57.61
EX24_Manouba_2023_09,Manouba,Manouba,Nord-Est,2023,9,2023-09-15,36.804191,10.0921,597421.05,4073707.3,750,72.0,28.46,30.26,56.36,56.89,65.81,89.4,100.0,72.8,données du projet,81.11,91.42,76.41,48.44,79.02,82.98000000000005,71.98166666666667,59.35,52.5,52.5
EX24_Manouba_2023_10,Manouba,Manouba,Nord-Est,2023,10,2023-10-15,36.792514,10.099246,598073.38,4072419.12,750,72.0,22.6,56.6,80.09,65.71,51.02,83.78,60.69,54.95,données du projet,72.8,81.11,91.42,64.95,65.29,81.77666666666671,76.04166666666667,55.54,43.31,43.31
EX24_Manouba_2023_11,Manouba,Manouba,Nord-Est,2023,11,2023-11-15,36.788671,10.02552,591500.04,4071919.8,750,72.0,18.16,89.67,86.78,66.39,29.08,77.29,65.31,49.91,données du projet,54.95,72.8,81.11,69.56,52.8,69.62000000000005,74.375,55.71,45.03,45.03
EX24_Manouba_2023_12,Manouba,Manouba,Nord-Est,2023,12,2023-12-15,36.826423,10.095682,597712.31,4076177.19,750,72.0,11.56,104.96,80.18,81.95,9.23,70.79,58.63,48.83,données du projet,49.91,54.95,72.8,76.41,38.57,59.22000000000005,71.10000000000001,24.17,45.74,45.74
EX24_Manouba_2024_01,Manouba,Manouba,Nord-Est,2024,1,2024-01-15,36.814328,10.109485,598958.86,4074849.65,750,72.0,12.67,91.43,89.94,76.11,5.6,63.93,58.7,40.86,données du projet,48.83,49.91,54.95,91.42,34.97,51.23000000000004,66.50333333333334,44.27,47.26,47.26
EX24_Manouba_2024_02,Manouba,Manouba,Nord-Est,2024,2,2024-02-15,36.843106,10.110729,599032.74,4078043.52,750,72.0,11.55,107.75,86.31,65.23,15.15,73.63,49.91,39.76,données du projet,40.86,48.83,49.91,81.11,42.02,46.53333333333338,58.076666666666675,45.7,53.0,53.0
EX24_Manouba_2024_03,Manouba,Manouba,Nord-Est,2024,3,2024-03-15,36.791627,10.086699,596955.04,4072307.94,750,72.0,17.94,65.91,74.74,59.67,45.91,81.33,54.28,44.0,données du projet,39.76,40.86,48.83,72.8,48.44,43.15000000000004,51.185,60.16,68.45,68.45
EX24_Manouba_2024_04,Manouba,Manouba,Nord-Est,2024,4,2024-04-15,36.804145,10.109499,598973.22,4073720.01,750,72.0,22.03,57.64,74.67,60.46,56.08,83.37,65.45,57.42,données du projet,44.0,39.76,40.86,54.95,64.95,41.54000000000004,46.385,59.75,71.61,71.61
EX24_Manouba_2024_05,Manouba,Manouba,Nord-Est,2024,5,2024-05-15,36.866028,10.063802,594820.28,4080538.71,750,72.0,25.31,42.53,64.24,59.57,52.74,86.26,52.14,63.09,données du projet,57.42,44.0,39.76,49.91,69.56,47.06000000000004,46.79666666666666,81.15,84.36,84.36
EX24_Manouba_2024_06,Manouba,Manouba,Nord-Est,2024,6,2024-06-15,36.811818,10.098576,597989.08,4074560.02,750,72.0,28.72,33.41,61.14,55.26,69.84,79.51,86.46,73.41,données du projet,63.09,57.42,44.0,48.83,76.41,54.83666666666671,48.99333333333333,82.27,89.49,89.49
EX24_Manouba_2024_07,Manouba,Manouba,Nord-Est,2024,7,2024-07-15,36.822868,10.043155,593032.14,4075730.42,750,72.0,30.95,18.52,46.02,45.71,93.89,89.81,92.17,81.78,données du projet,73.41,63.09,57.42,40.86,91.42,64.64000000000004,53.09,100.0,83.9,83.9
EX24_Manouba_2024_08,Manouba,Manouba,Nord-Est,2024,8,2024-08-15,36.842718,10.090638,597241.88,4077979.79,750,72.0,30.64,11.25,49.64,59.13,84.6,87.46,78.28,94.71,données du projet,81.78,73.41,63.09,39.76,81.11,72.76000000000003,59.910000000000004,100.0,65.8,65.8
EX24_Manouba_2024_09,Manouba,Manouba,Nord-Est,2024,9,2024-09-15,36.776119,10.103407,598465.63,4070604.7,750,72.0,27.19,57.4,66.89,44.24,44.66,81.97,83.48,84.35,données du projet,94.71,81.78,73.41,44.0,72.8,83.30000000000003,69.06833333333334,76.36,55.43,55.43
EX24_Manouba_2024_10,Manouba,Manouba,Nord-Est,2024,10,2024-10-15,36.849058,10.094076,597540.31,4078686.64,750,72.0,21.67,71.89,83.65,61.21,33.63,70.04,64.82,67.65,données du projet,84.35,94.71,81.78,57.42,54.95,86.9466666666667,75.79333333333334,56.99,40.7,40.7
EX24_Manouba_2024_11,Manouba,Manouba,Nord-Est,2024,11,2024-11-15,36.83471,10.061494,594653.14,4077062.15,750,72.0,15.01,83.06,81.41,71.63,29.96,78.6,50.66,41.24,données du projet,67.65,84.35,94.71,63.09,49.91,82.2366666666667,77.49833333333333,33.28,42.12,42.12
EX24_Manouba_2024_12,Manouba,Manouba,Nord-Est,2024,12,2024-12-15,36.822885,10.037283,592508.4,4075726.65,750,72.0,13.29,89.39,82.76,75.18,13.36,80.56,62.62,42.66,données du projet,41.24,67.65,84.35,73.41,48.83,64.41333333333337,73.85666666666667,46.25,44.57,44.57
EX24_Manouba_2025_01,Manouba,Manouba,Nord-Est,2025,1,2025-01-15,36.787451,10.097097,597888.15,4071855.25,750,72.0,13.48,103.45,86.89,88.17,3.53,78.13,51.21,42.2,données du projet,42.66,41.24,67.65,81.78,40.86,50.51666666666671,68.73166666666667,36.32,48.13,48.13
EX24_Manouba_2025_02,Manouba,Manouba,Nord-Est,2025,2,2025-02-15,36.835968,10.076971,596031.72,4077217.2,750,72.0,12.93,124.5,91.69,74.1,0.0,91.47,47.06,36.31,données du projet,42.2,42.66,41.24,94.71,39.76,42.03333333333337,62.135,52.97,59.72,59.72
EX24_Manouba_2025_03,Manouba,Manouba,Nord-Est,2025,3,2025-03-15,36.799211,10.090384,597274.27,4073153.0,750,72.0,16.26,68.98,79.73,73.11,22.89,71.24,50.21,57.01,données du projet,36.31,42.2,42.66,84.35,44.0,40.390000000000036,52.401666666666664,75.36,67.23,67.23
EX24_Manouba_2025_04,Manouba,Manouba,Nord-Est,2025,4,2025-04-15,36.782183,10.072724,595719.89,4071246.3,750,72.0,20.5,77.35,78.47,64.0,57.48,78.92,56.05,63.01,données du projet,57.01,36.31,42.2,67.65,57.42,45.17333333333337,47.845000000000006,94.64,70.63,70.63
EX24_Manouba_2025_05,Manouba,Manouba,Nord-Est,2025,5,2025-05-15,36.856449,10.113268,599241.88,4079526.3,750,72.0,23.26,62.7,64.57,59.95,60.06,88.18,69.23,70.16,données du projet,63.01,57.01,36.31,41.24,63.09,52.11000000000004,47.071666666666665,69.67,81.22,81.22
EX24_Manouba_2025_06,Manouba,Manouba,Nord-Est,2025,6,2025-06-15,36.802143,10.101814,598290.28,4073489.96,750,72.0,24.93,4.89,61.6,54.22,81.04,86.0,86.98,76.72,données du projet,70.16,63.01,57.01,42.66,73.41,63.39333333333337,51.89166666666667,87.85,74.96,74.96
EX24_Manouba_2025_07,Manouba,Manouba,Nord-Est,2025,7,2025-07-15,36.82437,10.068774,595315.13,4075922.32,750,72.0,31.76,42.95,57.58,40.95,94.53,96.14,73.09,75.44,données du projet,76.72,70.16,63.01,42.2,81.78,69.96333333333338,57.56833333333333,70.08,73.4,73.4
EX24_Manouba_2025_08,Manouba,Manouba,Nord-Est,2025,8,2025-08-15,36.759057,10.036777,592540.03,4068645.43,750,72.0,33.53,22.98,57.73,37.17,72.02,93.83,100.0,83.52,données du projet,75.44,76.72,70.16,36.31,94.71,74.1066666666667,63.10833333333333,82.45,57.57,57.57
EX24_Manouba_2025_09,Manouba,Manouba,Nord-Est,2025,9,2025-09-15,36.822879,10.097544,597882.86,4075785.94,750,72.0,25.75,40.51,64.01,59.86,60.11,80.31,82.81,74.6,données du projet,83.52,75.44,76.72,57.01,84.35,78.56000000000004,70.97666666666666,41.86,48.02,48.02
EX24_Medenine_2017_01,Medenine,Medenine,Sud-Est,2017,1,2017-01-15,33.386575,10.53651,642911.96,3695198.63,150,54.0,19.62,56.63,74.21,50.37,30.06,65.66,59.17,39.11,données du projet,49.05,57.09,62.62,80.59,31.09,56.253333333333366,69.155,52.58,60.12,60.12
EX24_Medenine_2017_02,Medenine,Medenine,Sud-Est,2017,2,2017-02-15,33.303798,10.510904,640663.19,3685985.37,150,54.0,22.48,55.56,67.13,48.04,47.98,66.07,34.26,51.27,données du projet,39.11,49.05,57.09,83.22,36.23,48.41666666666671,62.24166666666667,62.71,62.87,62.87
EX24_Medenine_2017_03,Medenine,Medenine,Sud-Est,2017,3,2017-03-15,33.342996,10.505879,640132.53,3690324.86,150,54.0,24.3,60.48,54.05,44.48,45.89,70.12,42.9,58.68,données du projet,51.27,39.11,49.05,82.36,58.23,46.47666666666671,56.916666666666664,74.93,74.61,74.61
EX24_Medenine_2017_04,Medenine,Medenine,Sud-Est,2017,4,2017-04-15,33.3434,10.501133,639690.23,3690363.27,150,54.0,30.41,21.97,48.67,36.45,77.48,55.52,47.21,65.34,données du projet,58.68,51.27,39.11,62.62,61.41,49.6866666666667,52.97,100.0,76.42,76.42
EX24_Medenine_2017_05,Medenine,Medenine,Sud-Est,2017,5,2017-05-15,33.357254,10.543158,643578.51,3691956.56,150,54.0,32.7,36.01,48.45,33.1,76.66,74.67,60.33,70.09,données du projet,65.34,58.68,51.27,57.09,76.86,58.430000000000035,53.423333333333325,88.63,80.11,80.11
EX24_Medenine_2017_06,Medenine,Medenine,Sud-Est,2017,6,2017-06-15,33.366869,10.483323,637995.73,3692941.81,150,54.0,35.87,13.21,41.43,25.22,100.0,86.5,73.22,77.55,données du projet,70.09,65.34,58.68,49.05,74.39,64.70333333333338,55.59,56.55,82.1,82.1
EX24_Medenine_2017_07,Medenine,Medenine,Sud-Est,2017,7,2017-07-15,33.410332,10.517887,641141.27,3697807.45,150,54.0,37.29,16.5,43.69,24.29,88.44,83.35,58.07,81.83,données du projet,77.55,70.09,65.34,39.11,80.59,70.99333333333337,60.34,100.0,80.28,80.28
EX24_Medenine_2017_08,Medenine,Medenine,Sud-Est,2017,8,2017-08-15,33.376233,10.507603,640239.7,3694012.55,150,54.0,37.74,15.5,40.86,28.78,100.0,85.68,77.95,90.27,données du projet,81.83,77.55,70.09,51.27,83.22,76.49000000000002,67.46,77.34,74.01,74.01
EX24_Medenine_2017_09,Medenine,Medenine,Sud-Est,2017,9,2017-09-15,33.337929,10.473553,637132.04,3689720.11,150,54.0,33.84,10.09,47.09,37.13,80.22,78.6,70.86,81.04,données du projet,90.27,81.83,77.55,58.68,82.36,83.2166666666667,73.96,61.34,64.73,64.73
EX24_Medenine_2017_10,Medenine,Medenine,Sud-Est,2017,10,2017-10-15,33.346435,10.443731,634343.48,3690624.42,150,54.0,25.52,55.22,54.06,39.53,47.31,60.89,55.59,66.53,données du projet,81.04,90.27,81.83,65.34,62.62,84.38000000000004,77.68666666666667,67.89,53.31,53.31
EX24_Medenine_2017_11,Medenine,Medenine,Sud-Est,2017,11,2017-11-15,33.364902,10.497749,639341.02,3692742.95,150,54.0,22.56,53.83,68.18,42.05,57.46,62.47,49.32,69.51,données du projet,66.53,81.04,90.27,70.09,57.09,79.28000000000003,77.88499999999999,44.45,47.82,47.82
EX24_Medenine_2017_12,Medenine,Medenine,Sud-Est,2017,12,2017-12-15,33.297296,10.510317,640618.95,3685263.65,150,54.0,18.18,59.0,73.45,53.18,36.2,64.76,57.91,57.01,données du projet,69.51,66.53,81.04,77.55,49.05,72.36000000000004,77.78833333333334,31.23,46.12,46.12
EX24_Medenine_2018_01,Medenine,Medenine,Sud-Est,2018,1,2018-01-15,33.427867,10.521749,641471.91,3699757.04,150,54.0,21.14,72.48,71.41,56.3,26.87,55.03,44.53,42.74,données du projet,57.01,69.51,66.53,81.83,39.11,64.35000000000004,74.365,46.46,57.69,57.69
EX24_Medenine_2018_02,Medenine,Medenine,Sud-Est,2018,2,2018-02-15,33.360303,10.490111,638637.68,3692222.84,150,54.0,21.71,48.61,70.93,58.56,27.45,61.16,55.01,42.44,données du projet,42.74,57.01,69.51,90.27,51.27,56.42000000000004,67.85000000000001,71.41,68.07,68.07
EX24_Medenine_2018_03,Medenine,Medenine,Sud-Est,2018,3,2018-03-15,33.361414,10.512349,640705.04,3692375.85,150,54.0,26.57,65.33,64.43,46.63,42.49,61.79,51.37,52.08,données du projet,42.44,42.74,57.01,81.04,58.68,47.396666666666704,59.87833333333334,70.07,79.32,79.32
EX24_Medenine_2018_04,Medenine,Medenine,Sud-Est,2018,4,2018-04-15,33.365069,10.529923,642334.27,3692805.02,150,54.0,31.11,25.05,55.3,33.31,73.73,64.1,53.35,70.65,données du projet,52.08,42.44,42.74,66.53,65.34,45.753333333333366,55.05166666666667,63.78,83.16,83.16
EX24_Medenine_2018_05,Medenine,Medenine,Sud-Est,2018,5,2018-05-15,33.419783,10.475511,637185.69,3698798.73,150,54.0,31.14,30.4,51.43,37.88,87.02,77.74,49.72,79.2,données du projet,70.65,52.08,42.44,69.51,70.09,55.0566666666667,55.73833333333332,87.03,94.45,94.45
EX24_Medenine_2018_06,Medenine,Medenine,Sud-Est,2018,6,2018-06-15,33.358122,10.458316,635682.6,3691939.11,150,54.0,34.01,46.99,47.32,30.59,92.83,90.36,70.39,86.5,données du projet,79.2,70.65,52.08,57.01,77.55,67.31000000000004,57.35333333333333,91.71,93.61,93.61
EX24_Medenine_2018_07,Medenine,Medenine,Sud-Est,2018,7,2018-07-15,33.299732,10.514116,640968.76,3685538.87,150,54.0,39.58,28.42,35.75,24.16,100.0,75.76,62.94,96.92,données du projet,86.5,79.2,70.65,42.74,81.83,78.78333333333337,62.26833333333334,74.21,80.01,80.01
EX24_Medenine_2018_08,Medenine,Medenine,Sud-Est,2018,8,2018-08-15,33.381472,10.503419,639842.08,3694587.85,150,54.0,38.01,6.34,36.44,22.92,95.48,74.8,75.04,89.94,données du projet,96.92,86.5,79.2,42.44,90.27,87.54000000000003,71.29833333333333,82.45,63.04,63.04
EX24_Medenine_2018_09,Medenine,Medenine,Sud-Est,2018,9,2018-09-15,33.350455,10.498506,639434.48,3691142.1,150,54.0,32.33,34.83,48.45,32.39,73.83,77.3,74.99,81.56,données du projet,89.94,96.92,86.5,52.08,81.04,91.12000000000005,79.21499999999999,89.2,55.09,55.09
EX24_Medenine_2018_10,Medenine,Medenine,Sud-Est,2018,10,2018-10-15,33.33606,10.492196,638870.12,3689537.55,150,54.0,26.89,42.58,59.26,38.1,62.05,66.42,53.25,72.38,données du projet,81.56,89.94,96.92,70.65,66.53,89.47333333333336,84.12833333333333,51.51,43.94,43.94
EX24_Medenine_2018_11,Medenine,Medenine,Sud-Est,2018,11,2018-11-15,33.311134,10.490129,638717.22,3686770.99,150,54.0,23.12,38.21,65.64,54.02,37.74,52.76,30.48,46.22,données du projet,72.38,81.56,89.94,79.2,69.51,81.29333333333336,84.41666666666667,34.56,45.29,45.29
EX24_Medenine_2018_12,Medenine,Medenine,Sud-Est,2018,12,2018-12-15,33.323922,10.502367,639836.2,3688205.23,150,54.0,17.98,49.95,71.75,53.62,31.95,61.3,71.27,39.83,données du projet,46.22,72.38,81.56,86.5,57.01,66.72000000000004,78.92,45.78,48.34,48.34
EX24_Medenine_2019_01,Medenine,Medenine,Sud-Est,2019,1,2019-01-15,33.373059,10.491043,638704.13,3693638.46,150,54.0,20.44,54.87,59.64,46.83,43.11,55.36,46.91,57.28,données du projet,39.83,46.22,72.38,96.92,42.74,52.81000000000003,71.14166666666667,51.11,55.72,55.72
EX24_Medenine_2019_02,Medenine,Medenine,Sud-Est,2019,2,2019-02-15,33.366929,10.482031,637875.35,3692946.79,150,54.0,17.61,67.94,64.97,49.84,35.59,65.42,51.78,38.88,données du projet,57.28,39.83,46.22,89.94,42.44,47.7766666666667,64.535,54.87,68.6,68.6
EX24_Medenine_2019_03,Medenine,Medenine,Sud-Est,2019,3,2019-03-15,33.371374,10.46248,636049.41,3693413.93,150,54.0,25.72,38.03,61.39,49.76,41.96,63.15,48.14,59.88,données du projet,38.88,57.28,39.83,81.56,52.08,45.330000000000034,56.025,63.63,79.46,79.46
EX24_Medenine_2019_04,Medenine,Medenine,Sud-Est,2019,4,2019-04-15,33.371756,10.517178,641137.64,3693529.07,150,54.0,30.15,76.93,50.74,31.49,60.67,66.35,63.34,72.18,données du projet,59.88,38.88,57.28,72.38,70.65,52.01333333333337,52.41166666666667,62.96,87.86,87.86
EX24_Medenine_2019_05,Medenine,Medenine,Sud-Est,2019,5,2019-05-15,33.349263,10.396593,629952.55,3690878.1,150,54.0,32.64,11.48,47.26,35.78,85.18,77.61,34.64,79.23,données du projet,72.18,59.88,38.88,46.22,79.2,56.98000000000004,52.37833333333333,84.98,91.33,91.33
EX24_Medenine_2019_06,Medenine,Medenine,Sud-Est,2019,6,2019-06-15,33.358158,10.488043,638448.64,3691982.28,150,54.0,37.73,28.04,46.99,35.73,98.27,82.75,73.99,91.99,données du projet,79.23,72.18,59.88,39.83,86.5,70.43000000000005,57.879999999999995,86.68,82.55,82.55
EX24_Medenine_2019_07,Medenine,Medenine,Sud-Est,2019,7,2019-07-15,33.347613,10.449012,634833.08,3690761.76,150,54.0,41.7,5.85,31.25,18.46,91.89,92.2,79.57,94.53,données du projet,91.99,79.23,72.18,57.28,96.92,81.13333333333337,66.57333333333334,100.0,80.62,80.62
EX24_Medenine_2019_08,Medenine,Medenine,Sud-Est,2019,8,2019-08-15,33.346831,10.505015,640046.01,3690748.96,150,54.0,42.22,48.72,39.96,24.0,88.32,87.51,76.84,95.32,données du projet,94.53,91.99,79.23,38.88,89.94,88.58333333333337,72.78166666666668,79.44,67.54,67.54
EX24_Medenine_2019_09,Medenine,Medenine,Sud-Est,2019,9,2019-09-15,33.343768,10.491507,638793.79,3690391.25,150,54.0,33.38,27.06,45.82,26.69,83.77,81.73,72.63,80.3,données du projet,95.32,94.53,91.99,59.88,81.56,93.9466666666667,82.18833333333333,75.19,59.8,59.8
EX24_Medenine_2019_10,Medenine,Medenine,Sud-Est,2019,10,2019-10-15,33.357427,10.52255,641660.66,3691947.53,150,54.0,27.04,27.19,61.19,37.22,63.29,81.0,39.74,68.94,données du projet,80.3,95.32,94.53,72.18,72.38,90.05000000000003,85.59166666666668,64.36,46.23,46.23
EX24_Medenine_2019_11,Medenine,Medenine,Sud-Est,2019,11,2019-11-15,33.329414,10.484327,638148.25,3688790.09,150,54.0,22.05,42.18,75.12,45.69,38.64,61.09,40.31,51.32,données du projet,68.94,80.3,95.32,79.23,46.22,81.52000000000004,85.05166666666666,53.49,49.24,49.24
EX24_Medenine_2019_12,Medenine,Medenine,Sud-Est,2019,12,2019-12-15,33.336855,10.499947,639590.27,3689636.0,150,54.0,20.9,48.87,72.54,48.54,39.65,67.23,52.67,50.35,données du projet,51.32,68.94,80.3,91.99,39.83,66.85333333333337,80.39999999999999,70.91,46.08,46.08
EX24_Medenine_2020_01,Medenine,Medenine,Sud-Est,2020,1,2020-01-15,33.345961,10.509035,640421.5,3690657.93,150,54.0,17.08,54.33,68.67,58.42,24.71,74.17,47.15,49.36,données du projet,50.35,51.32,68.94,94.53,57.28,56.87000000000003,73.46,34.46,52.4,52.4
EX24_Medenine_2020_02,Medenine,Medenine,Sud-Est,2020,2,2020-02-15,33.382835,10.496536,639199.58,3694729.74,150,54.0,18.17,59.62,61.73,44.54,39.21,59.86,54.26,44.4,données du projet,49.36,50.35,51.32,95.32,38.88,50.34333333333336,65.93166666666667,39.44,58.54,58.54
EX24_Medenine_2020_03,Medenine,Medenine,Sud-Est,2020,3,2020-03-15,33.324837,10.486743,638380.38,3688285.89,150,54.0,25.17,70.65,64.45,38.34,39.89,65.55,46.06,49.89,données du projet,44.4,49.36,50.35,80.3,59.88,48.0366666666667,57.44499999999999,51.14,70.84,70.84
EX24_Medenine_2020_04,Medenine,Medenine,Sud-Est,2020,4,2020-04-15,33.422375,10.57274,646222.07,3699218.58,150,54.0,29.65,46.55,54.34,37.03,65.19,81.18,37.58,65.33,données du projet,49.89,44.4,49.36,68.94,72.18,47.88333333333336,52.376666666666665,63.18,79.41,79.41
EX24_Medenine_2020_05,Medenine,Medenine,Sud-Est,2020,5,2020-05-15,33.329889,10.479747,637721.22,3688836.76,150,54.0,32.84,34.51,48.84,36.2,79.63,76.01,37.73,70.25,données du projet,65.33,49.89,44.4,51.32,79.23,53.206666666666706,51.775,98.35,89.77,89.77
EX24_Medenine_2020_06,Medenine,Medenine,Sud-Est,2020,6,2020-06-15,33.337355,10.581152,647147.38,3689803.15,150,54.0,35.1,18.06,44.96,25.0,82.12,79.62,58.56,81.34,données du projet,70.25,65.33,49.89,50.35,91.99,61.82333333333336,54.93000000000001,85.91,92.21,92.21
EX24_Medenine_2020_07,Medenine,Medenine,Sud-Est,2020,7,2020-07-15,33.368639,10.468554,636618.81,3693118.65,150,54.0,39.96,28.93,34.38,26.53,100.0,75.64,69.5,82.84,données du projet,81.34,70.25,65.33,49.36,94.53,72.30666666666671,60.095,86.81,88.1,88.1
EX24_Medenine_2020_08,Medenine,Medenine,Sud-Est,2020,8,2020-08-15,33.35163,10.492893,638910.33,3691264.88,150,54.0,34.99,13.83,37.4,22.73,100.0,73.81,91.76,89.41,données du projet,82.84,81.34,70.25,44.4,95.32,78.14333333333337,65.675,92.36,71.28,71.28
EX24_Medenine_2020_09,Medenine,Medenine,Sud-Est,2020,9,2020-09-15,33.387738,10.545576,643753.39,3695340.12,150,54.0,32.45,11.62,48.35,32.39,92.88,79.04,72.2,96.39,données du projet,89.41,82.84,81.34,49.89,80.3,84.53000000000003,73.17666666666666,68.37,58.39,58.39
EX24_Medenine_2020_10,Medenine,Medenine,Sud-Est,2020,10,2020-10-15,33.380151,10.485805,638205.63,3694417.91,150,54.0,25.28,35.31,54.11,50.09,47.75,68.89,55.35,68.86,données du projet,96.39,89.41,82.84,65.33,68.94,89.5466666666667,80.92666666666666,50.85,46.76,46.76
EX24_Medenine_2020_11,Medenine,Medenine,Sud-Est,2020,11,2020-11-15,33.461646,10.477245,637280.98,3703442.95,150,54.0,19.15,31.26,62.73,47.24,50.94,68.79,41.96,56.65,données du projet,68.86,96.39,89.41,70.25,51.32,84.8866666666667,81.515,59.15,45.44,45.44
EX24_Medenine_2020_12,Medenine,Medenine,Sud-Est,2020,12,2020-12-15,33.44162,10.536208,642793.73,3701301.86,150,54.0,18.73,58.57,69.2,54.49,42.44,72.42,48.03,51.31,données du projet,56.65,68.86,96.39,81.34,50.35,73.9666666666667,79.24833333333333,47.75,51.27,51.27
EX24_Medenine_2021_01,Medenine,Medenine,Sud-Est,2021,1,2021-01-15,33.405674,10.49706,639211.94,3697262.96,150,54.0,21.69,63.95,73.78,59.94,29.76,69.77,48.32,44.54,données du projet,51.31,56.65,68.86,82.84,49.36,58.94000000000003,74.24333333333333,47.43,59.7,59.7
EX24_Medenine_2021_02,Medenine,Medenine,Sud-Est,2021,2,2021-02-15,33.398994,10.545014,643682.52,3696587.46,150,54.0,21.5,67.21,69.24,55.21,39.27,61.5,44.83,48.16,données du projet,44.54,51.31,56.65,89.41,44.4,50.83333333333337,67.86,56.82,75.32,75.32
EX24_Medenine_2021_03,Medenine,Medenine,Sud-Est,2021,3,2021-03-15,33.317152,10.530039,642423.11,3687491.97,150,54.0,25.67,55.22,61.09,43.57,53.89,74.89,57.9,59.74,données du projet,48.16,44.54,51.31,96.39,49.89,48.003333333333366,60.98499999999999,87.85,82.54,82.54
EX24_Medenine_2021_04,Medenine,Medenine,Sud-Est,2021,4,2021-04-15,33.343617,10.483533,638051.98,3690363.88,150,54.0,29.12,22.72,62.56,37.71,70.11,67.58,52.7,73.78,données du projet,59.74,48.16,44.54,68.86,65.33,50.81333333333336,54.876666666666665,76.94,89.86,89.86
EX24_Medenine_2021_05,Medenine,Medenine,Sud-Est,2021,5,2021-05-15,33.328498,10.505679,640137.2,3688717.07,150,54.0,32.69,32.98,49.98,33.1,76.24,67.8,43.06,82.37,données du projet,73.78,59.74,48.16,56.65,70.25,60.56000000000003,55.696666666666665,80.72,89.08,89.08
EX24_Medenine_2021_06,Medenine,Medenine,Sud-Est,2021,6,2021-06-15,33.370066,10.492046,638802.18,3693307.95,150,54.0,34.9,24.54,43.26,21.52,91.44,77.34,68.99,91.87,données du projet,82.37,73.78,59.74,51.31,81.34,71.96333333333337,59.98333333333334,80.44,89.67,89.67
EX24_Medenine_2021_07,Medenine,Medenine,Sud-Est,2021,7,2021-07-15,33.349241,10.479205,637640.28,3690981.84,150,54.0,38.56,19.86,35.11,15.23,100.0,70.52,79.18,92.63,données du projet,91.87,82.37,73.78,44.54,82.84,82.67333333333336,66.74333333333334,91.02,79.88,79.88
EX24_Medenine_2021_08,Medenine,Medenine,Sud-Est,2021,8,2021-08-15,33.324392,10.482278,637965.47,3688230.61,150,54.0,37.22,28.05,49.61,24.82,100.0,89.03,74.07,90.58,données du projet,92.63,91.87,82.37,48.16,89.41,88.9566666666667,74.75833333333334,89.42,68.58,68.58
EX24_Medenine_2021_09,Medenine,Medenine,Sud-Est,2021,9,2021-09-15,33.400853,10.468525,636565.7,3696690.55,150,54.0,33.43,14.18,55.5,27.13,98.69,75.63,63.01,85.23,données du projet,90.58,92.63,91.87,59.74,96.39,91.69333333333337,81.82833333333333,60.28,60.79,60.79
EX24_Medenine_2021_10,Medenine,Medenine,Sud-Est,2021,10,2021-10-15,33.276526,10.515733,641156.74,3682967.94,150,54.0,26.8,41.04,63.05,46.71,66.89,70.0,42.88,68.94,données du projet,85.23,90.58,92.63,73.78,68.86,89.48000000000002,86.07666666666667,66.32,54.95,54.95
EX24_Medenine_2021_11,Medenine,Medenine,Sud-Est,2021,11,2021-11-15,33.349964,10.524069,641814.11,3691122.13,150,54.0,21.2,47.0,65.13,39.79,46.97,61.5,56.02,61.45,données du projet,68.94,85.23,90.58,82.37,56.65,81.58333333333336,85.27,55.97,55.83,55.83
EX24_Medenine_2021_12,Medenine,Medenine,Sud-Est,2021,12,2021-12-15,33.362828,10.474157,637149.23,3692481.63,150,54.0,20.29,41.62,71.26,58.31,34.21,57.63,49.94,50.61,données du projet,61.45,68.94,85.23,91.87,51.31,71.87333333333335,81.78333333333333,63.8,53.28,53.28
EX24_Medenine_2022_01,Medenine,Medenine,Sud-Est,2022,1,2022-01-15,33.272769,10.497391,639454.44,3682526.73,150,54.0,20.48,88.91,72.66,52.36,27.46,57.39,60.24,55.26,données du projet,50.61,61.45,68.94,92.63,44.54,60.333333333333364,74.90666666666667,49.04,61.17,61.17
EX24_Medenine_2022_02,Medenine,Medenine,Sud-Est,2022,2,2022-02-15,33.360017,10.527369,642104.9,3692241.35,150,54.0,17.48,44.41,65.48,51.35,49.36,73.92,45.29,50.32,données du projet,55.26,50.61,61.45,90.58,48.16,55.77333333333336,68.67833333333333,57.28,67.9,67.9
EX24_Medenine_2022_03,Medenine,Medenine,Sud-Est,2022,3,2022-03-15,33.333281,10.51772,641250.26,3689263.66,150,54.0,26.79,49.42,60.04,42.98,44.11,71.46,41.0,51.92,données du projet,50.32,55.26,50.61,85.23,59.74,52.06333333333336,61.968333333333334,80.24,80.99,80.99
EX24_Medenine_2022_04,Medenine,Medenine,Sud-Est,2022,4,2022-04-15,33.369381,10.507384,640230.3,3693252.49,150,54.0,29.52,48.16,63.9,28.64,62.06,77.02,54.52,74.03,données du projet,51.92,50.32,55.26,68.94,73.78,52.50000000000003,56.416666666666664,79.71,87.96,87.96
EX24_Medenine_2022_05,Medenine,Medenine,Sud-Est,2022,5,2022-05-15,33.338865,10.516314,641110.41,3689880.96,150,54.0,32.26,26.07,50.44,35.72,73.86,74.78,60.19,83.6,données du projet,74.03,51.92,50.32,61.45,82.37,58.756666666666696,57.26500000000001,59.29,88.32,88.32
EX24_Medenine_2022_06,Medenine,Medenine,Sud-Est,2022,6,2022-06-15,33.361005,10.493106,638915.2,3692304.62,150,54.0,40.37,47.64,49.97,32.34,86.14,82.43,78.06,89.06,données du projet,83.6,74.03,51.92,50.61,91.87,69.85000000000002,60.95666666666667,88.08,84.09,84.09
EX24_Medenine_2022_07,Medenine,Medenine,Sud-Est,2022,7,2022-07-15,33.319452,10.500346,639655.15,3687706.86,150,54.0,37.6,12.43,35.71,19.89,91.68,84.41,74.08,91.53,données du projet,89.06,83.6,74.03,55.26,92.63,82.23000000000002,67.365,83.74,82.64,82.64
EX24_Medenine_2022_08,Medenine,Medenine,Sud-Est,2022,8,2022-08-15,33.358015,10.544215,643675.68,3692042.42,150,54.0,36.87,10.2,40.24,27.7,100.0,81.1,72.48,82.82,données du projet,91.53,89.06,83.6,50.32,90.58,88.06333333333338,73.41000000000001,81.71,83.35,83.35
EX24_Medenine_2022_09,Medenine,Medenine,Sud-Est,2022,9,2022-09-15,33.323868,10.43315,633393.17,3688108.54,150,54.0,34.38,15.94,50.85,30.07,99.74,86.19,71.25,89.24,données du projet,82.82,91.53,89.06,51.92,85.23,87.80333333333336,78.82666666666667,76.93,71.95,71.95
EX24_Medenine_2022_10,Medenine,Medenine,Sud-Est,2022,10,2022-10-15,33.356647,10.528728,642236.83,3691869.53,150,54.0,25.81,43.11,62.07,40.03,58.58,69.88,51.94,80.34,données du projet,89.24,82.82,91.53,74.03,68.94,87.86333333333334,85.04666666666667,84.23,65.0,65.0
EX24_Medenine_2022_11,Medenine,Medenine,Sud-Est,2022,11,2022-11-15,33.345806,10.491097,638752.45,3690616.64,150,54.0,22.7,52.37,70.68,37.9,54.92,69.51,52.08,74.42,données du projet,80.34,89.24,82.82,83.6,61.45,84.13333333333337,86.09833333333334,78.54,57.72,57.72
EX24_Medenine_2022_12,Medenine,Medenine,Sud-Est,2022,12,2022-12-15,33.32797,10.461687,636043.16,3688600.25,150,54.0,19.28,36.74,71.08,46.57,42.46,53.32,55.06,65.87,données du projet,74.42,80.34,89.24,89.06,50.61,81.33333333333337,84.56833333333333,56.73,57.54,57.54
EX24_Medenine_2023_01,Medenine,Medenine,Sud-Est,2023,1,2023-01-15,33.347683,10.54261,643543.23,3690894.63,150,54.0,20.97,57.03,63.62,62.67,40.38,65.49,42.02,56.38,données du projet,65.87,74.42,80.34,91.53,55.26,73.54333333333336,80.70333333333333,55.72,66.79,66.79
EX24_Medenine_2023_02,Medenine,Medenine,Sud-Est,2023,2,2023-02-15,33.386845,10.498698,639394.31,3695177.3,150,54.0,22.07,90.66,72.24,52.73,38.02,62.72,39.05,60.75,données du projet,56.38,65.87,74.42,82.82,50.32,65.5566666666667,74.84500000000001,51.92,65.07,65.07
EX24_Medenine_2023_03,Medenine,Medenine,Sud-Est,2023,3,2023-03-15,33.350811,10.548945,644127.67,3691250.16,150,54.0,25.33,45.28,56.81,48.12,43.53,66.41,57.82,56.61,données du projet,60.75,56.38,65.87,89.24,51.92,61.00000000000003,71.16666666666667,54.3,73.42,73.42
EX24_Medenine_2023_04,Medenine,Medenine,Sud-Est,2023,4,2023-04-15,33.350465,10.528912,642263.97,3691184.27,150,54.0,29.48,49.3,59.93,37.93,66.2,78.4,50.41,73.16,données du projet,56.61,60.75,56.38,80.34,74.03,57.91333333333336,65.72833333333334,61.39,85.94,85.94
EX24_Medenine_2023_05,Medenine,Medenine,Sud-Est,2023,5,2023-05-15,33.350441,10.491458,638778.64,3691131.08,150,54.0,31.61,17.5,56.15,27.4,71.69,71.69,57.89,71.24,données du projet,73.16,56.61,60.75,74.42,83.6,63.506666666666696,64.53166666666667,60.64,94.12,94.12
EX24_Medenine_2023_06,Medenine,Medenine,Sud-Est,2023,6,2023-06-15,33.367939,10.513883,640837.22,3693101.39,150,54.0,40.24,39.96,42.94,19.15,76.79,84.33,91.65,82.8,données du projet,71.24,73.16,56.61,65.87,89.06,67.00333333333337,64.00166666666667,87.0,93.76,93.76
EX24_Medenine_2023_07,Medenine,Medenine,Sud-Est,2023,7,2023-07-15,33.409898,10.454012,635201.97,3697674.46,150,54.0,35.78,5.03,43.96,16.42,97.67,80.12,75.04,92.26,données du projet,82.8,71.24,73.16,56.38,91.53,75.73333333333336,66.82333333333332,87.28,82.43,82.43
EX24_Medenine_2023_08,Medenine,Medenine,Sud-Est,2023,8,2023-08-15,33.427187,10.518018,641126.14,3699676.53,150,54.0,36.64,10.79,38.88,22.23,95.69,85.36,83.67,98.47,données du projet,92.26,82.8,71.24,60.75,82.82,82.10000000000002,72.80333333333333,77.69,65.04,65.04
EX24_Medenine_2023_09,Medenine,Medenine,Sud-Est,2023,9,2023-09-15,33.396001,10.45276,635107.08,3696132.0,150,54.0,33.79,20.07,58.49,44.21,71.01,72.16,71.3,86.79,données du projet,98.47,92.26,82.8,56.61,89.24,91.17666666666669,79.08999999999999,61.56,48.29,48.29
EX24_Medenine_2023_10,Medenine,Medenine,Sud-Est,2023,10,2023-10-15,33.411279,10.460783,635829.45,3697836.42,150,54.0,26.83,41.22,64.77,41.29,71.71,65.64,30.71,63.73,données du projet,86.79,98.47,92.26,73.16,80.34,92.5066666666667,84.12,66.61,47.46,47.46
EX24_Medenine_2023_11,Medenine,Medenine,Sud-Est,2023,11,2023-11-15,33.328307,10.521173,641579.71,3688716.87,150,54.0,23.53,52.66,57.91,51.57,35.38,62.77,36.49,50.91,données du projet,63.73,86.79,98.47,71.24,74.42,82.9966666666667,82.54833333333333,49.37,56.14,56.14
EX24_Medenine_2023_12,Medenine,Medenine,Sud-Est,2023,12,2023-12-15,33.30222,10.511096,640683.62,3685810.63,150,54.0,19.19,36.75,64.79,53.53,41.96,58.79,58.36,43.59,données du projet,50.91,63.73,86.79,82.8,65.87,67.14333333333336,79.16,67.66,58.34,58.34
EX24_Medenine_2024_01,Medenine,Medenine,Sud-Est,2024,1,2024-01-15,33.305066,10.476955,637500.31,3686080.65,150,54.0,19.24,52.51,65.31,53.26,51.29,55.9,34.29,61.87,données du projet,43.59,50.91,63.73,92.26,56.38,52.74333333333336,72.625,56.8,58.33,58.33
EX24_Medenine_2024_02,Medenine,Medenine,Sud-Est,2024,2,2024-02-15,33.361198,10.498028,639372.9,3692332.63,150,54.0,17.69,60.77,65.23,41.92,38.18,77.22,39.1,48.11,données du projet,61.87,43.59,50.91,98.47,60.75,52.12333333333336,67.56,65.49,67.96,67.96
EX24_Medenine_2024_03,Medenine,Medenine,Sud-Est,2024,3,2024-03-15,33.392625,10.506854,640143.72,3695829.13,150,54.0,25.16,55.29,60.51,30.4,41.68,79.52,49.96,63.22,données du projet,48.11,61.87,43.59,86.79,56.61,51.19000000000003,59.166666666666664,60.1,76.12,76.12
EX24_Medenine_2024_04,Medenine,Medenine,Sud-Est,2024,4,2024-04-15,33.345755,10.491948,638831.65,3690612.19,150,54.0,32.0,33.32,50.18,31.04,70.01,61.61,56.38,61.32,données du projet,63.22,48.11,61.87,63.73,73.16,57.73333333333337,55.23833333333334,79.48,79.22,79.22
EX24_Medenine_2024_05,Medenine,Medenine,Sud-Est,2024,5,2024-05-15,33.360926,10.418254,631950.69,3692198.53,150,54.0,31.95,62.46,45.27,30.84,74.94,81.69,33.77,75.33,données du projet,61.32,63.22,48.11,50.91,71.24,57.55000000000003,54.836666666666666,89.74,81.11,81.11
EX24_Medenine_2024_06,Medenine,Medenine,Sud-Est,2024,6,2024-06-15,33.374962,10.471616,636893.83,3693823.75,150,54.0,37.28,9.31,44.38,29.27,87.94,81.44,88.09,83.23,données du projet,75.33,61.32,63.22,43.59,82.8,66.62333333333335,58.906666666666666,75.81,81.98,81.98
EX24_Medenine_2024_07,Medenine,Medenine,Sud-Est,2024,7,2024-07-15,33.380424,10.52321,641684.83,3694498.48,150,54.0,37.75,33.76,39.67,24.32,94.18,72.54,65.25,83.96,données du projet,83.23,75.33,61.32,61.87,92.26,73.29333333333336,65.51333333333334,73.8,84.2,84.2
EX24_Medenine_2024_08,Medenine,Medenine,Sud-Est,2024,8,2024-08-15,33.325179,10.492525,638918.07,3688331.43,150,54.0,38.19,2.67,41.81,26.56,100.0,89.03,72.53,86.18,données du projet,83.96,83.23,75.33,48.11,98.47,80.84000000000003,69.19500000000001,82.56,69.7,69.7
EX24_Medenine_2024_09,Medenine,Medenine,Sud-Est,2024,9,2024-09-15,33.328186,10.581752,647218.69,3688787.31,150,54.0,32.94,29.63,43.43,42.05,86.28,77.95,75.81,82.52,données du projet,86.18,83.96,83.23,63.22,86.79,84.45666666666669,75.54,71.42,60.0,60.0
EX24_Medenine_2024_10,Medenine,Medenine,Sud-Est,2024,10,2024-10-15,33.383897,10.469262,636660.84,3694811.39,150,54.0,24.9,36.72,65.74,39.9,64.75,69.83,42.88,74.17,données du projet,82.52,86.18,83.96,61.32,63.73,84.22000000000001,78.75666666666666,51.68,48.42,48.42
EX24_Medenine_2024_11,Medenine,Medenine,Sud-Est,2024,11,2024-11-15,33.301221,10.525953,642068.51,3685719.95,150,54.0,23.74,37.47,62.75,50.33,52.63,66.48,46.77,55.46,données du projet,74.17,82.52,86.18,75.33,50.91,80.95666666666669,80.89833333333333,43.61,48.95,48.95
EX24_Medenine_2024_12,Medenine,Medenine,Sud-Est,2024,12,2024-12-15,33.399627,10.506548,640104.01,3696605.16,150,54.0,16.91,55.61,69.66,52.02,26.15,72.6,45.65,47.91,données du projet,55.46,74.17,82.52,83.23,43.59,70.71666666666668,77.58666666666666,59.42,53.7,53.7
EX24_Medenine_2025_01,Medenine,Medenine,Sud-Est,2025,1,2025-01-15,33.375468,10.513708,640808.84,3693936.05,150,54.0,19.4,51.65,71.92,53.25,32.63,67.41,41.26,46.25,données du projet,47.91,55.46,74.17,83.96,61.87,59.180000000000014,71.7,55.62,67.63,67.63
EX24_Medenine_2025_02,Medenine,Medenine,Sud-Est,2025,2,2025-02-15,33.32355,10.46923,636752.23,3688120.0,150,54.0,19.13,68.5,78.51,52.91,41.3,65.08,33.08,52.85,données du projet,46.25,47.91,55.46,86.18,48.11,49.873333333333356,65.415,72.03,71.21,71.21
EX24_Medenine_2025_03,Medenine,Medenine,Sud-Est,2025,3,2025-03-15,33.396732,10.527582,642064.92,3696312.62,150,54.0,23.38,49.85,53.07,45.79,56.53,66.66,48.8,62.95,données du projet,52.85,46.25,47.91,82.52,63.22,49.00333333333335,59.85999999999999,67.08,80.24,80.24
EX24_Medenine_2025_04,Medenine,Medenine,Sud-Est,2025,4,2025-04-15,33.313004,10.554154,644674.85,3687065.25,150,54.0,28.27,17.94,54.3,37.78,73.69,71.25,48.53,75.81,données du projet,62.95,52.85,46.25,74.17,61.32,54.01666666666669,56.598333333333336,61.25,87.52,87.52
EX24_Medenine_2025_05,Medenine,Medenine,Sud-Est,2025,5,2025-05-15,33.371682,10.522169,641602.14,3693527.7,150,54.0,30.91,32.97,59.28,28.32,72.07,75.16,60.66,73.38,données du projet,75.81,62.95,52.85,55.46,75.33,63.870000000000026,56.87166666666667,95.77,98.44,98.44
EX24_Medenine_2025_06,Medenine,Medenine,Sud-Est,2025,6,2025-06-15,33.3464,10.484795,638164.96,3690674.17,150,54.0,34.63,15.88,40.98,21.86,91.73,92.45,64.43,91.62,données du projet,73.38,75.81,62.95,47.91,83.23,70.71333333333335,59.85833333333334,100.0,96.45,96.45
EX24_Medenine_2025_07,Medenine,Medenine,Sud-Est,2025,7,2025-07-15,33.349468,10.503249,639877.44,3691038.97,150,54.0,39.27,4.82,34.46,7.31,100.0,85.95,70.9,91.37,données du projet,91.62,73.38,75.81,46.25,83.96,80.27000000000002,67.14333333333333,89.41,83.03,83.03
EX24_Medenine_2025_08,Medenine,Medenine,Sud-Est,2025,8,2025-08-15,33.343679,10.490778,638726.11,3690380.38,150,54.0,38.85,12.13,46.63,27.0,100.0,91.8,65.41,96.35,données du projet,91.37,91.62,73.38,52.85,86.18,85.45666666666669,74.66333333333334,93.84,76.07,76.07
EX24_Medenine_2025_09,Medenine,Medenine,Sud-Est,2025,9,2025-09-15,33.309903,10.531619,642581.96,3686690.34,150,54.0,32.51,25.65,48.81,31.0,85.0,75.68,76.25,91.34,données du projet,96.35,91.37,91.62,62.95,82.52,93.11333333333334,81.91333333333333,62.83,63.32,63.32
EX24_Monastir_2017_01,Monastir,Monastir,Centre-Est,2017,1,2017-01-15,35.771334,10.783707,661232.38,3960053.83,850,82.0,14.02,80.62,82.79,66.06,22.16,70.35,71.77,43.95,données du projet,54.92,56.8,57.01,88.92,29.19,56.24333333333336,71.25833333333334,25.47,46.16,46.16
EX24_Monastir_2017_02,Monastir,Monastir,Centre-Est,2017,2,2017-02-15,35.783947,10.807293,663338.81,3961492.03,850,82.0,14.26,81.84,82.44,68.04,22.52,76.85,66.55,34.28,données du projet,43.95,54.92,56.8,87.99,29.43,51.890000000000036,63.76333333333333,61.68,55.86,55.86
EX24_Monastir_2017_03,Monastir,Monastir,Centre-Est,2017,3,2017-03-15,35.738847,10.801613,662917.32,3956479.73,850,82.0,19.08,51.79,69.96,61.56,51.54,69.43,78.77,50.14,données du projet,34.28,43.95,54.92,81.91,39.18,44.38333333333336,54.81166666666667,49.97,66.54,66.54
EX24_Monastir_2017_04,Monastir,Monastir,Centre-Est,2017,4,2017-04-15,35.773808,10.776019,660532.39,3960315.68,850,82.0,24.13,39.92,64.02,47.03,58.9,86.13,59.62,56.94,données du projet,50.14,34.28,43.95,57.01,58.52,42.79000000000003,49.51666666666667,55.61,73.14,73.14
EX24_Monastir_2017_05,Monastir,Monastir,Centre-Est,2017,5,2017-05-15,35.747409,10.807882,663466.81,3957440.01,850,82.0,26.8,34.89,59.95,47.34,63.82,91.51,68.62,66.1,données du projet,56.94,50.14,34.28,56.8,70.28,47.120000000000026,49.504999999999995,73.32,75.44,75.44
EX24_Monastir_2017_06,Monastir,Monastir,Centre-Est,2017,6,2017-06-15,35.786765,10.839541,666247.72,3961858.93,850,82.0,33.38,29.81,49.68,53.02,74.95,91.45,74.88,72.22,données du projet,66.1,56.94,50.14,54.92,71.95,57.72666666666669,51.05500000000001,91.6,81.05,81.05
EX24_Monastir_2017_07,Monastir,Monastir,Centre-Est,2017,7,2017-07-15,35.803376,10.797175,662384.69,3963630.45,850,82.0,33.24,13.76,59.69,34.69,86.0,100.0,88.74,78.71,données du projet,72.22,66.1,56.94,43.95,88.92,65.08666666666669,53.93833333333333,65.33,75.26,75.26
EX24_Monastir_2017_08,Monastir,Monastir,Centre-Est,2017,8,2017-08-15,35.742331,10.807228,663418.09,3956875.57,850,82.0,31.54,3.03,46.22,33.79,92.43,92.99,80.15,82.24,données du projet,78.71,72.22,66.1,34.28,87.99,72.34333333333336,59.73166666666666,65.87,65.47,65.47
EX24_Monastir_2017_09,Monastir,Monastir,Centre-Est,2017,9,2017-09-15,35.789673,10.771556,660097.13,3962068.23,850,82.0,30.88,37.3,57.52,56.19,63.4,98.17,79.26,79.49,données du projet,82.24,78.71,72.22,50.14,81.91,77.72333333333336,67.725,58.99,50.77,50.77
EX24_Monastir_2017_10,Monastir,Monastir,Centre-Est,2017,10,2017-10-15,35.770779,10.784113,661270.27,3959992.99,850,82.0,21.53,59.81,68.1,65.61,48.78,90.92,52.07,63.5,données du projet,79.49,82.24,78.71,56.94,57.01,80.14666666666669,72.61666666666666,47.4,50.26,50.26
EX24_Monastir_2017_11,Monastir,Monastir,Centre-Est,2017,11,2017-11-15,35.755862,10.821509,664681.66,3958400.47,850,82.0,16.63,65.64,79.42,63.02,42.58,68.93,69.26,52.18,données du projet,63.5,79.49,82.24,66.1,56.8,75.0766666666667,73.71,60.52,52.51,52.51
EX24_Monastir_2017_12,Monastir,Monastir,Centre-Est,2017,12,2017-12-15,35.790243,10.740828,657318.84,3962081.68,850,82.0,12.77,93.6,87.25,69.9,28.55,76.46,53.05,51.69,données du projet,52.18,63.5,79.49,72.22,54.92,65.05666666666669,71.39,39.14,44.41,44.41
EX24_Monastir_2018_01,Monastir,Monastir,Centre-Est,2018,1,2018-01-15,35.761402,10.795365,662306.49,3958971.39,850,82.0,16.13,87.9,83.6,65.33,30.66,75.71,65.11,44.28,données du projet,51.69,52.18,63.5,78.71,43.95,55.79000000000003,67.96833333333333,62.9,54.03,54.03
EX24_Monastir_2018_02,Monastir,Monastir,Centre-Est,2018,2,2018-02-15,35.75766,10.851482,667388.06,3958650.64,850,82.0,14.84,70.47,84.6,72.66,21.86,82.32,71.08,46.86,données du projet,44.28,51.69,52.18,82.24,34.28,49.38333333333336,62.23,52.93,58.47,58.47
EX24_Monastir_2018_03,Monastir,Monastir,Centre-Est,2018,3,2018-03-15,35.768148,10.847829,667035.76,3959807.83,850,82.0,22.75,64.14,71.72,58.98,46.6,95.04,75.86,47.03,données du projet,46.86,44.28,51.69,79.49,50.14,47.61000000000002,56.333333333333336,61.66,71.25,71.25
EX24_Monastir_2018_04,Monastir,Monastir,Centre-Est,2018,4,2018-04-15,35.738889,10.853536,667613.14,3956571.97,850,82.0,25.72,78.97,66.28,54.25,46.12,85.39,63.32,61.25,données du projet,47.03,46.86,44.28,63.5,56.94,46.05666666666669,50.923333333333325,71.52,76.92,76.92
EX24_Monastir_2018_05,Monastir,Monastir,Centre-Est,2018,5,2018-05-15,35.78172,10.771945,660148.28,3961186.62,850,82.0,27.86,57.02,59.91,48.74,72.29,83.5,61.93,68.82,données du projet,61.25,47.03,46.86,52.18,66.1,51.71333333333336,50.548333333333325,80.95,82.28,82.28
EX24_Monastir_2018_06,Monastir,Monastir,Centre-Est,2018,6,2018-06-15,35.782172,10.831823,665559.69,3961336.36,850,82.0,33.8,14.79,54.6,52.88,92.64,100.0,94.77,82.21,données du projet,68.82,61.25,47.03,51.69,72.22,59.03333333333336,53.321666666666665,75.92,80.94,80.94
EX24_Monastir_2018_07,Monastir,Monastir,Centre-Est,2018,7,2018-07-15,35.806619,10.847084,666888.01,3964074.15,850,82.0,35.2,10.5,50.17,42.06,81.7,93.02,94.29,81.77,données du projet,82.21,68.82,61.25,44.28,78.71,70.76000000000003,58.40833333333333,100.0,67.74,67.74
EX24_Monastir_2018_08,Monastir,Monastir,Centre-Est,2018,8,2018-08-15,35.805833,10.781194,660935.61,3963876.62,850,82.0,31.98,23.63,56.07,43.7,98.77,90.8,100.0,89.71,données du projet,81.77,82.21,68.82,46.86,82.24,77.60000000000002,64.65666666666665,76.95,55.7,55.7
EX24_Monastir_2018_09,Monastir,Monastir,Centre-Est,2018,9,2018-09-15,35.754667,10.809431,663592.0,3958247.69,850,82.0,28.88,31.47,64.32,47.2,64.56,96.63,95.0,72.88,données du projet,89.71,81.77,82.21,47.03,79.49,84.56333333333335,71.79833333333333,54.3,47.98,47.98
EX24_Monastir_2018_10,Monastir,Monastir,Centre-Est,2018,10,2018-10-15,35.732647,10.757555,658945.19,3955719.7,850,82.0,23.21,60.49,70.39,47.92,41.21,87.93,69.98,56.03,données du projet,72.88,89.71,81.77,61.25,63.5,81.45333333333336,76.10666666666667,67.75,42.97,42.97
EX24_Monastir_2018_11,Monastir,Monastir,Centre-Est,2018,11,2018-11-15,35.759891,10.811628,663779.94,3958830.78,850,82.0,19.04,110.56,80.77,67.19,30.96,78.67,68.34,48.23,données du projet,56.03,72.88,89.71,68.82,52.18,72.87333333333335,75.23666666666666,49.49,42.68,42.68
EX24_Monastir_2018_12,Monastir,Monastir,Centre-Est,2018,12,2018-12-15,35.748994,10.838906,666268.99,3957667.94,850,82.0,15.25,96.46,90.8,81.21,23.17,80.87,69.62,40.94,données du projet,48.23,56.03,72.88,82.21,51.69,59.0466666666667,71.80499999999999,41.86,45.92,45.92
EX24_Monastir_2019_01,Monastir,Monastir,Centre-Est,2019,1,2019-01-15,35.782145,10.818509,664356.29,3961310.93,850,82.0,15.42,87.02,90.33,77.34,31.18,65.64,65.33,46.87,données du projet,40.94,48.23,56.03,81.77,44.28,48.40000000000003,64.92666666666666,51.42,48.86,48.86
EX24_Monastir_2019_02,Monastir,Monastir,Centre-Est,2019,2,2019-02-15,35.765384,10.824628,664944.01,3959461.96,850,82.0,15.74,74.23,80.11,74.23,40.22,93.14,69.46,43.27,données du projet,46.87,40.94,48.23,89.71,46.86,45.34666666666669,59.10999999999999,53.74,58.61,58.61
EX24_Monastir_2019_03,Monastir,Monastir,Centre-Est,2019,3,2019-03-15,35.831454,10.821484,664523.44,3966785.68,850,82.0,22.27,59.53,70.09,68.99,40.65,77.92,49.71,44.85,données du projet,43.27,46.87,40.94,72.88,47.03,43.693333333333364,51.37,56.45,76.18,76.18
EX24_Monastir_2019_04,Monastir,Monastir,Centre-Est,2019,4,2019-04-15,35.804355,10.830077,665355.86,3963794.11,850,82.0,24.61,56.19,67.42,59.32,53.55,85.13,68.5,61.36,données du projet,44.85,43.27,46.87,56.03,61.25,44.9966666666667,46.69833333333333,59.22,81.02,81.02
EX24_Monastir_2019_05,Monastir,Monastir,Centre-Est,2019,5,2019-05-15,35.773862,10.792944,662062.29,3960349.55,850,82.0,29.22,28.29,55.54,44.37,68.16,84.73,64.28,74.19,données du projet,61.36,44.85,43.27,48.23,68.82,49.82666666666669,47.586666666666666,81.48,83.1,83.1
EX24_Monastir_2019_06,Monastir,Monastir,Centre-Est,2019,6,2019-06-15,35.845512,10.828323,665112.08,3968356.69,850,82.0,31.38,25.6,46.59,47.51,96.11,100.0,73.29,84.48,données du projet,74.19,61.36,44.85,40.94,82.21,60.13333333333336,51.913333333333334,100.0,78.98,78.98
EX24_Monastir_2019_07,Monastir,Monastir,Centre-Est,2019,7,2019-07-15,35.727264,10.795044,662346.77,3955184.04,850,82.0,37.28,4.82,48.99,44.17,91.84,100.0,100.0,80.11,données du projet,84.48,74.19,61.36,46.87,81.77,73.34333333333336,59.169999999999995,92.32,69.36,69.36
EX24_Monastir_2019_08,Monastir,Monastir,Centre-Est,2019,8,2019-08-15,35.728433,10.743188,657654.1,3955229.06,850,82.0,33.96,0.0,56.42,38.89,99.16,99.91,90.85,82.43,données du projet,80.11,84.48,74.19,43.27,89.71,79.59333333333336,64.71,82.68,61.16,61.16
EX24_Monastir_2019_09,Monastir,Monastir,Centre-Est,2019,9,2019-09-15,35.741463,10.724713,655957.58,3956644.96,850,82.0,29.07,52.99,58.46,47.18,72.37,84.79,95.66,71.82,données du projet,82.43,80.11,84.48,44.85,72.88,82.34000000000003,71.23666666666666,56.89,52.67,52.67
EX24_Monastir_2019_10,Monastir,Monastir,Centre-Est,2019,10,2019-10-15,35.727037,10.784385,661383.17,3955141.23,850,82.0,21.43,54.01,72.7,58.01,45.68,85.69,62.94,59.91,données du projet,71.82,82.43,80.11,61.36,56.03,78.12000000000002,75.73166666666667,55.55,47.23,47.23
EX24_Monastir_2019_11,Monastir,Monastir,Centre-Est,2019,11,2019-11-15,35.789547,10.870099,669003.82,3962219.88,850,82.0,18.15,100.15,77.75,73.26,29.76,87.69,61.55,48.58,données du projet,59.91,71.82,82.43,74.19,48.23,71.3866666666667,75.49,57.05,47.96,47.96
EX24_Monastir_2019_12,Monastir,Monastir,Centre-Est,2019,12,2019-12-15,35.755445,10.841498,666489.91,3958388.0,850,82.0,16.32,82.77,82.49,69.59,22.57,86.6,59.68,52.18,données du projet,48.58,59.91,71.82,84.48,40.94,60.10333333333335,71.22166666666668,48.2,52.54,52.54
EX24_Monastir_2020_01,Monastir,Monastir,Centre-Est,2020,1,2020-01-15,35.7019,10.841734,666622.74,3952448.77,850,82.0,15.39,109.93,81.61,66.67,14.71,74.64,58.4,43.6,données du projet,52.18,48.58,59.91,80.11,46.87,53.55666666666669,65.83833333333334,35.46,55.48,55.48
EX24_Monastir_2020_02,Monastir,Monastir,Centre-Est,2020,2,2020-02-15,35.757006,10.790071,661836.79,3958474.97,850,82.0,16.21,99.36,78.83,61.96,29.87,76.67,72.26,49.65,données du projet,43.6,52.18,48.58,82.43,43.27,48.120000000000026,59.75333333333333,76.95,67.48,67.48
EX24_Monastir_2020_03,Monastir,Monastir,Centre-Est,2020,3,2020-03-15,35.770036,10.789732,661779.74,3959919.83,850,82.0,19.6,63.57,68.34,64.94,30.53,79.69,70.19,55.92,données du projet,49.65,43.6,52.18,71.82,44.85,48.476666666666695,54.29,69.54,78.93,78.93
EX24_Monastir_2020_04,Monastir,Monastir,Centre-Est,2020,4,2020-04-15,35.797182,10.796957,662377.66,3962942.98,850,82.0,25.43,47.78,64.89,64.12,51.02,85.72,62.06,62.28,données du projet,55.92,49.65,43.6,59.91,61.36,49.72333333333336,51.63999999999999,90.72,79.97,79.97
EX24_Monastir_2020_05,Monastir,Monastir,Centre-Est,2020,5,2020-05-15,35.807026,10.7847,661250.0,3964014.77,850,82.0,27.84,47.34,64.55,43.27,63.56,84.07,63.81,79.13,données du projet,62.28,55.92,49.65,48.58,74.19,55.950000000000024,52.035,66.73,79.13,79.13
EX24_Monastir_2020_06,Monastir,Monastir,Centre-Est,2020,6,2020-06-15,35.788176,10.843607,666612.27,3962022.41,850,82.0,32.39,18.03,62.65,37.43,84.68,85.46,85.34,84.65,données du projet,79.13,62.28,55.92,52.18,84.48,65.77666666666669,57.126666666666665,75.19,87.04,87.04
EX24_Monastir_2020_07,Monastir,Monastir,Centre-Est,2020,7,2020-07-15,35.794073,10.789625,661721.31,3962586.05,850,82.0,33.39,6.9,49.0,41.28,100.0,100.0,85.78,80.33,données du projet,84.65,79.13,62.28,43.6,80.11,75.35333333333337,62.538333333333334,91.92,76.88,76.88
EX24_Monastir_2020_08,Monastir,Monastir,Centre-Est,2020,8,2020-08-15,35.761833,10.775307,660492.13,3958986.18,850,82.0,32.83,18.22,45.28,55.26,87.38,93.28,89.33,84.34,données du projet,80.33,84.65,79.13,49.65,82.43,81.37000000000002,68.66,86.77,65.66,65.66
EX24_Monastir_2020_09,Monastir,Monastir,Centre-Est,2020,9,2020-09-15,35.764155,10.859218,668073.81,3959384.46,850,82.0,28.05,46.03,59.77,51.35,79.38,100.0,89.58,86.43,données du projet,84.34,80.33,84.65,55.92,71.82,83.1066666666667,74.44166666666668,62.89,48.99,48.99
EX24_Monastir_2020_10,Monastir,Monastir,Centre-Est,2020,10,2020-10-15,35.788827,10.854956,667636.73,3962113.9,850,82.0,23.53,66.32,68.94,59.23,45.74,86.96,48.48,59.53,données du projet,86.43,84.34,80.33,62.28,59.91,83.70000000000003,79.52666666666667,54.61,42.24,42.24
EX24_Monastir_2020_11,Monastir,Monastir,Centre-Est,2020,11,2020-11-15,35.733222,10.817097,664329.28,3955881.66,850,82.0,19.8,68.11,77.98,66.6,32.4,89.29,59.13,56.06,données du projet,59.53,86.43,84.34,79.13,48.58,76.76666666666671,79.06833333333334,36.97,44.53,44.53
EX24_Monastir_2020_12,Monastir,Monastir,Centre-Est,2020,12,2020-12-15,35.755423,10.862941,668428.86,3958422.17,850,82.0,14.07,91.99,84.78,66.98,16.47,76.87,62.32,40.97,données du projet,56.06,59.53,86.43,84.65,52.18,67.34000000000003,75.22333333333333,25.34,44.47,44.47
EX24_Monastir_2021_01,Monastir,Monastir,Centre-Est,2021,1,2021-01-15,35.749578,10.754359,658622.51,3957592.63,850,82.0,14.21,101.46,77.49,75.54,30.53,81.4,74.84,38.21,données du projet,40.97,56.06,59.53,80.33,43.6,52.186666666666696,67.94333333333334,32.01,52.45,52.45
EX24_Monastir_2021_02,Monastir,Monastir,Centre-Est,2021,2,2021-02-15,35.779434,10.803391,662995.28,3960984.96,850,82.0,15.57,66.88,80.85,72.86,26.75,84.7,63.26,46.01,données du projet,38.21,40.97,56.06,84.34,49.65,45.080000000000034,60.92333333333334,46.18,57.47,57.47
EX24_Monastir_2021_03,Monastir,Monastir,Centre-Est,2021,3,2021-03-15,35.762195,10.780144,660928.72,3959034.25,850,82.0,19.88,56.18,72.46,59.04,50.97,87.52,60.78,48.33,données du projet,46.01,38.21,40.97,86.43,55.92,41.730000000000025,54.535,59.73,61.11,61.11
EX24_Monastir_2021_04,Monastir,Monastir,Centre-Est,2021,4,2021-04-15,35.800775,10.760817,659104.44,3963282.27,850,82.0,25.31,34.32,68.94,48.64,50.57,93.92,60.97,63.82,données du projet,48.33,46.01,38.21,59.53,62.28,44.18333333333336,48.185,66.52,71.09,71.09
EX24_Monastir_2021_05,Monastir,Monastir,Centre-Est,2021,5,2021-05-15,35.685291,10.805885,663413.03,3950546.07,850,82.0,26.94,31.92,56.17,52.41,65.66,84.88,68.73,60.48,données du projet,63.82,48.33,46.01,56.06,79.13,52.72000000000003,48.900000000000006,78.23,84.08,84.08
EX24_Monastir_2021_06,Monastir,Monastir,Centre-Est,2021,6,2021-06-15,35.808658,10.854441,667548.46,3964312.95,850,82.0,29.58,58.73,55.12,47.08,82.06,92.63,86.74,69.39,données du projet,60.48,63.82,48.33,40.97,84.65,57.54333333333336,49.63666666666666,89.86,79.1,79.1
EX24_Monastir_2021_07,Monastir,Monastir,Centre-Est,2021,7,2021-07-15,35.753079,10.830514,665501.66,3958106.86,850,82.0,33.43,5.56,50.42,40.53,85.54,100.0,100.0,78.48,données du projet,69.39,60.48,63.82,38.21,80.33,64.56333333333336,54.373333333333335,80.8,74.58,74.58
EX24_Monastir_2021_08,Monastir,Monastir,Centre-Est,2021,8,2021-08-15,35.76834,10.812841,663872.27,3959770.04,850,82.0,33.13,16.86,52.21,46.15,84.99,100.0,95.75,89.83,données du projet,78.48,69.39,60.48,46.01,84.34,69.45000000000003,61.085,61.11,60.19,60.19
EX24_Monastir_2021_09,Monastir,Monastir,Centre-Est,2021,9,2021-09-15,35.774845,10.74727,657931.52,3960383.93,850,82.0,27.16,42.9,57.66,44.6,62.3,89.15,80.65,71.37,données du projet,89.83,78.48,69.39,48.33,86.43,79.23333333333336,68.38833333333334,64.42,45.36,45.36
EX24_Monastir_2021_10,Monastir,Monastir,Centre-Est,2021,10,2021-10-15,35.791536,10.854406,667581.29,3962413.52,850,82.0,24.61,101.7,70.82,53.03,35.9,77.78,67.49,55.86,données du projet,71.37,89.83,78.48,63.82,59.53,79.89333333333336,72.22833333333334,36.14,42.2,42.2
EX24_Monastir_2021_11,Monastir,Monastir,Centre-Est,2021,11,2021-11-15,35.788568,10.800182,662686.62,3961992.88,850,82.0,17.81,89.94,83.8,69.74,24.7,69.98,66.71,46.95,données du projet,55.86,71.37,89.83,60.48,56.06,72.35333333333337,70.90166666666666,54.48,36.72,36.72
EX24_Monastir_2021_12,Monastir,Monastir,Centre-Est,2021,12,2021-12-15,35.707057,10.791779,662092.38,3952937.12,850,82.0,14.1,88.49,78.17,76.35,24.29,66.73,53.66,39.77,données du projet,46.95,55.86,71.37,69.39,40.97,58.06000000000003,68.64666666666666,34.28,39.73,39.73
EX24_Monastir_2022_01,Monastir,Monastir,Centre-Est,2022,1,2022-01-15,35.77008,10.815296,664090.67,3959967.17,850,82.0,14.5,91.23,88.8,74.39,17.86,90.39,61.42,34.3,données du projet,39.77,46.95,55.86,78.48,38.21,47.5266666666667,63.71000000000001,40.28,51.05,51.05
EX24_Monastir_2022_02,Monastir,Monastir,Centre-Est,2022,2,2022-02-15,35.756823,10.857182,667905.21,3958567.58,850,82.0,14.87,80.48,82.97,68.44,26.09,82.59,76.16,37.37,données du projet,34.3,39.77,46.95,89.83,46.01,40.34000000000003,56.34666666666667,51.61,62.46,62.46
EX24_Monastir_2022_03,Monastir,Monastir,Centre-Est,2022,3,2022-03-15,35.761541,10.864015,668513.05,3959102.69,850,82.0,22.28,66.16,73.86,54.03,49.99,92.42,54.27,47.66,données du projet,37.37,34.3,39.77,71.37,48.33,37.1466666666667,47.60333333333333,55.76,70.09,70.09
EX24_Monastir_2022_04,Monastir,Monastir,Centre-Est,2022,4,2022-04-15,35.77079,10.821499,664649.93,3960056.37,850,82.0,24.11,34.24,66.83,48.42,64.36,94.94,76.6,67.39,données du projet,47.66,37.37,34.3,55.86,63.82,39.77666666666669,43.651666666666664,90.04,73.33,73.33
EX24_Monastir_2022_05,Monastir,Monastir,Centre-Est,2022,5,2022-05-15,35.728743,10.851625,667461.52,3955443.22,850,82.0,25.13,40.3,56.97,47.55,63.25,94.5,72.25,68.26,données du projet,67.39,47.66,37.37,46.95,60.48,50.80666666666669,45.57333333333333,61.6,75.17,75.17
EX24_Monastir_2022_06,Monastir,Monastir,Centre-Est,2022,6,2022-06-15,35.780851,10.773821,660319.61,3961093.31,850,82.0,33.15,40.81,57.32,40.83,80.29,100.0,85.67,67.81,données du projet,68.26,67.39,47.66,39.77,69.39,61.10333333333336,49.125,58.63,82.29,82.29
EX24_Monastir_2022_07,Monastir,Monastir,Centre-Est,2022,7,2022-07-15,35.819097,10.808329,663360.44,3965392.96,850,82.0,34.48,41.68,45.79,37.97,87.16,100.0,92.4,77.31,données du projet,67.81,68.26,67.39,34.3,78.48,67.82000000000004,53.798333333333325,100.0,79.2,79.2
EX24_Monastir_2022_08,Monastir,Monastir,Centre-Est,2022,8,2022-08-15,35.748533,10.775567,660542.39,3957511.26,850,82.0,33.12,16.02,56.95,46.01,86.34,100.0,91.51,87.16,données du projet,77.31,67.81,68.26,37.37,89.83,71.12666666666671,60.96666666666666,90.39,69.38,69.38
EX24_Monastir_2022_09,Monastir,Monastir,Centre-Est,2022,9,2022-09-15,35.737813,10.83878,666280.85,3956427.47,850,82.0,28.24,26.01,61.69,39.4,73.67,94.05,85.98,85.24,données du projet,87.16,77.31,67.81,47.66,71.37,77.42666666666669,69.265,48.69,47.27,47.27
EX24_Monastir_2022_10,Monastir,Monastir,Centre-Est,2022,10,2022-10-15,35.754212,10.82544,665040.53,3958223.99,850,82.0,24.11,68.92,75.3,51.35,49.75,90.13,58.73,65.7,données du projet,85.24,87.16,77.31,67.39,55.86,83.2366666666667,75.52833333333334,50.93,40.44,40.44
EX24_Monastir_2022_11,Monastir,Monastir,Centre-Est,2022,11,2022-11-15,35.754531,10.813109,663924.87,3958238.77,850,82.0,18.47,73.65,90.0,72.46,30.86,98.93,72.47,48.0,données du projet,65.7,85.24,87.16,68.26,46.95,79.36666666666669,75.24666666666667,62.31,41.79,41.79
EX24_Monastir_2022_12,Monastir,Monastir,Centre-Est,2022,12,2022-12-15,35.791855,10.74004,657244.42,3962259.21,850,82.0,16.4,82.87,83.25,69.51,13.69,77.56,51.2,40.95,données du projet,48.0,65.7,85.24,67.81,39.77,66.31333333333336,71.87,49.25,45.25,45.25
EX24_Monastir_2023_01,Monastir,Monastir,Centre-Est,2023,1,2023-01-15,35.807249,10.825149,664904.61,3964106.86,850,82.0,14.54,94.06,82.12,74.91,28.15,76.17,73.59,41.61,données du projet,40.95,48.0,65.7,77.31,34.3,51.55000000000003,67.39333333333333,43.07,51.76,51.76
EX24_Monastir_2023_02,Monastir,Monastir,Centre-Est,2023,2,2023-02-15,35.768271,10.83336,665727.47,3959796.99,850,82.0,15.38,111.16,83.61,74.96,8.5,88.97,60.51,37.03,données du projet,41.61,40.95,48.0,87.16,37.37,43.52000000000003,61.44333333333333,41.05,68.41,68.41
EX24_Monastir_2023_03,Monastir,Monastir,Centre-Est,2023,3,2023-03-15,35.766667,10.846947,666959.12,3959642.12,850,82.0,19.93,123.12,73.57,64.54,19.56,82.34,54.86,55.47,données du projet,37.03,41.61,40.95,85.24,47.66,39.863333333333365,53.08833333333333,71.1,76.64,76.64
EX24_Monastir_2023_04,Monastir,Monastir,Centre-Est,2023,4,2023-04-15,35.769208,10.858784,668023.94,3959944.18,850,82.0,26.6,61.66,60.94,58.36,52.12,83.32,66.76,57.0,données du projet,55.47,37.03,41.61,65.7,67.39,44.703333333333354,48.126666666666665,81.87,83.78,83.78
EX24_Monastir_2023_05,Monastir,Monastir,Centre-Est,2023,5,2023-05-15,35.782204,10.819399,664436.62,3961319.01,850,82.0,25.79,18.38,64.32,55.77,76.5,84.18,68.12,76.43,données du projet,57.0,55.47,37.03,48.0,68.26,49.833333333333364,46.67666666666667,75.35,87.85,87.85
EX24_Monastir_2023_06,Monastir,Monastir,Centre-Est,2023,6,2023-06-15,35.796664,10.809487,663511.07,3962906.4,850,82.0,33.73,16.69,56.46,40.29,95.48,95.9,88.24,88.0,données du projet,76.43,57.0,55.47,40.95,67.81,62.9666666666667,51.415,76.2,85.5,85.5
EX24_Monastir_2023_07,Monastir,Monastir,Centre-Est,2023,7,2023-07-15,35.771355,10.793068,662078.65,3960071.65,850,82.0,33.19,16.16,50.54,37.96,93.72,91.7,100.0,89.46,données du projet,88.0,76.43,57.0,41.61,77.31,73.81000000000003,59.25666666666667,91.75,81.84,81.84
EX24_Monastir_2023_08,Monastir,Monastir,Centre-Est,2023,8,2023-08-15,35.750755,10.812622,663888.58,3957819.03,850,82.0,31.83,18.87,56.38,34.63,81.64,98.58,99.12,85.46,données du projet,89.46,88.0,76.43,37.03,87.16,84.63000000000004,67.23166666666667,90.36,74.31,74.31
EX24_Monastir_2023_09,Monastir,Monastir,Centre-Est,2023,9,2023-09-15,35.737645,10.794408,662268.23,3956334.46,850,82.0,27.71,26.0,66.25,50.16,70.87,92.11,100.0,87.09,données du projet,85.46,89.46,88.0,55.47,85.24,87.64000000000003,75.30333333333334,93.51,64.39,64.39
EX24_Monastir_2023_10,Monastir,Monastir,Centre-Est,2023,10,2023-10-15,35.780521,10.755071,658625.39,3961026.2,850,82.0,22.72,76.78,66.78,50.21,34.13,91.08,73.13,70.95,données du projet,87.09,85.46,89.46,57.0,65.7,87.3366666666667,80.57333333333334,67.56,50.55,50.55
EX24_Monastir_2023_11,Monastir,Monastir,Centre-Est,2023,11,2023-11-15,35.78001,10.795881,662315.32,3961036.42,850,82.0,17.18,118.75,73.76,68.54,34.14,92.39,81.63,56.82,données du projet,70.95,87.09,85.46,76.43,48.0,81.1666666666667,82.89833333333333,59.14,47.2,47.2
EX24_Monastir_2023_12,Monastir,Monastir,Centre-Est,2023,12,2023-12-15,35.750793,10.784075,661307.13,3957775.96,850,82.0,15.93,87.48,80.25,78.9,30.97,83.22,52.68,58.02,données du projet,56.82,70.95,87.09,88.0,40.95,71.62000000000003,79.63,31.86,48.1,48.1
EX24_Monastir_2024_01,Monastir,Monastir,Centre-Est,2024,1,2024-01-15,35.769407,10.821658,664667.2,3959903.27,850,82.0,12.36,103.06,82.99,61.14,13.29,85.82,67.04,42.24,données du projet,58.02,56.82,70.95,89.46,41.61,61.93000000000003,74.63333333333334,30.95,47.0,47.0
EX24_Monastir_2024_02,Monastir,Monastir,Centre-Est,2024,2,2024-02-15,35.770789,10.810543,663659.49,3960037.91,850,82.0,15.43,82.59,82.02,77.48,21.66,81.11,51.49,37.51,données du projet,42.24,58.02,56.82,85.46,37.03,52.360000000000035,66.76333333333334,32.87,56.96,56.96
EX24_Monastir_2024_03,Monastir,Monastir,Centre-Est,2024,3,2024-03-15,35.76406,10.845749,666856.27,3959350.83,850,82.0,21.18,87.48,74.74,56.12,33.44,83.44,95.33,51.37,données du projet,37.51,42.24,58.02,87.09,55.47,45.92333333333337,58.77166666666667,60.39,67.56,67.56
EX24_Monastir_2024_04,Monastir,Monastir,Centre-Est,2024,4,2024-04-15,35.73653,10.830644,665547.69,3956271.37,850,82.0,24.9,53.93,65.69,55.1,51.37,84.52,67.17,57.32,données du projet,51.37,37.51,42.24,70.95,57.0,43.7066666666667,52.818333333333335,68.53,81.67,81.67
EX24_Monastir_2024_05,Monastir,Monastir,Centre-Est,2024,5,2024-05-15,35.717636,10.77762,660790.1,3954087.28,850,82.0,28.68,41.83,61.57,53.97,66.75,91.14,53.43,67.29,données du projet,57.32,51.37,37.51,56.82,76.43,48.733333333333356,50.546666666666674,97.25,82.19,82.19
EX24_Monastir_2024_06,Monastir,Monastir,Centre-Est,2024,6,2024-06-15,35.740005,10.752655,658487.37,3956527.97,850,82.0,33.56,18.01,58.39,41.92,98.15,84.91,84.81,84.38,données du projet,67.29,57.32,51.37,58.02,88.0,58.660000000000025,52.291666666666664,78.56,80.79,80.79
EX24_Monastir_2024_07,Monastir,Monastir,Centre-Est,2024,7,2024-07-15,35.72069,10.738843,657276.32,3954363.22,850,82.0,34.97,6.1,49.08,46.87,93.54,95.77,97.05,83.5,données du projet,84.38,67.29,57.32,42.24,89.46,69.66333333333336,56.685,85.83,76.28,76.28
EX24_Monastir_2024_08,Monastir,Monastir,Centre-Est,2024,8,2024-08-15,35.807299,10.811335,663656.2,3964089.22,850,82.0,33.29,16.52,54.85,45.91,97.27,100.0,80.22,85.73,données du projet,83.5,84.38,67.29,37.51,85.46,78.39000000000003,63.56166666666667,72.77,74.9,74.9
EX24_Monastir_2024_09,Monastir,Monastir,Centre-Est,2024,9,2024-09-15,35.762182,10.81179,663789.9,3959085.29,850,82.0,27.98,49.95,61.4,40.44,83.55,93.16,93.39,80.79,données du projet,85.73,83.5,84.38,51.37,87.09,84.53666666666669,71.59833333333334,57.6,63.38,63.38
EX24_Monastir_2024_10,Monastir,Monastir,Centre-Est,2024,10,2024-10-15,35.821891,10.765336,659470.5,3965631.93,850,82.0,23.1,74.53,72.37,57.27,41.97,98.29,56.35,74.53,données du projet,80.79,85.73,83.5,57.32,70.95,83.34000000000003,76.50166666666667,72.37,50.55,50.55
EX24_Monastir_2024_11,Monastir,Monastir,Centre-Est,2024,11,2024-11-15,35.745403,10.822056,664752.68,3957241.23,850,82.0,16.91,76.74,72.47,65.11,31.65,84.84,73.54,61.81,données du projet,74.53,80.79,85.73,67.29,56.82,80.35000000000002,79.37,51.86,46.81,46.81
EX24_Monastir_2024_12,Monastir,Monastir,Centre-Est,2024,12,2024-12-15,35.734557,10.850495,667347.13,3956086.26,850,82.0,14.86,73.06,82.19,62.81,26.91,85.17,76.75,50.13,données du projet,61.81,74.53,80.79,84.38,58.02,72.37666666666671,78.45666666666666,49.24,51.88,51.88
EX24_Monastir_2025_01,Monastir,Monastir,Centre-Est,2025,1,2025-01-15,35.752475,10.796668,662442.47,3957983.33,850,82.0,15.29,93.53,82.71,75.18,18.04,91.43,70.29,50.73,données du projet,50.13,61.81,74.53,83.5,42.24,62.156666666666695,72.74833333333333,31.46,60.59,60.59
EX24_Monastir_2025_02,Monastir,Monastir,Centre-Est,2025,2,2025-02-15,35.781664,10.816669,664190.99,3961254.47,850,82.0,17.72,103.16,76.97,74.82,12.13,81.41,63.9,42.6,données du projet,50.73,50.13,61.81,85.73,37.51,54.22333333333336,67.28666666666668,64.07,69.69,69.69
EX24_Monastir_2025_03,Monastir,Monastir,Centre-Est,2025,3,2025-03-15,35.73581,10.810341,663712.92,3956157.4,850,82.0,18.34,60.73,78.14,51.63,47.69,81.55,59.8,61.46,données du projet,42.6,50.73,50.13,80.79,51.37,47.82000000000003,60.09833333333333,56.94,73.3,73.3
EX24_Monastir_2025_04,Monastir,Monastir,Centre-Est,2025,4,2025-04-15,35.761773,10.794846,662258.82,3959011.65,850,82.0,25.61,46.45,68.79,55.48,67.92,84.77,77.35,71.11,données du projet,61.46,42.6,50.73,74.53,57.32,51.59666666666669,56.876666666666665,85.03,74.56,74.56
EX24_Monastir_2025_05,Monastir,Monastir,Centre-Est,2025,5,2025-05-15,35.765097,10.821319,664645.46,3959424.51,850,82.0,28.47,68.15,59.23,50.9,65.72,97.63,64.42,68.79,données du projet,71.11,61.46,42.6,61.81,67.29,58.39000000000002,56.30666666666667,81.08,78.11,78.11
EX24_Monastir_2025_06,Monastir,Monastir,Centre-Est,2025,6,2025-06-15,35.776568,10.870002,669022.52,3960779.97,850,82.0,34.38,20.78,58.81,40.67,88.61,100.0,89.72,70.02,données du projet,68.79,71.11,61.46,50.13,84.38,67.12000000000003,57.47,82.01,78.55,78.55
EX24_Monastir_2025_07,Monastir,Monastir,Centre-Est,2025,7,2025-07-15,35.709135,10.828229,665385.85,3953228.5,850,82.0,33.48,39.16,59.86,45.45,75.89,98.01,72.61,77.17,données du projet,70.02,68.79,71.11,50.73,83.5,69.97333333333336,60.785000000000004,85.77,75.34,75.34
EX24_Monastir_2025_08,Monastir,Monastir,Centre-Est,2025,8,2025-08-15,35.774128,10.814494,664009.82,3960414.89,850,82.0,33.78,58.34,50.94,44.16,71.8,93.23,84.73,82.24,données du projet,77.17,70.02,68.79,42.6,85.73,71.99333333333335,65.19166666666666,84.72,63.23,63.23
EX24_Monastir_2025_09,Monastir,Monastir,Centre-Est,2025,9,2025-09-15,35.685339,10.768708,660048.53,3950490.12,850,82.0,29.31,34.66,64.94,47.54,70.96,96.36,88.34,86.63,données du projet,82.24,77.17,70.02,61.46,80.79,76.47666666666669,71.79833333333333,48.32,54.14,54.14
EX24_Nabeul_2017_01,Nabeul,Nabeul,Nord-Est,2017,1,2017-01-15,36.433161,10.794686,660869.41,4033490.68,420,78.0,13.34,94.87,82.19,75.31,8.65,74.69,70.42,36.23,données du projet,36.87,41.49,52.39,76.72,29.68,43.583333333333364,57.901666666666664,51.67,43.34,43.34
EX24_Nabeul_2017_02,Nabeul,Nabeul,Nord-Est,2017,2,2017-02-15,36.48068,10.697815,652092.66,4038605.0,420,78.0,15.34,96.54,81.67,84.24,1.91,82.67,54.66,37.41,données du projet,36.23,36.87,41.49,71.08,33.37,38.196666666666694,51.15333333333333,34.02,47.71,47.71
EX24_Nabeul_2017_03,Nabeul,Nabeul,Nord-Est,2017,3,2017-03-15,36.409953,10.733876,655464.37,4030816.33,420,78.0,22.57,84.3,80.07,68.71,33.49,84.47,69.26,37.78,données du projet,37.41,36.23,36.87,68.86,48.33,36.836666666666694,45.541666666666664,41.74,60.93,60.93
EX24_Nabeul_2017_04,Nabeul,Nabeul,Nord-Est,2017,4,2017-04-15,36.452775,10.692563,651676.47,4035501.09,420,78.0,27.5,43.62,78.15,67.69,57.3,79.98,60.77,47.51,données du projet,37.78,37.41,36.23,52.39,55.79,37.14000000000002,40.361666666666665,52.16,70.37,70.37
EX24_Nabeul_2017_05,Nabeul,Nabeul,Nord-Est,2017,5,2017-05-15,36.455461,10.692972,651707.91,4035799.69,420,78.0,28.82,50.62,67.04,50.88,69.08,82.39,76.73,57.61,données du projet,47.51,37.78,37.41,41.49,60.79,40.90000000000003,39.548333333333325,84.52,84.66,84.66
EX24_Nabeul_2017_06,Nabeul,Nabeul,Nord-Est,2017,6,2017-06-15,36.459256,10.810156,662201.92,4036411.48,420,78.0,30.77,14.59,61.69,53.78,82.84,94.17,92.73,76.51,données du projet,57.61,47.51,37.78,36.87,70.53,47.63333333333336,42.235,88.59,84.19,84.19
EX24_Nabeul_2017_07,Nabeul,Nabeul,Nord-Est,2017,7,2017-07-15,36.53086,10.733898,655225.02,4044229.51,420,78.0,35.18,2.18,48.04,44.93,85.49,85.84,82.58,87.12,données du projet,76.51,57.61,47.51,36.23,76.72,60.54333333333336,48.84166666666667,94.59,75.95,75.95
EX24_Nabeul_2017_08,Nabeul,Nabeul,Nord-Est,2017,8,2017-08-15,36.42416,10.730927,655171.64,4032387.63,420,78.0,35.85,3.7,51.75,40.4,85.57,85.78,76.76,88.96,données du projet,87.12,76.51,57.61,37.41,71.08,73.7466666666667,57.32333333333333,81.99,63.33,63.33
EX24_Nabeul_2017_09,Nabeul,Nabeul,Nord-Est,2017,9,2017-09-15,36.44937,10.6977,652143.52,4035131.42,420,78.0,27.26,42.88,61.43,51.56,69.26,98.61,85.27,81.17,données du projet,88.96,87.12,76.51,37.78,68.86,84.1966666666667,65.915,59.1,51.28,51.28
EX24_Nabeul_2017_10,Nabeul,Nabeul,Nord-Est,2017,10,2017-10-15,36.47548,10.747234,656530.54,4038107.3,420,78.0,19.46,79.95,73.97,73.15,39.63,85.08,52.37,56.23,données du projet,81.17,88.96,87.12,47.51,52.39,85.75000000000004,73.14666666666666,54.29,43.64,43.64
EX24_Nabeul_2017_11,Nabeul,Nabeul,Nord-Est,2017,11,2017-11-15,36.433909,10.693529,651799.8,4033409.63,420,78.0,16.35,96.92,86.71,77.64,33.88,85.04,53.42,52.38,données du projet,56.23,81.17,88.96,57.61,41.49,75.45333333333336,74.6,31.12,41.63,41.63
EX24_Nabeul_2017_12,Nabeul,Nabeul,Nord-Est,2017,12,2017-12-15,36.462966,10.755699,657314.23,4036732.82,420,78.0,13.79,96.71,87.55,77.57,11.79,63.62,74.5,41.4,données du projet,52.38,56.23,81.17,76.51,36.87,63.260000000000026,73.72833333333334,32.51,39.68,39.68
EX24_Nabeul_2018_01,Nabeul,Nabeul,Nord-Est,2018,1,2018-01-15,36.468506,10.746743,656500.56,4037332.81,420,78.0,14.91,92.97,87.42,80.56,6.97,84.14,60.94,40.89,données du projet,41.4,52.38,56.23,87.12,36.23,50.00333333333336,67.87666666666667,42.98,45.17,45.17
EX24_Nabeul_2018_02,Nabeul,Nabeul,Nord-Est,2018,2,2018-02-15,36.466486,10.736201,655559.94,4037091.69,420,78.0,15.5,96.4,90.21,78.96,15.89,69.04,54.39,36.32,données du projet,40.89,41.4,52.38,88.96,37.41,44.890000000000036,60.17166666666666,40.24,51.18,51.18
EX24_Nabeul_2018_03,Nabeul,Nabeul,Nord-Est,2018,3,2018-03-15,36.497405,10.693433,651667.45,4040453.57,420,78.0,17.8,68.81,80.2,70.19,41.5,77.46,50.77,47.99,données du projet,36.32,40.89,41.4,81.17,37.78,39.5366666666667,51.39833333333333,62.52,57.32,57.32
EX24_Nabeul_2018_04,Nabeul,Nabeul,Nord-Est,2018,4,2018-04-15,36.453051,10.6848,650980.21,4035519.48,420,78.0,26.37,68.63,67.03,57.16,48.43,81.62,62.24,50.63,données du projet,47.99,36.32,40.89,56.23,47.51,41.73333333333337,45.86833333333333,43.59,75.02,75.02
EX24_Nabeul_2018_05,Nabeul,Nabeul,Nord-Est,2018,5,2018-05-15,36.488619,10.713711,653501.06,4039510.96,420,78.0,26.78,42.3,61.97,56.93,53.59,81.86,71.51,52.98,données du projet,50.63,47.99,36.32,52.38,57.61,44.980000000000025,44.935,67.85,78.02,78.02
EX24_Nabeul_2018_06,Nabeul,Nabeul,Nord-Est,2018,6,2018-06-15,36.451152,10.726125,654687.57,4035374.28,420,78.0,32.26,10.38,64.36,37.21,87.39,90.88,92.89,77.33,données du projet,52.98,50.63,47.99,41.4,76.51,50.53333333333336,45.035,68.13,76.55,76.55
EX24_Nabeul_2018_07,Nabeul,Nabeul,Nord-Est,2018,7,2018-07-15,36.458848,10.75886,657605.8,4036281.09,420,78.0,33.18,25.78,58.22,47.21,87.51,94.85,89.04,79.6,données du projet,77.33,52.98,50.63,40.89,87.12,60.31333333333336,51.02333333333333,71.25,70.98,70.98
EX24_Nabeul_2018_08,Nabeul,Nabeul,Nord-Est,2018,8,2018-08-15,36.478365,10.773545,658881.99,4038470.42,420,78.0,31.51,27.81,50.09,52.59,83.71,84.85,94.84,76.91,données du projet,79.6,77.33,52.98,36.32,88.96,69.97000000000003,57.475,89.58,65.38,65.38
EX24_Nabeul_2018_09,Nabeul,Nabeul,Nord-Est,2018,9,2018-09-15,36.441344,10.758252,657586.77,4034338.33,420,78.0,26.56,35.67,66.5,54.32,61.79,91.45,82.54,80.71,données du projet,76.91,79.6,77.33,47.99,81.17,77.9466666666667,64.24,72.86,56.07,56.07
EX24_Nabeul_2018_10,Nabeul,Nabeul,Nord-Est,2018,10,2018-10-15,36.432602,10.755249,657335.24,4033363.58,420,78.0,20.35,61.65,74.71,70.15,34.38,78.81,53.07,64.5,données du projet,80.71,76.91,79.6,50.63,56.23,79.07333333333337,69.69333333333333,44.3,49.24,49.24
EX24_Nabeul_2018_11,Nabeul,Nabeul,Nord-Est,2018,11,2018-11-15,36.458322,10.801544,661432.07,4036293.41,420,78.0,16.09,84.42,78.73,63.98,16.46,76.17,60.82,53.58,données du projet,64.5,80.71,76.91,52.98,52.38,74.04000000000002,72.005,44.11,43.74,43.74
EX24_Nabeul_2018_12,Nabeul,Nabeul,Nord-Est,2018,12,2018-12-15,36.485104,10.750373,656792.33,4039180.12,420,78.0,13.78,95.12,88.07,81.49,7.47,84.16,55.74,45.0,données du projet,53.58,64.5,80.71,77.33,41.4,66.26333333333336,72.105,53.08,44.1,44.1
EX24_Nabeul_2019_01,Nabeul,Nabeul,Nord-Est,2019,1,2019-01-15,36.434143,10.743617,656289.38,4033515.58,420,78.0,13.53,104.8,89.99,70.62,23.7,77.44,64.9,48.75,données du projet,45.0,53.58,64.5,79.6,40.89,54.360000000000035,66.71666666666665,41.64,51.28,51.28
EX24_Nabeul_2019_02,Nabeul,Nabeul,Nord-Est,2019,2,2019-02-15,36.485396,10.725341,654549.27,4039172.09,420,78.0,16.12,105.78,80.59,83.07,15.21,78.31,63.45,41.63,données du projet,48.75,45.0,53.58,76.91,36.32,49.110000000000035,61.57499999999999,49.67,45.48,45.48
EX24_Nabeul_2019_03,Nabeul,Nabeul,Nord-Est,2019,3,2019-03-15,36.450327,10.776223,659179.25,4035364.42,420,78.0,17.42,62.7,81.89,68.58,36.55,70.99,55.34,53.04,données du projet,41.63,48.75,45.0,80.71,47.99,45.126666666666694,55.695,42.57,54.35,54.35
EX24_Nabeul_2019_04,Nabeul,Nabeul,Nord-Est,2019,4,2019-04-15,36.419675,10.742725,656238.38,4031909.16,420,78.0,24.61,66.82,74.29,47.67,41.71,86.99,67.12,49.82,données du projet,53.04,41.63,48.75,64.5,50.63,47.80666666666669,51.083333333333336,47.16,67.82,67.82
EX24_Nabeul_2019_05,Nabeul,Nabeul,Nord-Est,2019,5,2019-05-15,36.48559,10.749184,656684.89,4039232.12,420,78.0,26.8,31.83,65.42,49.14,62.35,100.0,53.61,54.98,données du projet,49.82,53.04,41.63,53.58,52.98,48.16333333333336,48.63666666666666,67.65,80.81,80.81
EX24_Nabeul_2019_06,Nabeul,Nabeul,Nord-Est,2019,6,2019-06-15,36.424003,10.681969,650782.69,4032292.54,420,78.0,29.4,19.65,67.16,61.78,80.25,100.0,90.69,64.7,données du projet,54.98,49.82,53.04,45.0,77.33,52.613333333333365,48.870000000000005,100.0,83.28,83.28
EX24_Nabeul_2019_07,Nabeul,Nabeul,Nord-Est,2019,7,2019-07-15,36.419163,10.73861,655870.46,4031845.65,420,78.0,34.83,10.18,50.22,44.1,87.39,94.47,84.98,86.13,données du projet,64.7,54.98,49.82,48.75,79.6,56.50000000000003,52.153333333333336,91.56,73.74,73.74
EX24_Nabeul_2019_08,Nabeul,Nabeul,Nord-Est,2019,8,2019-08-15,36.473074,10.762548,657907.46,4037865.41,420,78.0,31.56,13.15,62.52,44.88,73.91,90.21,82.67,83.87,données du projet,86.13,64.7,54.98,41.63,76.91,68.60333333333337,58.38333333333333,78.0,70.58,70.58
EX24_Nabeul_2019_09,Nabeul,Nabeul,Nord-Est,2019,9,2019-09-15,36.471938,10.790325,660398.55,4037785.26,420,78.0,25.63,44.31,69.3,57.54,69.57,97.26,80.76,86.81,données du projet,83.87,86.13,64.7,53.04,80.71,78.23333333333336,65.42333333333333,57.38,49.85,49.85
EX24_Nabeul_2019_10,Nabeul,Nabeul,Nord-Est,2019,10,2019-10-15,36.487103,10.677556,650265.22,4039285.81,420,78.0,22.19,98.74,67.51,65.41,36.82,91.88,54.89,66.95,données du projet,86.81,83.87,86.13,49.82,64.5,85.60333333333335,71.05166666666666,41.4,40.98,40.98
EX24_Nabeul_2019_11,Nabeul,Nabeul,Nord-Est,2019,11,2019-11-15,36.5074,10.729086,654840.94,4041619.15,420,78.0,14.66,87.53,74.34,74.31,19.28,70.52,59.03,44.26,données du projet,66.95,86.81,83.87,54.98,53.58,79.21000000000004,73.90666666666667,45.87,39.17,39.17
EX24_Nabeul_2019_12,Nabeul,Nabeul,Nord-Est,2019,12,2019-12-15,36.387147,10.758757,657741.6,4028326.59,420,78.0,14.1,94.38,83.98,75.91,13.38,81.81,66.31,43.95,données du projet,44.26,66.95,86.81,64.7,45.0,66.0066666666667,72.12,36.73,40.22,40.22
EX24_Nabeul_2020_01,Nabeul,Nabeul,Nord-Est,2020,1,2020-01-15,36.47323,10.720629,654151.29,4037814.79,420,78.0,11.22,115.48,89.8,78.46,8.91,76.14,63.43,37.55,données du projet,43.95,44.26,66.95,86.13,48.75,51.72000000000003,68.66166666666666,47.78,48.28,48.28
EX24_Nabeul_2020_02,Nabeul,Nabeul,Nord-Est,2020,2,2020-02-15,36.464651,10.771868,658759.73,4036946.23,420,78.0,12.63,83.71,82.39,66.38,22.27,81.19,69.64,30.97,données du projet,37.55,43.95,44.26,83.87,41.63,41.92000000000002,60.565,50.82,57.94,57.94
EX24_Nabeul_2020_03,Nabeul,Nabeul,Nord-Est,2020,3,2020-03-15,36.482495,10.684478,650894.29,4038785.45,420,78.0,18.03,79.49,79.52,59.94,40.95,89.82,60.87,47.32,données du projet,30.97,37.55,43.95,86.81,53.04,37.49000000000003,51.748333333333335,54.06,60.66,60.66
EX24_Nabeul_2020_04,Nabeul,Nabeul,Nord-Est,2020,4,2020-04-15,36.464778,10.775834,659114.83,4036966.91,420,78.0,24.3,49.41,72.46,65.05,44.6,82.38,53.67,51.9,données du projet,47.32,30.97,37.55,66.95,49.82,38.61333333333336,45.166666666666664,70.66,65.32,65.32
EX24_Nabeul_2020_05,Nabeul,Nabeul,Nord-Est,2020,5,2020-05-15,36.445484,10.717735,653946.82,4034732.14,420,78.0,26.13,49.48,61.12,58.82,66.6,78.23,65.0,67.65,données du projet,51.9,47.32,30.97,44.26,54.98,43.3966666666667,42.65833333333333,90.09,65.07,65.07
EX24_Nabeul_2020_06,Nabeul,Nabeul,Nord-Est,2020,6,2020-06-15,36.4189,10.755978,657428.29,4031844.63,420,78.0,28.1,43.48,53.13,59.4,74.98,91.08,72.11,67.14,données du projet,67.65,51.9,47.32,43.95,64.7,55.62333333333336,46.55666666666667,57.0,70.8,70.8
EX24_Nabeul_2020_07,Nabeul,Nabeul,Nord-Est,2020,7,2020-07-15,36.447384,10.765576,658230.99,4035020.37,420,78.0,29.23,7.07,47.19,42.58,81.43,93.38,82.4,63.25,données du projet,67.14,67.65,51.9,37.55,86.13,62.23000000000004,50.42166666666666,62.06,69.76,69.76
EX24_Nabeul_2020_08,Nabeul,Nabeul,Nord-Est,2020,8,2020-08-15,36.464786,10.689382,651368.07,4036828.56,420,78.0,31.61,22.19,57.92,60.23,87.44,87.01,89.84,73.68,données du projet,63.25,67.14,67.65,30.97,83.87,66.01333333333336,54.70499999999999,96.2,63.09,63.09
EX24_Nabeul_2020_09,Nabeul,Nabeul,Nord-Est,2020,9,2020-09-15,36.442455,10.765452,658229.91,4034473.29,420,78.0,25.58,31.92,52.29,49.44,64.9,86.44,88.66,70.24,données du projet,73.68,63.25,67.14,47.32,86.81,68.02333333333337,61.82333333333333,72.05,47.04,47.04
EX24_Nabeul_2020_10,Nabeul,Nabeul,Nord-Est,2020,10,2020-10-15,36.467765,10.728248,654844.83,4037220.71,420,78.0,22.02,51.65,71.36,67.02,37.09,88.33,61.2,59.71,données du projet,70.24,73.68,63.25,51.9,66.95,69.0566666666667,65.64333333333333,44.35,38.52,38.52
EX24_Nabeul_2020_11,Nabeul,Nabeul,Nord-Est,2020,11,2020-11-15,36.390777,10.733837,655499.08,4028688.9,420,78.0,15.94,82.36,78.41,72.34,25.7,78.65,54.1,49.2,données du projet,59.71,70.24,73.68,67.65,44.26,67.8766666666667,66.945,56.07,34.18,34.18
EX24_Nabeul_2020_12,Nabeul,Nabeul,Nord-Est,2020,12,2020-12-15,36.468291,10.723871,654451.56,4037272.05,420,78.0,13.59,97.68,83.94,80.55,13.37,79.86,61.42,37.53,données du projet,49.2,59.71,70.24,67.14,43.95,59.7166666666667,63.870000000000005,22.73,38.64,38.64
EX24_Nabeul_2021_01,Nabeul,Nabeul,Nord-Est,2021,1,2021-01-15,36.435876,10.743319,656259.21,4033707.34,420,78.0,12.33,90.81,88.33,67.34,22.28,82.67,68.43,36.49,données du projet,37.53,49.2,59.71,63.25,37.55,48.81333333333336,58.935,37.88,45.89,45.89
EX24_Nabeul_2021_02,Nabeul,Nabeul,Nord-Est,2021,2,2021-02-15,36.426092,10.698155,652229.78,4032549.69,420,78.0,13.97,97.68,89.48,86.13,13.51,70.47,64.33,31.65,données du projet,36.49,37.53,49.2,73.68,30.97,41.07333333333336,54.475,39.72,56.81,56.81
EX24_Nabeul_2021_03,Nabeul,Nabeul,Nord-Est,2021,3,2021-03-15,36.364006,10.782381,659907.97,4025798.31,420,78.0,19.3,54.82,72.18,68.71,33.67,70.19,70.43,47.37,données du projet,31.65,36.49,37.53,70.24,47.32,35.223333333333365,47.47,60.51,67.87,67.87
EX24_Nabeul_2021_04,Nabeul,Nabeul,Nord-Est,2021,4,2021-04-15,36.461445,10.769194,658526.58,4036586.26,420,78.0,21.67,58.03,70.61,70.69,54.24,86.72,55.49,60.5,données du projet,47.37,31.65,36.49,59.71,51.9,38.503333333333366,43.65833333333333,74.08,78.49,78.49
EX24_Nabeul_2021_05,Nabeul,Nabeul,Nord-Est,2021,5,2021-05-15,36.456418,10.774253,658990.19,4036036.88,420,78.0,27.37,39.35,66.1,56.32,74.54,99.64,62.08,73.89,données du projet,60.5,47.37,31.65,49.2,67.65,46.506666666666696,43.79,67.61,79.5,79.5
EX24_Nabeul_2021_06,Nabeul,Nabeul,Nord-Est,2021,6,2021-06-15,36.413384,10.705981,652956.29,4031152.35,420,78.0,29.96,17.19,59.27,48.65,77.2,94.66,85.51,73.38,données du projet,73.89,60.5,47.37,37.53,67.14,60.586666666666694,47.905,67.41,79.68,79.68
EX24_Nabeul_2021_07,Nabeul,Nabeul,Nord-Est,2021,7,2021-07-15,36.438836,10.694608,651886.92,4033957.91,420,78.0,34.15,40.28,58.99,48.55,73.24,89.54,77.44,80.44,données du projet,73.38,73.89,60.5,36.49,63.25,69.2566666666667,53.879999999999995,63.86,71.39,71.39
EX24_Nabeul_2021_08,Nabeul,Nabeul,Nord-Est,2021,8,2021-08-15,36.452914,10.712976,653505.67,4035548.8,420,78.0,28.25,19.73,63.26,45.69,81.06,98.86,93.41,83.33,données du projet,80.44,73.38,73.89,31.65,73.68,75.90333333333336,61.205000000000005,79.67,58.57,58.57
EX24_Nabeul_2021_09,Nabeul,Nabeul,Nord-Est,2021,9,2021-09-15,36.478818,10.775301,659038.33,4038523.57,420,78.0,27.94,46.43,75.06,47.65,65.04,92.96,77.26,78.98,données du projet,83.33,80.44,73.38,47.37,70.24,79.05000000000003,69.81833333333334,60.48,42.58,42.58
EX24_Nabeul_2021_10,Nabeul,Nabeul,Nord-Est,2021,10,2021-10-15,36.455277,10.683484,650857.93,4035764.39,420,78.0,18.58,86.38,65.2,67.96,25.5,88.95,64.32,50.38,données du projet,78.98,83.33,80.44,60.5,59.71,80.9166666666667,75.08666666666666,49.29,40.27,40.27
EX24_Nabeul_2021_11,Nabeul,Nabeul,Nord-Est,2021,11,2021-11-15,36.51977,10.674955,649969.17,4042905.76,420,78.0,16.94,82.62,82.68,76.3,24.0,75.87,72.73,43.12,données du projet,50.38,78.98,83.33,73.89,49.2,70.89666666666669,73.4,25.13,38.15,38.15
EX24_Nabeul_2021_12,Nabeul,Nabeul,Nord-Est,2021,12,2021-12-15,36.410702,10.772465,658923.16,4030962.19,420,78.0,16.01,102.42,82.13,80.91,22.13,78.81,71.98,35.45,données du projet,43.12,50.38,78.98,73.38,37.53,57.49333333333336,68.27166666666666,35.9,36.37,36.37
EX24_Nabeul_2022_01,Nabeul,Nabeul,Nord-Est,2022,1,2022-01-15,36.520054,10.729836,654882.88,4043024.17,420,78.0,11.76,98.18,85.8,69.81,16.79,80.42,74.69,39.91,données du projet,35.45,43.12,50.38,80.44,36.49,42.98333333333337,61.949999999999996,35.67,41.5,41.5
EX24_Nabeul_2022_02,Nabeul,Nabeul,Nord-Est,2022,2,2022-02-15,36.453567,10.734786,655458.97,4035656.18,420,78.0,15.05,85.36,87.67,79.58,16.67,84.44,62.4,32.66,données du projet,39.91,35.45,43.12,83.33,31.65,39.49333333333336,55.19499999999999,32.12,49.82,49.82
EX24_Nabeul_2022_03,Nabeul,Nabeul,Nord-Est,2022,3,2022-03-15,36.427237,10.673413,650009.38,4032638.02,420,78.0,20.13,82.39,75.76,77.11,27.42,85.87,64.92,35.82,données du projet,32.66,39.91,35.45,78.98,47.37,36.006666666666696,46.75,42.9,66.39,66.39
EX24_Nabeul_2022_04,Nabeul,Nabeul,Nord-Est,2022,4,2022-04-15,36.42792,10.745996,656515.13,4032829.12,420,78.0,22.84,53.73,72.24,50.76,60.7,93.46,67.81,53.08,données du projet,35.82,32.66,39.91,50.38,60.5,36.130000000000024,39.556666666666665,58.5,69.46,69.46
EX24_Nabeul_2022_05,Nabeul,Nabeul,Nord-Est,2022,5,2022-05-15,36.405269,10.687256,651293.07,4030222.59,420,78.0,24.94,40.56,68.56,63.01,77.38,81.19,68.56,60.29,données du projet,53.08,35.82,32.66,43.12,73.89,40.52000000000003,40.00666666666667,63.44,82.79,82.79
EX24_Nabeul_2022_06,Nabeul,Nabeul,Nord-Est,2022,6,2022-06-15,36.46754,10.736787,655610.36,4037209.58,420,78.0,33.04,14.37,63.64,45.08,80.89,93.3,81.34,80.43,données du projet,60.29,53.08,35.82,35.45,73.38,49.730000000000025,42.86833333333333,95.01,81.86,81.86
EX24_Nabeul_2022_07,Nabeul,Nabeul,Nord-Est,2022,7,2022-07-15,36.444886,10.727182,654794.76,4034680.91,420,78.0,31.98,10.76,51.36,50.42,79.73,85.14,87.56,79.14,données du projet,80.43,60.29,53.08,39.91,80.44,64.60000000000004,50.365,85.69,73.41,73.41
EX24_Nabeul_2022_08,Nabeul,Nabeul,Nord-Est,2022,8,2022-08-15,36.458972,10.739853,655902.27,4036264.02,420,78.0,33.58,13.54,56.16,37.96,80.02,100.0,93.99,80.77,données du projet,79.14,80.43,60.29,32.66,83.33,73.28666666666669,56.90333333333333,99.39,67.62,67.62
EX24_Nabeul_2022_09,Nabeul,Nabeul,Nord-Est,2022,9,2022-09-15,36.403081,10.732788,655380.51,4030052.21,420,78.0,28.26,34.02,63.52,54.23,70.9,94.89,100.0,81.66,données du projet,80.77,79.14,80.43,35.82,78.98,80.11333333333336,64.92166666666667,66.48,52.32,52.32
EX24_Nabeul_2022_10,Nabeul,Nabeul,Nord-Est,2022,10,2022-10-15,36.47912,10.729664,654949.05,4038482.78,420,78.0,18.63,65.74,80.65,62.38,43.79,83.11,51.68,65.82,données du projet,81.66,80.77,79.14,53.08,50.38,80.52333333333335,72.56166666666667,52.62,48.44,48.44
EX24_Nabeul_2022_11,Nabeul,Nabeul,Nord-Est,2022,11,2022-11-15,36.491311,10.702808,652519.13,4039792.36,420,78.0,18.33,98.76,85.63,80.09,27.95,79.87,56.37,47.98,données du projet,65.82,81.66,80.77,60.29,43.12,76.08333333333336,74.68499999999999,35.54,43.26,43.26
EX24_Nabeul_2022_12,Nabeul,Nabeul,Nord-Est,2022,12,2022-12-15,36.425877,10.698203,652234.44,4032525.99,420,78.0,12.56,103.32,82.41,82.83,17.6,71.77,53.22,42.08,données du projet,47.98,65.82,81.66,80.43,35.45,65.15333333333335,72.63333333333334,31.3,53.65,53.65
EX24_Nabeul_2023_01,Nabeul,Nabeul,Nord-Est,2023,1,2023-01-15,36.539934,10.699544,652131.44,4045181.36,420,78.0,10.8,96.07,92.48,66.61,11.27,73.23,60.46,43.06,données du projet,42.08,47.98,65.82,79.14,39.91,51.96000000000003,66.24166666666666,61.08,58.32,58.32
EX24_Nabeul_2023_02,Nabeul,Nabeul,Nord-Est,2023,2,2023-02-15,36.492975,10.717102,653796.22,4039999.68,420,78.0,14.51,82.43,84.32,75.49,33.83,80.65,62.38,56.77,données du projet,43.06,42.08,47.98,80.77,32.66,44.37333333333336,60.228333333333325,50.05,63.93,63.93
EX24_Nabeul_2023_03,Nabeul,Nabeul,Nord-Est,2023,3,2023-03-15,36.408805,10.752217,657111.36,4030718.59,420,78.0,19.75,79.46,87.76,79.6,36.67,96.95,74.22,53.1,données du projet,56.77,43.06,42.08,81.66,35.82,47.30333333333336,56.22833333333333,61.47,73.36,73.36
EX24_Nabeul_2023_04,Nabeul,Nabeul,Nord-Est,2023,4,2023-04-15,36.382261,10.739012,655980.29,4027752.54,420,78.0,23.51,53.25,74.39,65.09,49.25,84.9,65.81,63.92,données du projet,53.1,56.77,43.06,65.82,53.08,50.976666666666695,51.468333333333334,65.46,83.19,83.19
EX24_Nabeul_2023_05,Nabeul,Nabeul,Nord-Est,2023,5,2023-05-15,36.44376,10.736445,655627.25,4034570.93,420,78.0,27.66,52.11,57.04,69.65,62.59,99.47,66.86,65.45,données du projet,63.92,53.1,56.77,47.98,60.29,57.93000000000003,51.15166666666667,87.73,93.39,93.39
EX24_Nabeul_2023_06,Nabeul,Nabeul,Nord-Est,2023,6,2023-06-15,36.491086,10.792013,660510.3,4039912.37,420,78.0,30.67,23.47,54.3,48.83,77.59,98.1,82.83,86.9,données du projet,65.45,63.92,53.1,42.08,80.43,60.82333333333336,54.06333333333333,99.8,86.47,86.47
EX24_Nabeul_2023_07,Nabeul,Nabeul,Nord-Est,2023,7,2023-07-15,36.45009,10.697484,652122.74,4035210.95,420,78.0,32.98,6.23,49.91,39.59,85.59,100.0,81.48,90.3,données du projet,86.9,65.45,63.92,43.06,79.14,72.09000000000003,61.53333333333334,98.16,78.16,78.16
EX24_Nabeul_2023_08,Nabeul,Nabeul,Nord-Est,2023,8,2023-08-15,36.439874,10.724772,654588.72,4034120.97,420,78.0,32.22,7.2,54.09,45.99,100.0,85.44,84.05,98.59,données du projet,90.3,86.9,65.45,56.77,80.77,80.88333333333337,69.40666666666667,74.18,57.18,57.18
EX24_Nabeul_2023_09,Nabeul,Nabeul,Nord-Est,2023,9,2023-09-15,36.476054,10.730482,655028.47,4038143.89,420,78.0,28.34,35.18,61.85,49.19,66.8,90.51,87.08,77.22,données du projet,98.59,90.3,86.9,53.1,81.66,91.93000000000002,76.37666666666667,48.26,51.09,51.09
EX24_Nabeul_2023_10,Nabeul,Nabeul,Nord-Est,2023,10,2023-10-15,36.448502,10.712945,653511.51,4035059.31,420,78.0,19.05,66.13,74.34,59.66,52.32,78.05,66.99,56.14,données du projet,77.22,98.59,90.3,63.92,65.82,88.70333333333338,80.39666666666666,52.41,43.63,43.63
EX24_Nabeul_2023_11,Nabeul,Nabeul,Nord-Est,2023,11,2023-11-15,36.463264,10.788642,660265.67,4036820.13,420,78.0,16.94,91.54,83.72,77.76,34.98,81.0,48.05,43.86,données du projet,56.14,77.22,98.59,65.45,47.98,77.3166666666667,79.10000000000001,69.14,42.98,42.98
EX24_Nabeul_2023_12,Nabeul,Nabeul,Nord-Est,2023,12,2023-12-15,36.472546,10.719392,654041.79,4037736.92,420,78.0,12.33,96.27,88.52,78.32,15.88,71.04,58.3,53.68,données du projet,43.86,56.14,77.22,86.9,42.08,59.07333333333337,75.50166666666667,16.02,44.0,44.0
EX24_Nabeul_2024_01,Nabeul,Nabeul,Nord-Est,2024,1,2024-01-15,36.459997,10.752641,657046.15,4036398.52,420,78.0,13.0,96.12,75.35,65.49,9.06,86.61,53.12,38.69,données du projet,53.68,43.86,56.14,90.3,43.06,51.226666666666695,69.965,42.25,47.49,47.49
EX24_Nabeul_2024_02,Nabeul,Nabeul,Nord-Est,2024,2,2024-02-15,36.460938,10.750869,656885.54,4036500.02,420,78.0,15.54,91.06,87.79,74.93,13.74,85.4,61.3,37.42,données du projet,38.69,53.68,43.86,98.59,56.77,45.41000000000003,61.36333333333334,45.82,61.36,61.36
EX24_Nabeul_2024_03,Nabeul,Nabeul,Nord-Est,2024,3,2024-03-15,36.476877,10.747194,656524.12,4038262.27,420,78.0,20.16,84.13,80.72,68.43,29.85,86.44,62.2,48.95,données du projet,37.42,38.69,53.68,77.22,53.1,43.26333333333337,51.16833333333333,71.51,72.67,72.67
EX24_Nabeul_2024_04,Nabeul,Nabeul,Nord-Est,2024,4,2024-04-15,36.493299,10.736412,655525.28,4040066.6,420,78.0,24.48,59.54,72.29,60.79,60.5,87.53,70.11,57.98,données du projet,48.95,37.42,38.69,56.14,63.92,41.686666666666696,46.45666666666667,80.37,84.93,84.93
EX24_Nabeul_2024_05,Nabeul,Nabeul,Nord-Est,2024,5,2024-05-15,36.436168,10.776102,659197.34,4033793.35,420,78.0,27.72,26.71,70.2,61.15,76.06,88.04,70.92,72.76,données du projet,57.98,48.95,37.42,43.86,65.45,48.116666666666696,46.76333333333333,65.31,81.61,81.61
EX24_Nabeul_2024_06,Nabeul,Nabeul,Nord-Est,2024,6,2024-06-15,36.464158,10.713125,653496.86,4036796.39,420,78.0,28.26,28.58,56.81,48.89,82.09,100.0,77.8,79.8,données du projet,72.76,57.98,48.95,53.68,86.9,59.896666666666704,51.580000000000005,100.0,83.75,83.75
EX24_Nabeul_2024_07,Nabeul,Nabeul,Nord-Est,2024,7,2024-07-15,36.473453,10.727306,654749.09,4037850.29,420,78.0,32.44,0.0,58.2,48.85,96.34,93.21,84.74,90.1,données du projet,79.8,72.76,57.98,38.69,90.3,70.18000000000002,55.93333333333334,82.72,72.88,72.88
EX24_Nabeul_2024_08,Nabeul,Nabeul,Nord-Est,2024,8,2024-08-15,36.407664,10.750331,656944.53,4030589.0,420,78.0,34.3,34.67,59.87,52.32,78.85,82.08,77.75,80.62,données du projet,90.1,79.8,72.76,37.42,98.59,80.8866666666667,64.50166666666667,71.12,61.16,61.16
EX24_Nabeul_2024_09,Nabeul,Nabeul,Nord-Est,2024,9,2024-09-15,36.424439,10.7266,654783.16,4032411.6,420,78.0,29.36,31.46,63.81,61.72,76.08,84.42,100.0,79.71,données du projet,80.62,90.1,79.8,48.95,77.22,83.5066666666667,71.70166666666667,65.56,53.13,53.13
EX24_Nabeul_2024_10,Nabeul,Nabeul,Nord-Est,2024,10,2024-10-15,36.453859,10.689795,651426.32,4035616.95,420,78.0,21.5,59.96,75.13,67.1,48.34,71.37,59.4,66.95,données du projet,79.71,80.62,90.1,57.98,56.14,83.4766666666667,76.82833333333333,35.51,42.87,42.87
EX24_Nabeul_2024_11,Nabeul,Nabeul,Nord-Est,2024,11,2024-11-15,36.464888,10.779606,659452.61,4036985.38,420,78.0,15.97,94.89,81.9,73.36,28.28,85.23,70.38,46.66,données du projet,66.95,79.71,80.62,72.76,43.86,75.76000000000003,78.32333333333334,34.81,39.84,39.84
EX24_Nabeul_2024_12,Nabeul,Nabeul,Nord-Est,2024,12,2024-12-15,36.467208,10.77592,659117.58,4037236.61,420,78.0,14.09,92.44,90.88,78.31,14.96,71.65,71.53,44.2,données du projet,46.66,66.95,79.71,79.8,53.68,64.44000000000004,73.97333333333333,31.98,44.86,44.86
EX24_Nabeul_2025_01,Nabeul,Nabeul,Nord-Est,2025,1,2025-01-15,36.434024,10.749843,656847.75,4033512.49,420,78.0,10.02,105.11,79.44,76.77,15.39,78.48,66.59,36.74,données du projet,44.2,46.66,66.95,90.1,38.69,52.603333333333374,68.04,45.04,58.74,58.74
EX24_Nabeul_2025_02,Nabeul,Nabeul,Nord-Est,2025,2,2025-02-15,36.470073,10.695693,651923.2,4037425.01,420,78.0,13.15,91.73,79.23,79.04,17.56,84.27,49.17,39.85,données du projet,36.74,44.2,46.66,80.62,37.42,42.53333333333337,59.14666666666667,43.75,60.51,60.51
EX24_Nabeul_2025_03,Nabeul,Nabeul,Nord-Est,2025,3,2025-03-15,36.478583,10.691507,651531.55,4038362.5,420,78.0,19.09,76.85,86.97,66.61,32.65,84.55,65.93,55.75,données du projet,39.85,36.74,44.2,79.71,48.95,40.26333333333337,52.35166666666667,68.85,65.73,65.73
EX24_Nabeul_2025_04,Nabeul,Nabeul,Nord-Est,2025,4,2025-04-15,36.503459,10.75997,657614.89,4041232.03,420,78.0,25.03,49.45,72.55,59.62,52.38,93.89,68.71,63.48,données du projet,55.75,39.85,36.74,66.95,57.98,44.113333333333365,48.35833333333333,71.09,74.02,74.02
EX24_Nabeul_2025_05,Nabeul,Nabeul,Nord-Est,2025,5,2025-05-15,36.480715,10.762664,657902.37,4038713.33,420,78.0,25.44,57.8,66.09,64.42,72.97,95.77,75.74,62.38,données du projet,63.48,55.75,39.85,46.66,72.76,53.0266666666667,47.78,66.52,78.93,78.93
EX24_Nabeul_2025_06,Nabeul,Nabeul,Nord-Est,2025,6,2025-06-15,36.512371,10.679879,650424.4,4042092.62,420,78.0,29.66,20.15,65.95,55.0,83.09,94.79,91.92,71.81,données du projet,62.38,63.48,55.75,44.2,79.8,60.5366666666667,50.4,65.56,82.4,82.4
EX24_Nabeul_2025_07,Nabeul,Nabeul,Nord-Est,2025,7,2025-07-15,36.474132,10.746576,656474.27,4037956.76,420,78.0,32.67,9.33,52.8,44.06,90.16,89.9,83.46,83.61,données du projet,71.81,62.38,63.48,36.74,90.1,65.89000000000003,55.001666666666665,62.92,76.26,76.26
EX24_Nabeul_2025_08,Nabeul,Nabeul,Nord-Est,2025,8,2025-08-15,36.47861,10.724731,654508.15,4038418.25,420,78.0,31.83,20.47,58.54,52.38,86.24,97.24,85.99,86.5,données du projet,83.61,71.81,62.38,39.85,80.62,72.60000000000004,62.81333333333333,91.71,64.08,64.08
EX24_Nabeul_2025_09,Nabeul,Nabeul,Nord-Est,2025,9,2025-09-15,36.438485,10.728059,654886.04,4033972.23,420,78.0,26.99,35.34,61.34,58.17,69.95,97.2,94.92,81.17,données du projet,86.5,83.61,71.81,55.75,79.71,80.64000000000004,70.58833333333332,73.46,55.75,55.75
EX24_Sfax_2017_01,Sfax,Sfax,Centre-Est,2017,1,2017-01-15,34.700728,10.774034,662479.98,3841287.98,700,80.0,14.25,89.79,81.49,75.9,12.61,79.34,59.38,33.72,données du projet,41.49,40.08,55.31,84.19,26.32,45.626666666666694,63.93666666666667,26.62,49.04,49.04
EX24_Sfax_2017_02,Sfax,Sfax,Centre-Est,2017,2,2017-02-15,34.746749,10.759234,661034.95,3846368.4,700,80.0,17.12,82.01,80.53,65.51,15.29,71.07,67.58,35.05,données du projet,33.72,41.49,40.08,88.64,42.03,38.43000000000003,55.525,50.05,61.78,61.78
EX24_Sfax_2017_03,Sfax,Sfax,Centre-Est,2017,3,2017-03-15,34.765901,10.725105,657874.11,3848438.33,700,80.0,24.65,73.05,71.6,54.79,36.99,70.88,53.01,46.93,données du projet,35.05,33.72,41.49,73.91,38.19,36.75333333333336,46.593333333333334,59.45,76.2,76.2
EX24_Sfax_2017_04,Sfax,Sfax,Centre-Est,2017,4,2017-04-15,34.732826,10.762752,661384.12,3844829.84,700,80.0,27.06,35.41,63.0,51.16,43.73,74.56,70.75,60.58,données du projet,46.93,35.05,33.72,55.31,51.78,38.56666666666669,42.09666666666667,67.9,84.01,84.01
EX24_Sfax_2017_05,Sfax,Sfax,Centre-Est,2017,5,2017-05-15,34.699667,10.746746,659982.43,3841126.65,700,80.0,28.69,56.65,64.35,50.2,65.99,86.31,75.34,65.79,données du projet,60.58,46.93,35.05,40.08,54.75,47.52000000000002,42.974999999999994,85.31,83.81,83.81
EX24_Sfax_2017_06,Sfax,Sfax,Centre-Est,2017,6,2017-06-15,34.700741,10.774661,662537.3,3841290.53,700,80.0,33.73,31.78,58.54,45.48,80.56,91.99,78.5,87.5,données du projet,65.79,60.58,46.93,41.49,80.52,57.7666666666667,47.26,70.58,78.96,78.96
EX24_Sfax_2017_07,Sfax,Sfax,Centre-Est,2017,7,2017-07-15,34.735397,10.764342,661524.71,3845117.56,700,80.0,35.49,8.25,52.02,49.3,93.67,91.11,85.67,87.77,données du projet,87.5,65.79,60.58,33.72,84.19,71.29000000000003,54.928333333333335,74.0,72.49,72.49
EX24_Sfax_2017_08,Sfax,Sfax,Centre-Est,2017,8,2017-08-15,34.747406,10.789504,663804.8,3846490.17,700,80.0,34.96,20.98,55.77,50.86,89.92,92.39,84.56,73.22,données du projet,87.77,87.5,65.79,35.05,88.64,80.35333333333335,63.93666666666667,97.71,65.05,65.05
EX24_Sfax_2017_09,Sfax,Sfax,Centre-Est,2017,9,2017-09-15,34.78702,10.768692,661822.17,3850850.12,700,80.0,30.15,28.88,62.91,44.64,81.6,93.89,90.04,82.15,données du projet,73.22,87.77,87.5,46.93,73.91,82.83000000000003,70.29833333333333,51.33,53.43,53.43
EX24_Sfax_2017_10,Sfax,Sfax,Centre-Est,2017,10,2017-10-15,34.696401,10.786555,663635.41,3840828.44,700,80.0,25.02,48.65,64.72,55.53,49.95,87.35,58.29,60.89,données du projet,82.15,73.22,87.77,60.58,55.31,81.0466666666667,76.16833333333334,37.4,44.31,44.31
EX24_Sfax_2017_11,Sfax,Sfax,Centre-Est,2017,11,2017-11-15,34.744848,10.809805,665668.48,3846239.72,700,80.0,20.89,102.06,75.54,62.79,15.85,75.39,60.03,48.16,données du projet,60.89,82.15,73.22,65.79,40.08,72.0866666666667,76.22000000000001,36.99,40.94,40.94
EX24_Sfax_2017_12,Sfax,Sfax,Centre-Est,2017,12,2017-12-15,34.715775,10.762303,661376.16,3842937.96,700,80.0,14.91,73.14,77.15,66.31,18.91,77.08,61.05,43.95,données du projet,48.16,60.89,82.15,87.5,41.49,63.733333333333356,73.28166666666667,61.79,37.75,37.75
EX24_Sfax_2018_01,Sfax,Sfax,Centre-Est,2018,1,2018-01-15,34.804346,10.758766,660880.31,3852755.76,700,80.0,18.14,71.99,81.65,79.07,20.96,69.05,54.54,38.27,données du projet,43.95,48.16,60.89,87.77,33.72,51.00000000000003,66.02333333333333,30.54,51.66,51.66
EX24_Sfax_2018_02,Sfax,Sfax,Centre-Est,2018,2,2018-02-15,34.773327,10.754981,660594.11,3849309.35,700,80.0,16.38,81.31,84.62,75.46,28.19,77.61,63.26,38.65,données du projet,38.27,43.95,48.16,73.22,35.05,43.46000000000003,57.77333333333334,53.28,53.25,53.25
EX24_Sfax_2018_03,Sfax,Sfax,Centre-Est,2018,3,2018-03-15,34.731747,10.789058,663794.91,3844752.67,700,80.0,25.38,64.15,75.29,60.53,39.05,70.65,62.6,53.93,données du projet,38.65,38.27,43.95,82.15,46.93,40.29000000000003,52.01166666666666,66.97,64.18,64.18
EX24_Sfax_2018_04,Sfax,Sfax,Centre-Est,2018,4,2018-04-15,34.723033,10.745865,659856.78,3843716.72,700,80.0,28.89,67.14,71.52,54.31,43.76,82.43,69.91,54.65,données du projet,53.93,38.65,38.27,60.89,60.58,43.616666666666696,47.30833333333334,73.5,71.92,71.92
EX24_Sfax_2018_05,Sfax,Sfax,Centre-Est,2018,5,2018-05-15,34.728282,10.822651,666877.84,3844423.7,700,80.0,29.31,39.33,61.52,54.36,56.1,98.36,69.56,66.51,données du projet,54.65,53.93,38.65,48.16,65.79,49.07666666666669,46.26833333333334,77.17,85.69,85.69
EX24_Sfax_2018_06,Sfax,Sfax,Centre-Est,2018,6,2018-06-15,34.743201,10.741466,659415.23,3845946.6,700,80.0,33.34,16.05,56.45,42.66,84.16,85.15,83.62,75.3,données du projet,66.51,54.65,53.93,43.95,87.5,58.363333333333365,49.326666666666675,76.76,81.87,81.87
EX24_Sfax_2018_07,Sfax,Sfax,Centre-Est,2018,7,2018-07-15,34.791409,10.793995,664128.83,3851377.92,700,80.0,35.59,9.8,50.86,43.94,82.39,85.26,85.33,84.56,données du projet,75.3,66.51,54.65,38.27,87.77,65.4866666666667,54.55166666666667,83.25,79.64,79.64
EX24_Sfax_2018_08,Sfax,Sfax,Centre-Est,2018,8,2018-08-15,34.773057,10.762462,661279.3,3849291.44,700,80.0,35.68,20.61,47.38,37.89,89.95,89.61,74.05,90.52,données du projet,84.56,75.3,66.51,38.65,73.22,75.4566666666667,62.26666666666666,79.98,61.81,61.81
EX24_Sfax_2018_09,Sfax,Sfax,Centre-Est,2018,9,2018-09-15,34.70937,10.764371,661577.98,3842230.98,700,80.0,30.33,39.93,59.44,50.33,74.99,93.96,93.12,80.56,données du projet,90.52,84.56,75.3,53.93,82.15,83.46000000000002,70.91166666666668,81.82,50.26,50.26
EX24_Sfax_2018_10,Sfax,Sfax,Centre-Est,2018,10,2018-10-15,34.686194,10.751357,660430.8,3839639.63,700,80.0,23.85,88.91,64.18,50.27,40.59,81.54,67.4,70.9,données du projet,80.56,90.52,84.56,54.65,60.89,85.21333333333337,75.35000000000001,41.75,45.85,45.85
EX24_Sfax_2018_11,Sfax,Sfax,Centre-Est,2018,11,2018-11-15,34.73211,10.801028,664890.25,3844812.59,700,80.0,22.59,90.46,81.65,60.46,28.64,85.14,51.66,38.6,données du projet,70.9,80.56,90.52,66.51,48.16,80.66000000000004,78.05833333333334,44.65,40.89,40.89
EX24_Sfax_2018_12,Sfax,Sfax,Centre-Est,2018,12,2018-12-15,34.76969,10.701662,655721.34,3848821.99,700,80.0,17.13,77.62,81.58,71.21,21.67,74.92,54.26,48.94,données du projet,38.6,70.9,80.56,75.3,43.95,63.35333333333336,73.40666666666668,57.68,40.08,40.08
EX24_Sfax_2019_01,Sfax,Sfax,Centre-Est,2019,1,2019-01-15,34.719018,10.76246,661384.22,3843297.91,700,80.0,18.5,91.86,83.68,71.42,5.52,73.43,68.78,46.47,données du projet,48.94,38.6,70.9,84.56,38.27,52.81333333333336,69.01333333333334,52.87,47.08,47.08
EX24_Sfax_2019_02,Sfax,Sfax,Centre-Est,2019,2,2019-02-15,34.748644,10.813094,665961.92,3846666.18,700,80.0,18.18,81.33,77.95,69.57,35.1,70.14,77.03,36.39,données du projet,46.47,48.94,38.6,90.52,38.65,44.67000000000002,62.665,42.87,61.01,61.01
EX24_Sfax_2019_03,Sfax,Sfax,Centre-Est,2019,3,2019-03-15,34.716653,10.782258,663201.95,3843067.61,700,80.0,20.13,64.28,64.62,60.21,42.59,85.79,52.06,39.48,données du projet,36.39,46.47,48.94,80.56,53.93,43.933333333333366,53.64333333333334,46.4,68.39,68.39
EX24_Sfax_2019_04,Sfax,Sfax,Centre-Est,2019,4,2019-04-15,34.742073,10.79802,664595.01,3845912.61,700,80.0,25.82,43.05,67.92,55.39,50.63,86.34,63.41,57.07,données du projet,39.48,36.39,46.47,70.9,54.65,40.78000000000003,46.79666666666666,74.26,76.22,76.22
EX24_Sfax_2019_05,Sfax,Sfax,Centre-Est,2019,5,2019-05-15,34.767104,10.777316,662650.42,3848655.05,700,80.0,29.76,32.01,58.04,44.52,74.96,72.34,51.56,77.32,données du projet,57.07,39.48,36.39,38.6,66.51,44.31333333333336,44.49166666666667,79.81,76.26,76.26
EX24_Sfax_2019_06,Sfax,Sfax,Centre-Est,2019,6,2019-06-15,34.740496,10.746229,659856.46,3845654.09,700,80.0,33.78,35.52,51.0,49.25,68.95,94.19,88.17,73.78,données du projet,77.32,57.07,39.48,48.94,75.3,57.956666666666685,50.94499999999999,64.94,71.97,71.97
EX24_Sfax_2019_07,Sfax,Sfax,Centre-Est,2019,7,2019-07-15,34.744834,10.805726,665295.06,3846231.45,700,80.0,36.42,29.24,46.46,43.05,87.72,88.13,77.28,72.62,données du projet,73.78,77.32,57.07,46.47,84.56,69.39000000000003,55.085,60.15,67.42,67.42
EX24_Sfax_2019_08,Sfax,Sfax,Centre-Est,2019,8,2019-08-15,34.749126,10.781021,663024.87,3846667.21,700,80.0,35.01,25.83,52.1,43.82,93.38,100.0,95.17,78.65,données du projet,72.62,73.78,77.32,36.39,90.52,74.57333333333337,59.44333333333333,67.64,53.16,53.16
EX24_Sfax_2019_09,Sfax,Sfax,Centre-Est,2019,9,2019-09-15,34.724922,10.764004,661514.17,3843955.26,700,80.0,28.22,26.71,64.27,48.83,73.76,89.2,89.57,69.46,données du projet,78.65,72.62,73.78,39.48,80.56,75.0166666666667,66.48666666666666,48.67,54.5,54.5
EX24_Sfax_2019_10,Sfax,Sfax,Centre-Est,2019,10,2019-10-15,34.763326,10.748291,660001.22,3848189.51,700,80.0,23.86,65.03,67.95,59.37,57.6,77.54,52.4,56.98,données du projet,69.46,78.65,72.62,57.07,70.9,73.5766666666667,71.48333333333333,47.2,47.4,47.4
EX24_Sfax_2019_11,Sfax,Sfax,Centre-Est,2019,11,2019-11-15,34.71626,10.762754,661416.57,3842992.5,700,80.0,19.39,63.36,75.82,64.23,35.11,79.52,66.41,49.5,données du projet,56.98,69.46,78.65,77.32,38.6,68.36333333333336,71.46833333333332,67.55,41.14,41.14
EX24_Sfax_2019_12,Sfax,Sfax,Centre-Est,2019,12,2019-12-15,34.744713,10.76734,661781.02,3846155.62,700,80.0,17.57,69.41,76.83,70.75,13.9,76.99,49.44,47.37,données du projet,49.5,56.98,69.46,73.78,48.94,58.6466666666667,66.83166666666666,30.82,38.49,38.49
EX24_Sfax_2020_01,Sfax,Sfax,Centre-Est,2020,1,2020-01-15,34.829409,10.826945,667066.94,3855646.96,700,80.0,18.38,80.12,83.45,71.87,8.19,86.91,62.78,38.49,données du projet,47.37,49.5,56.98,72.62,46.47,51.28333333333336,62.43,36.18,47.36,47.36
EX24_Sfax_2020_02,Sfax,Sfax,Centre-Est,2020,2,2020-02-15,34.772318,10.723494,657714.44,3849147.56,700,80.0,16.27,91.14,80.14,76.43,24.03,84.2,70.71,37.7,données du projet,38.49,47.37,49.5,78.65,36.39,45.12000000000003,56.74166666666667,38.47,63.25,63.25
EX24_Sfax_2020_03,Sfax,Sfax,Centre-Est,2020,3,2020-03-15,34.74962,10.765742,661625.22,3846697.27,700,80.0,22.62,84.3,75.66,61.67,38.23,78.49,63.41,42.21,données du projet,37.7,38.49,47.37,69.46,39.48,41.186666666666696,49.91666666666666,69.62,76.36,76.36
EX24_Sfax_2020_04,Sfax,Sfax,Centre-Est,2020,4,2020-04-15,34.700993,10.765729,661718.71,3841304.08,700,80.0,28.6,43.28,65.25,54.73,56.48,71.78,63.88,61.67,données du projet,42.21,37.7,38.49,56.98,57.07,39.4666666666667,45.375,75.35,81.41,81.41
EX24_Sfax_2020_05,Sfax,Sfax,Centre-Est,2020,5,2020-05-15,34.770817,10.754418,660547.44,3849030.12,700,80.0,29.88,20.14,63.56,58.38,61.25,84.41,63.53,80.43,données du projet,61.67,42.21,37.7,49.5,77.32,47.193333333333364,46.156666666666666,71.07,79.86,79.86
EX24_Sfax_2020_06,Sfax,Sfax,Centre-Est,2020,6,2020-06-15,34.737521,10.730645,658435.38,3845299.5,700,80.0,33.7,42.52,50.78,47.05,79.19,84.84,80.71,82.83,données du projet,80.43,61.67,42.21,47.37,73.78,61.4366666666667,51.31166666666667,78.92,77.86,77.86
EX24_Sfax_2020_07,Sfax,Sfax,Centre-Est,2020,7,2020-07-15,34.741909,10.740715,659348.92,3845802.02,700,80.0,36.64,8.18,51.35,33.96,100.0,88.93,88.8,89.4,données du projet,82.83,80.43,61.67,38.49,72.62,74.9766666666667,57.221666666666664,69.87,68.83,68.83
EX24_Sfax_2020_08,Sfax,Sfax,Centre-Est,2020,8,2020-08-15,34.72446,10.738893,659215.59,3843863.98,700,80.0,31.71,27.42,56.1,33.52,76.68,100.0,80.99,72.97,données du projet,89.4,82.83,80.43,37.7,78.65,84.22000000000004,65.70666666666666,57.85,57.32,57.32
EX24_Sfax_2020_09,Sfax,Sfax,Centre-Est,2020,9,2020-09-15,34.712929,10.768228,661924.33,3842631.92,700,80.0,32.22,28.35,56.81,54.04,66.23,99.16,83.39,67.33,données du projet,72.97,89.4,82.83,42.21,69.46,81.73333333333336,71.585,61.91,48.66,48.66
EX24_Sfax_2020_10,Sfax,Sfax,Centre-Est,2020,10,2020-10-15,34.674802,10.733362,658804.01,3838347.63,700,80.0,24.09,56.86,73.34,59.07,45.01,84.55,54.21,56.82,données du projet,67.33,72.97,89.4,61.67,56.98,76.5666666666667,75.77166666666666,37.04,50.56,50.56
EX24_Sfax_2020_11,Sfax,Sfax,Centre-Est,2020,11,2020-11-15,34.71903,10.731753,658572.13,3843250.46,700,80.0,18.51,90.33,69.35,61.73,38.16,87.42,60.18,50.79,données du projet,56.82,67.33,72.97,80.43,49.5,65.70666666666669,74.96333333333334,34.4,52.02,52.02
EX24_Sfax_2020_12,Sfax,Sfax,Centre-Est,2020,12,2020-12-15,34.734372,10.724912,657916.51,3844941.16,700,80.0,14.23,83.55,79.66,70.3,18.88,78.37,63.7,40.86,données du projet,50.79,56.82,67.33,82.83,47.37,58.31333333333336,70.02333333333333,35.74,49.68,49.68
EX24_Sfax_2021_01,Sfax,Sfax,Centre-Est,2021,1,2021-01-15,34.72245,10.782078,663174.11,3843710.24,700,80.0,17.5,74.09,83.71,59.9,30.85,78.45,62.33,52.04,données du projet,40.86,50.79,56.82,89.4,38.49,49.49000000000003,63.028333333333336,60.7,59.16,59.16
EX24_Sfax_2021_02,Sfax,Sfax,Centre-Est,2021,2,2021-02-15,34.743461,10.76445,661518.86,3846012.05,700,80.0,19.56,70.07,76.01,69.02,20.95,76.1,56.22,50.85,données du projet,52.04,40.86,50.79,72.97,37.7,47.8966666666667,56.80166666666667,54.8,56.86,56.86
EX24_Sfax_2021_03,Sfax,Sfax,Centre-Est,2021,3,2021-03-15,34.708891,10.733638,658764.1,3842128.86,700,80.0,22.22,63.7,73.6,50.11,29.48,88.46,67.74,50.01,données du projet,50.85,52.04,40.86,67.33,42.21,47.91666666666669,53.115,57.83,69.84,69.84
EX24_Sfax_2021_04,Sfax,Sfax,Centre-Est,2021,4,2021-04-15,34.812151,10.747257,659812.27,3853603.06,700,80.0,26.34,52.12,68.7,49.16,48.1,86.36,62.43,61.56,données du projet,50.01,50.85,52.04,56.82,61.67,50.9666666666667,50.22833333333333,58.4,72.02,72.02
EX24_Sfax_2021_05,Sfax,Sfax,Centre-Est,2021,5,2021-05-15,34.733249,10.738592,659171.17,3844838.22,700,80.0,29.83,60.24,60.1,54.66,60.08,84.06,39.42,66.22,données du projet,61.56,50.01,50.85,50.79,80.43,54.140000000000036,51.01833333333334,89.4,85.72,85.72
EX24_Sfax_2021_06,Sfax,Sfax,Centre-Est,2021,6,2021-06-15,34.723066,10.739716,659293.63,3843710.62,700,80.0,33.01,59.82,47.98,47.73,81.21,98.32,89.49,89.65,données du projet,66.22,61.56,50.01,40.86,82.83,59.26333333333336,53.589999999999996,76.79,82.67,82.67
EX24_Sfax_2021_07,Sfax,Sfax,Centre-Est,2021,7,2021-07-15,34.6962,10.751212,660398.19,3840749.17,700,80.0,36.61,45.22,53.98,36.43,84.33,100.0,93.31,88.75,données du projet,89.65,66.22,61.56,52.04,89.4,72.4766666666667,61.721666666666664,71.78,71.53,71.53
EX24_Sfax_2021_08,Sfax,Sfax,Centre-Est,2021,8,2021-08-15,34.73508,10.747804,660011.11,3845055.9,700,80.0,34.78,10.24,56.63,41.71,95.12,100.0,87.93,86.73,données du projet,88.75,89.65,66.22,50.85,72.97,81.54000000000003,67.84,64.99,57.86,57.86
EX24_Sfax_2021_09,Sfax,Sfax,Centre-Est,2021,9,2021-09-15,34.7397,10.761534,661259.22,3845590.27,700,80.0,31.03,33.62,58.48,50.96,63.32,81.95,88.15,73.64,données du projet,86.73,88.75,89.65,50.01,67.33,88.37666666666671,73.82000000000001,68.12,50.38,50.38
EX24_Sfax_2021_10,Sfax,Sfax,Centre-Est,2021,10,2021-10-15,34.765027,10.74106,659336.11,3848366.66,700,80.0,22.94,72.55,72.38,58.66,35.68,90.87,64.83,57.37,données du projet,73.64,86.73,88.75,61.56,56.82,83.04000000000003,77.75833333333334,54.92,41.19,41.19
EX24_Sfax_2021_11,Sfax,Sfax,Centre-Est,2021,11,2021-11-15,34.753287,10.745299,659746.66,3847071.28,700,80.0,20.58,88.35,79.04,68.17,37.03,84.19,70.07,48.61,données du projet,57.37,73.64,86.73,66.22,50.79,72.58000000000003,77.06,29.99,41.74,41.74
EX24_Sfax_2021_12,Sfax,Sfax,Centre-Est,2021,12,2021-12-15,34.756424,10.736001,658889.55,3847404.49,700,80.0,14.7,88.82,77.2,68.85,18.98,82.08,60.09,36.53,données du projet,48.61,57.37,73.64,89.65,40.86,59.87333333333337,74.125,36.84,42.86,42.86
EX24_Sfax_2022_01,Sfax,Sfax,Centre-Est,2022,1,2022-01-15,34.74559,10.827141,667254.09,3846350.76,700,80.0,15.16,92.56,80.7,62.5,26.44,81.44,71.1,41.01,données du projet,36.53,48.61,57.37,88.75,52.04,47.503333333333366,65.27166666666666,50.84,50.41,50.41
EX24_Sfax_2022_02,Sfax,Sfax,Centre-Est,2022,2,2022-02-15,34.769235,10.781045,662987.53,3848897.56,700,80.0,17.01,87.06,80.16,72.8,33.25,81.88,74.44,47.42,données du projet,41.01,36.53,48.61,86.73,50.85,42.05000000000003,57.315,51.67,66.65,66.65
EX24_Sfax_2022_03,Sfax,Sfax,Centre-Est,2022,3,2022-03-15,34.728522,10.745952,659854.13,3844325.59,700,80.0,22.09,59.48,71.39,53.98,37.64,93.92,54.88,46.62,données du projet,47.42,41.01,36.53,73.64,50.01,41.65333333333337,50.76333333333333,84.29,77.03,77.03
EX24_Sfax_2022_04,Sfax,Sfax,Centre-Est,2022,4,2022-04-15,34.740779,10.76222,661319.93,3845711.1,700,80.0,23.21,33.04,69.35,59.52,77.35,87.77,78.75,68.17,données du projet,46.62,47.42,41.01,57.37,61.56,45.0166666666667,46.26,65.84,85.54,85.54
EX24_Sfax_2022_05,Sfax,Sfax,Centre-Est,2022,5,2022-05-15,34.750307,10.765897,661638.05,3846773.75,700,80.0,28.58,94.71,51.11,62.78,49.48,100.0,84.39,75.55,données du projet,68.17,46.62,47.42,48.61,66.22,54.07000000000003,48.06,91.55,93.13,93.13
EX24_Sfax_2022_06,Sfax,Sfax,Centre-Est,2022,6,2022-06-15,34.743098,10.767238,661774.85,3845976.32,700,80.0,35.78,34.06,53.62,49.02,94.77,98.18,95.53,87.82,données du projet,75.55,68.17,46.62,36.53,89.65,63.446666666666694,52.550000000000004,86.3,83.89,83.89
EX24_Sfax_2022_07,Sfax,Sfax,Centre-Est,2022,7,2022-07-15,34.790242,10.78534,663339.21,3851234.41,700,80.0,34.69,21.14,44.9,32.56,87.54,94.38,93.43,94.41,données du projet,87.82,75.55,68.17,41.01,88.75,77.18000000000002,61.09833333333333,79.57,74.32,74.32
EX24_Sfax_2022_08,Sfax,Sfax,Centre-Est,2022,8,2022-08-15,34.696665,10.771998,662301.35,3840834.14,700,80.0,34.03,10.66,51.09,37.66,75.91,88.4,76.23,88.63,données du projet,94.41,87.82,75.55,47.42,86.73,85.92666666666669,69.99833333333332,69.33,60.41,60.41
EX24_Sfax_2022_09,Sfax,Sfax,Centre-Est,2022,9,2022-09-15,34.764576,10.770045,661989.87,3848362.97,700,80.0,30.37,14.74,60.07,49.26,81.67,89.86,87.2,69.21,données du projet,88.63,94.41,87.82,46.62,73.64,90.28666666666669,76.86666666666666,55.79,55.57,55.57
EX24_Sfax_2022_10,Sfax,Sfax,Centre-Est,2022,10,2022-10-15,34.763865,10.740708,659306.08,3848237.18,700,80.0,21.13,52.97,66.51,59.07,41.49,94.0,42.17,68.29,données du projet,69.21,88.63,94.41,68.17,57.37,84.08333333333336,80.63166666666666,54.7,46.34,46.34
EX24_Sfax_2022_11,Sfax,Sfax,Centre-Est,2022,11,2022-11-15,34.763932,10.782862,663164.28,3848312.32,700,80.0,20.19,71.36,76.21,63.28,37.36,81.19,65.21,55.18,données du projet,68.29,69.21,88.63,75.55,48.61,75.37666666666671,80.65166666666666,57.29,46.76,46.76
EX24_Sfax_2022_12,Sfax,Sfax,Centre-Est,2022,12,2022-12-15,34.716367,10.766029,661716.23,3843009.62,700,80.0,15.51,83.22,87.32,69.91,22.22,76.31,68.25,48.13,données du projet,55.18,68.29,69.21,87.82,36.53,64.2266666666667,77.25666666666666,40.62,40.77,40.77
EX24_Sfax_2023_01,Sfax,Sfax,Centre-Est,2023,1,2023-01-15,34.742223,10.749993,660197.73,3845851.65,700,80.0,19.32,90.47,88.99,67.55,16.79,69.51,64.26,41.81,données du projet,48.13,55.18,68.29,94.41,41.01,57.20000000000004,70.64166666666667,37.97,45.75,45.75
EX24_Sfax_2023_02,Sfax,Sfax,Centre-Est,2023,2,2023-02-15,34.74716,10.77468,662448.2,3846438.86,700,80.0,15.19,96.98,77.23,77.12,36.67,81.76,54.59,37.22,données du projet,41.81,48.13,55.18,88.63,47.42,48.37333333333337,61.875,40.86,58.5,58.5
EX24_Sfax_2023_03,Sfax,Sfax,Centre-Est,2023,3,2023-03-15,34.7777,10.731578,658444.0,3849757.15,700,80.0,21.36,95.45,71.57,64.16,38.55,81.58,65.22,46.23,données du projet,37.22,41.81,48.13,69.21,46.62,42.3866666666667,53.30666666666667,40.35,69.08,69.08
EX24_Sfax_2023_04,Sfax,Sfax,Centre-Est,2023,4,2023-04-15,34.679128,10.772185,662352.73,3838889.36,700,80.0,26.36,50.0,60.28,50.88,53.16,87.35,72.56,58.53,données du projet,46.23,37.22,41.81,68.29,68.17,41.753333333333366,49.47666666666667,59.96,80.16,80.16
EX24_Sfax_2023_05,Sfax,Sfax,Centre-Est,2023,5,2023-05-15,34.731388,10.716188,657123.33,3844596.59,700,80.0,29.89,33.09,66.86,48.97,76.75,92.88,62.8,69.12,données du projet,58.53,46.23,37.22,55.18,75.55,47.3266666666667,47.849999999999994,95.31,85.73,85.73
EX24_Sfax_2023_06,Sfax,Sfax,Centre-Est,2023,6,2023-06-15,34.774161,10.763671,661387.82,3849415.79,700,80.0,35.29,17.04,56.48,42.76,87.69,100.0,79.43,77.45,données du projet,69.12,58.53,46.23,48.13,87.82,57.960000000000036,50.17333333333334,95.24,88.38,88.38
EX24_Sfax_2023_07,Sfax,Sfax,Centre-Est,2023,7,2023-07-15,34.752916,10.729781,658326.84,3847005.53,700,80.0,36.03,13.26,45.35,41.13,89.71,99.16,91.11,94.29,données du projet,77.45,69.12,58.53,41.81,94.41,68.36666666666672,55.06,95.49,77.39,77.39
EX24_Sfax_2023_08,Sfax,Sfax,Centre-Est,2023,8,2023-08-15,34.713056,10.774434,662492.45,3842655.98,700,80.0,31.58,20.43,49.5,52.09,79.49,100.0,91.7,81.82,données du projet,94.29,77.45,69.12,37.22,88.63,80.2866666666667,63.80666666666667,78.88,65.42,65.42
EX24_Sfax_2023_09,Sfax,Sfax,Centre-Est,2023,9,2023-09-15,34.731392,10.750907,660302.31,3844651.79,700,80.0,30.41,47.19,56.2,54.11,78.0,91.39,90.5,80.38,données du projet,81.82,94.29,77.45,46.23,69.21,84.52000000000004,71.24,59.36,59.73,59.73
EX24_Sfax_2023_10,Sfax,Sfax,Centre-Est,2023,10,2023-10-15,34.749968,10.747342,659940.13,3846706.43,700,80.0,24.43,49.58,61.63,52.14,47.1,83.1,73.58,62.88,données du projet,80.38,81.82,94.29,58.53,68.29,85.49666666666671,76.93166666666667,55.0,52.01,52.01
EX24_Sfax_2023_11,Sfax,Sfax,Centre-Est,2023,11,2023-11-15,34.730003,10.759752,661114.89,3844511.93,700,80.0,19.24,72.23,75.42,70.6,35.02,77.17,63.13,59.8,données du projet,62.88,80.38,81.82,69.12,55.18,75.0266666666667,77.65666666666667,51.34,50.32,50.32
EX24_Sfax_2023_12,Sfax,Sfax,Centre-Est,2023,12,2023-12-15,34.735363,10.7232,657757.86,3845048.38,700,80.0,17.2,74.43,81.37,68.02,20.81,92.44,56.28,57.23,données du projet,59.8,62.88,80.38,77.45,48.13,67.68666666666671,76.10333333333334,36.38,46.74,46.74
EX24_Sfax_2024_01,Sfax,Sfax,Centre-Est,2024,1,2024-01-15,34.752334,10.728016,658166.38,3846938.21,700,80.0,18.48,85.73,72.06,78.3,17.71,81.18,55.6,41.91,données du projet,57.23,59.8,62.88,94.29,41.81,59.970000000000034,72.73333333333333,49.63,56.92,56.92
EX24_Sfax_2024_02,Sfax,Sfax,Centre-Est,2024,2,2024-02-15,34.776823,10.762263,661253.81,3849708.81,700,80.0,16.14,95.26,75.71,76.19,27.07,76.29,55.22,44.02,données du projet,41.91,57.23,59.8,81.82,37.22,52.98000000000004,64.00333333333333,39.98,60.58,60.58
EX24_Sfax_2024_03,Sfax,Sfax,Centre-Est,2024,3,2024-03-15,34.725267,10.733556,658725.34,3843944.94,700,80.0,22.06,80.7,69.23,64.74,40.01,74.48,64.9,52.61,données du projet,44.02,41.91,57.23,80.38,46.23,47.720000000000034,57.703333333333326,62.53,70.56,70.56
EX24_Sfax_2024_04,Sfax,Sfax,Centre-Est,2024,4,2024-04-15,34.754918,10.762898,661354.52,3847280.26,700,80.0,26.43,46.58,59.94,54.28,49.57,87.92,55.38,64.94,données du projet,52.61,44.02,41.91,62.88,58.53,46.180000000000035,53.074999999999996,78.13,72.19,72.19
EX24_Sfax_2024_05,Sfax,Sfax,Centre-Est,2024,5,2024-05-15,34.748569,10.792762,664100.81,3846624.46,700,80.0,27.29,25.48,66.59,52.29,86.86,90.2,74.14,65.56,données du projet,64.94,52.61,44.02,59.8,69.12,53.856666666666705,53.41833333333333,92.55,80.1,80.1
EX24_Sfax_2024_06,Sfax,Sfax,Centre-Est,2024,6,2024-06-15,34.710283,10.807081,665487.97,3842401.62,700,80.0,34.97,41.5,48.49,44.04,78.74,99.28,87.19,77.1,données du projet,65.56,64.94,52.61,57.23,77.45,61.0366666666667,54.37833333333333,100.0,79.14,79.14
EX24_Sfax_2024_07,Sfax,Sfax,Centre-Est,2024,7,2024-07-15,34.754652,10.718811,657319.39,3847180.89,700,80.0,36.09,17.63,55.63,37.48,88.97,100.0,93.21,85.13,données du projet,77.1,65.56,64.94,41.91,94.29,69.20000000000003,57.69,84.57,68.39,68.39
EX24_Sfax_2024_08,Sfax,Sfax,Centre-Est,2024,8,2024-08-15,34.700276,10.786782,663648.53,3841258.59,700,80.0,34.38,18.87,51.95,43.73,97.97,95.58,87.46,78.4,données du projet,85.13,77.1,65.56,44.02,81.82,75.93000000000004,64.89333333333333,70.98,57.98,57.98
EX24_Sfax_2024_09,Sfax,Sfax,Centre-Est,2024,9,2024-09-15,34.728058,10.714627,656986.7,3844224.84,700,80.0,32.55,50.7,57.86,41.64,60.0,100.0,94.59,63.26,données du projet,78.4,85.13,77.1,52.61,80.38,80.21000000000004,70.62333333333333,71.21,55.94,55.94
EX24_Sfax_2024_10,Sfax,Sfax,Centre-Est,2024,10,2024-10-15,34.73227,10.835872,668080.36,3844888.03,700,80.0,25.38,44.68,68.49,59.93,56.29,89.07,67.49,70.13,données du projet,63.26,78.4,85.13,64.94,62.88,75.5966666666667,72.39833333333333,38.58,47.14,47.14
EX24_Sfax_2024_11,Sfax,Sfax,Centre-Est,2024,11,2024-11-15,34.7352,10.763259,661425.92,3845093.99,700,80.0,18.9,82.95,82.39,67.63,24.28,91.06,69.06,50.9,données du projet,70.13,63.26,78.4,65.56,59.8,70.5966666666667,73.26333333333334,33.86,42.24,42.24
EX24_Sfax_2024_12,Sfax,Sfax,Centre-Est,2024,12,2024-12-15,34.738015,10.737454,659057.86,3845365.04,700,80.0,16.57,110.58,72.57,72.95,19.58,85.32,52.32,42.41,données du projet,50.9,70.13,63.26,77.1,57.23,61.430000000000035,70.82,78.02,50.33,50.33
EX24_Sfax_2025_01,Sfax,Sfax,Centre-Est,2025,1,2025-01-15,34.74467,10.751081,660292.6,3846124.76,700,80.0,17.75,80.12,85.04,63.38,16.68,84.29,63.44,48.83,données du projet,42.41,50.9,70.13,85.13,41.91,54.48000000000004,65.03833333333333,42.92,49.66,49.66
EX24_Sfax_2025_02,Sfax,Sfax,Centre-Est,2025,2,2025-02-15,34.725187,10.810721,665791.58,3844060.63,700,80.0,19.5,72.45,72.31,61.53,27.16,81.91,54.8,41.11,données du projet,48.83,42.41,50.9,78.4,44.02,47.38000000000003,58.98833333333334,48.07,57.7,57.7
EX24_Sfax_2025_03,Sfax,Sfax,Centre-Est,2025,3,2025-03-15,34.791572,10.791859,663933.04,3851392.5,700,80.0,23.29,64.12,71.62,54.06,47.25,91.05,55.77,51.96,données du projet,41.11,48.83,42.41,63.26,52.61,44.1166666666667,52.77333333333333,41.24,62.13,62.13
EX24_Sfax_2025_04,Sfax,Sfax,Centre-Est,2025,4,2025-04-15,34.71528,10.788466,663773.19,3842925.42,700,80.0,26.81,44.08,64.87,53.96,54.8,82.99,64.66,58.4,données du projet,51.96,41.11,48.83,70.13,64.94,47.30000000000003,50.88999999999999,78.94,70.23,70.23
EX24_Sfax_2025_05,Sfax,Sfax,Centre-Est,2025,5,2025-05-15,34.825694,10.782586,663017.3,3855161.95,700,80.0,26.62,68.81,51.27,42.39,70.82,97.61,60.25,71.93,données du projet,58.4,51.96,41.11,50.9,65.56,50.49000000000004,48.935,83.59,75.69,75.69
EX24_Sfax_2025_06,Sfax,Sfax,Centre-Est,2025,6,2025-06-15,34.745633,10.772125,662217.29,3846265.41,700,80.0,31.68,22.38,54.69,46.0,72.51,100.0,86.43,66.77,données du projet,71.93,58.4,51.96,42.41,77.1,60.76333333333337,52.44,97.36,82.56,82.56
EX24_Sfax_2025_07,Sfax,Sfax,Centre-Est,2025,7,2025-07-15,34.708928,10.777132,662747.6,3842202.53,700,80.0,35.55,36.72,52.06,36.07,84.88,100.0,86.89,78.12,données du projet,66.77,71.93,58.4,48.83,85.13,65.70000000000003,56.5,88.9,71.75,71.75
EX24_Sfax_2025_08,Sfax,Sfax,Centre-Est,2025,8,2025-08-15,34.740828,10.766633,661723.85,3845723.54,700,80.0,35.15,45.77,52.0,36.64,83.4,96.1,93.6,86.75,données du projet,78.12,66.77,71.93,41.11,78.4,72.27333333333337,61.38166666666666,77.16,66.39,66.39
EX24_Sfax_2025_09,Sfax,Sfax,Centre-Est,2025,9,2025-09-15,34.742537,10.794477,664269.73,3845958.24,700,80.0,32.03,44.06,64.63,60.16,77.04,96.4,65.25,81.13,données du projet,86.75,78.12,66.77,51.96,63.26,77.21333333333337,68.98833333333333,53.22,50.65,50.65
EX24_Sidi_Bouzid_2017_01,Sidi Bouzid,Sidi Bouzid,Centre,2017,1,2017-01-15,35.038129,9.482947,544049.48,3877378.05,85,36.0,15.2,48.01,78.59,60.53,26.78,52.9,14.81,43.89,données du projet,50.87,53.42,72.27,93.37,31.66,58.853333333333374,74.05999999999999,55.32,58.31,58.31
EX24_Sidi_Bouzid_2017_02,Sidi Bouzid,Sidi Bouzid,Centre,2017,2,2017-02-15,35.068846,9.487598,544457.01,3880786.61,85,36.0,16.73,85.73,71.5,47.91,33.51,62.01,12.03,49.98,données du projet,43.89,50.87,53.42,88.82,35.26,49.39333333333337,65.81333333333333,52.95,65.95,65.95
EX24_Sidi_Bouzid_2017_03,Sidi Bouzid,Sidi Bouzid,Centre,2017,3,2017-03-15,35.017375,9.497562,545393.98,3875082.96,85,36.0,22.91,36.95,60.54,39.77,56.98,50.72,29.0,59.99,données du projet,49.98,43.89,50.87,85.61,51.45,48.246666666666705,59.339999999999996,76.25,65.45,65.45
EX24_Sidi_Bouzid_2017_04,Sidi Bouzid,Sidi Bouzid,Centre,2017,4,2017-04-15,35.041362,9.489135,544612.13,3877739.31,85,36.0,26.03,33.83,57.47,44.62,68.7,65.37,24.7,64.48,données du projet,59.99,49.98,43.89,72.27,65.85,51.2866666666667,55.06999999999999,54.8,72.17,72.17
EX24_Sidi_Bouzid_2017_05,Sidi Bouzid,Sidi Bouzid,Centre,2017,5,2017-05-15,34.992486,9.472296,543101.9,3872311.64,85,36.0,28.42,17.97,60.49,46.63,77.04,64.06,2.95,59.57,données du projet,64.48,59.99,49.98,53.42,75.75,58.15000000000004,53.77166666666667,79.57,87.87,87.87
EX24_Sidi_Bouzid_2017_06,Sidi Bouzid,Sidi Bouzid,Centre,2017,6,2017-06-15,35.048273,9.484311,544168.38,3878503.63,85,36.0,32.62,18.89,43.37,23.15,87.4,55.19,44.05,79.97,données du projet,59.57,64.48,59.99,50.87,80.64,61.346666666666714,54.796666666666674,80.61,87.74,87.74
EX24_Sidi_Bouzid_2017_07,Sidi Bouzid,Sidi Bouzid,Centre,2017,7,2017-07-15,35.065618,9.475527,543358.11,3880423.29,85,36.0,34.11,16.03,45.05,22.54,91.86,67.5,24.15,87.41,données du projet,79.97,59.57,64.48,43.89,93.37,68.0066666666667,59.64666666666667,97.23,73.51,73.51
EX24_Sidi_Bouzid_2017_08,Sidi Bouzid,Sidi Bouzid,Centre,2017,8,2017-08-15,35.023595,9.460794,542036.26,3875756.64,85,36.0,34.92,0.31,42.65,22.93,90.42,67.0,45.96,84.72,données du projet,87.41,79.97,59.57,49.98,88.82,75.65000000000005,66.89999999999999,91.64,75.3,75.3
EX24_Sidi_Bouzid_2017_09,Sidi Bouzid,Sidi Bouzid,Centre,2017,9,2017-09-15,34.999547,9.48796,544527.55,3873101.57,85,36.0,28.78,52.85,47.72,33.61,77.97,64.87,29.88,83.26,données du projet,84.72,87.41,79.97,59.99,85.61,84.03333333333337,72.69,82.21,60.57,60.57
EX24_Sidi_Bouzid_2017_10,Sidi Bouzid,Sidi Bouzid,Centre,2017,10,2017-10-15,34.968211,9.48975,544707.97,3869627.36,85,36.0,25.4,41.5,57.65,53.54,52.87,58.7,14.33,67.73,données du projet,83.26,84.72,87.41,64.48,72.27,85.13000000000005,76.56833333333334,75.47,52.52,52.52
EX24_Sidi_Bouzid_2017_11,Sidi Bouzid,Sidi Bouzid,Centre,2017,11,2017-11-15,35.076678,9.487841,544474.95,3881655.2,85,36.0,22.02,48.96,66.82,46.02,53.45,51.59,37.47,63.55,données du projet,67.73,83.26,84.72,59.57,53.42,78.57000000000005,77.11,45.5,47.46,47.46
EX24_Sidi_Bouzid_2017_12,Sidi Bouzid,Sidi Bouzid,Centre,2017,12,2017-12-15,35.026345,9.516741,547138.54,3876086.64,85,36.0,17.84,91.92,75.46,54.73,41.43,43.12,29.62,51.91,données du projet,63.55,67.73,83.26,79.97,50.87,71.51333333333338,77.77333333333333,62.08,51.22,51.22
EX24_Sidi_Bouzid_2018_01,Sidi Bouzid,Sidi Bouzid,Centre,2018,1,2018-01-15,34.999719,9.493923,545071.65,3873123.3,85,36.0,19.95,48.67,70.38,52.13,38.83,34.25,13.29,44.47,données du projet,51.91,63.55,67.73,87.41,43.89,61.06333333333339,73.09666666666666,29.66,50.23,50.23
EX24_Sidi_Bouzid_2018_02,Sidi Bouzid,Sidi Bouzid,Centre,2018,2,2018-02-15,35.036319,9.49825,545446.27,3877184.17,85,36.0,16.42,40.94,73.24,54.72,48.7,52.24,4.44,44.81,données du projet,44.47,51.91,63.55,84.72,49.98,53.31000000000004,65.94,49.95,65.15,65.15
EX24_Sidi_Bouzid_2018_03,Sidi Bouzid,Sidi Bouzid,Centre,2018,3,2018-03-15,35.022284,9.469936,542870.94,3875615.23,85,36.0,21.84,52.79,72.23,51.99,57.65,51.43,35.75,56.45,données du projet,44.81,44.47,51.91,83.26,59.99,47.06333333333338,59.28833333333333,42.16,65.62,65.62
EX24_Sidi_Bouzid_2018_04,Sidi Bouzid,Sidi Bouzid,Centre,2018,4,2018-04-15,35.007375,9.469161,542808.06,3873961.48,85,36.0,27.33,27.7,57.7,44.94,70.96,53.07,17.03,59.89,données du projet,56.45,44.81,44.47,67.73,64.48,48.57666666666671,54.81999999999999,57.53,73.51,73.51
EX24_Sidi_Bouzid_2018_05,Sidi Bouzid,Sidi Bouzid,Centre,2018,5,2018-05-15,35.050786,9.522971,547692.67,3878800.04,85,36.0,29.61,15.28,51.01,29.84,64.78,67.53,28.49,68.94,données du projet,59.89,56.45,44.81,63.55,59.57,53.71666666666672,53.51333333333333,73.33,82.02,82.02
EX24_Sidi_Bouzid_2018_06,Sidi Bouzid,Sidi Bouzid,Centre,2018,6,2018-06-15,35.051422,9.466843,542573.67,3878845.15,85,36.0,34.81,8.89,39.11,30.45,88.08,62.79,42.47,75.57,données du projet,68.94,59.89,56.45,51.91,79.97,61.76000000000005,54.41166666666667,94.23,85.6,85.6
EX24_Sidi_Bouzid_2018_07,Sidi Bouzid,Sidi Bouzid,Centre,2018,7,2018-07-15,34.975792,9.452586,541311.55,3870452.02,85,36.0,36.24,2.56,40.65,25.03,100.0,70.32,37.11,92.7,données du projet,75.57,68.94,59.89,44.47,87.41,68.13333333333338,58.355,73.06,76.26,76.26
EX24_Sidi_Bouzid_2018_08,Sidi Bouzid,Sidi Bouzid,Centre,2018,8,2018-08-15,35.075754,9.479771,543739.64,3881549.16,85,36.0,35.33,18.57,42.87,28.35,91.6,76.86,42.83,87.62,données du projet,92.7,75.57,68.94,44.81,84.72,79.07000000000005,66.39333333333333,71.69,68.77,68.77
EX24_Sidi_Bouzid_2018_09,Sidi Bouzid,Sidi Bouzid,Centre,2018,9,2018-09-15,35.043587,9.489117,544609.22,3877986.02,85,36.0,28.65,34.33,54.86,29.62,73.7,64.51,42.51,79.15,données du projet,87.62,92.7,75.57,56.45,83.26,85.29666666666672,73.52833333333334,68.17,60.65,60.65
EX24_Sidi_Bouzid_2018_10,Sidi Bouzid,Sidi Bouzid,Centre,2018,10,2018-10-15,35.080201,9.461505,542072.12,3882034.44,85,36.0,21.6,36.67,59.4,50.33,60.14,64.59,12.7,70.63,données du projet,79.15,87.62,92.7,59.89,67.73,86.49000000000005,77.31166666666667,39.92,50.14,50.14
EX24_Sidi_Bouzid_2018_11,Sidi Bouzid,Sidi Bouzid,Centre,2018,11,2018-11-15,35.012162,9.482052,543981.72,3874497.96,85,36.0,19.36,52.62,81.36,46.85,38.26,64.97,20.01,56.48,données du projet,70.63,79.15,87.62,68.94,63.55,79.13333333333338,79.10166666666667,54.72,42.39,42.39
EX24_Sidi_Bouzid_2018_12,Sidi Bouzid,Sidi Bouzid,Centre,2018,12,2018-12-15,35.032905,9.449557,541006.51,3876784.44,85,36.0,15.6,48.76,69.38,49.75,44.98,52.19,12.22,45.29,données du projet,56.48,70.63,79.15,75.57,51.91,68.75333333333339,77.02499999999999,63.19,46.71,46.71
EX24_Sidi_Bouzid_2019_01,Sidi Bouzid,Sidi Bouzid,Centre,2019,1,2019-01-15,35.024232,9.512694,546770.55,3875850.36,85,36.0,17.37,56.29,71.52,49.73,33.33,48.61,10.05,49.61,données du projet,45.29,56.48,70.63,92.7,44.47,57.46666666666672,71.97833333333334,53.02,56.11,56.11
EX24_Sidi_Bouzid_2019_02,Sidi Bouzid,Sidi Bouzid,Centre,2019,2,2019-02-15,35.045256,9.47682,543486.79,3878165.69,85,36.0,15.17,45.78,74.01,49.84,37.32,58.79,7.19,39.05,données du projet,49.61,45.29,56.48,87.62,44.81,50.46000000000004,64.79666666666667,55.56,63.34,63.34
EX24_Sidi_Bouzid_2019_03,Sidi Bouzid,Sidi Bouzid,Centre,2019,3,2019-03-15,35.01697,9.483111,544075.72,3875031.55,85,36.0,19.81,35.36,67.88,42.09,51.87,51.42,12.0,54.39,données du projet,39.05,49.61,45.29,79.15,56.45,44.650000000000055,56.70166666666666,67.27,74.53,74.53
EX24_Sidi_Bouzid_2019_04,Sidi Bouzid,Sidi Bouzid,Centre,2019,4,2019-04-15,35.065261,9.523552,547737.24,3880405.59,85,36.0,24.85,34.37,59.54,47.33,78.86,66.19,16.47,71.99,données du projet,54.39,39.05,49.61,70.63,59.89,47.68333333333337,52.57499999999999,79.56,78.0,78.0
EX24_Sidi_Bouzid_2019_05,Sidi Bouzid,Sidi Bouzid,Centre,2019,5,2019-05-15,35.051968,9.491325,544806.08,3878916.45,85,36.0,29.46,35.2,46.89,36.0,67.79,63.85,11.28,71.18,données du projet,71.99,54.39,39.05,56.48,68.94,55.14333333333337,52.80166666666667,100.0,83.51,83.51
EX24_Sidi_Bouzid_2019_06,Sidi Bouzid,Sidi Bouzid,Centre,2019,6,2019-06-15,35.044468,9.483266,544075.17,3878081.11,85,36.0,31.76,13.34,43.28,23.82,97.73,60.5,46.53,83.32,données du projet,71.18,71.99,54.39,45.29,75.57,65.85333333333338,55.251666666666665,67.95,78.25,78.25
EX24_Sidi_Bouzid_2019_07,Sidi Bouzid,Sidi Bouzid,Centre,2019,7,2019-07-15,35.019832,9.516281,547100.31,3875364.17,85,36.0,37.01,5.04,41.24,20.52,100.0,66.8,53.54,79.46,données du projet,83.32,71.18,71.99,49.61,92.7,75.49666666666671,61.59,94.41,73.94,73.94
EX24_Sidi_Bouzid_2019_08,Sidi Bouzid,Sidi Bouzid,Centre,2019,8,2019-08-15,35.079934,9.509453,546443.43,3882026.22,85,36.0,35.34,28.51,48.19,31.87,97.23,65.75,29.8,78.44,données du projet,79.46,83.32,71.18,39.05,87.62,77.98666666666672,66.565,70.34,64.08,64.08
EX24_Sidi_Bouzid_2019_09,Sidi Bouzid,Sidi Bouzid,Centre,2019,9,2019-09-15,35.030108,9.506596,546210.95,3876499.22,85,36.0,30.52,46.16,50.64,43.0,77.41,61.13,46.01,76.68,données du projet,78.44,79.46,83.32,54.39,79.15,80.40666666666671,73.13,55.86,55.29,55.29
EX24_Sidi_Bouzid_2019_10,Sidi Bouzid,Sidi Bouzid,Centre,2019,10,2019-10-15,35.009797,9.501414,545749.62,3874244.33,85,36.0,24.61,23.74,67.54,35.42,62.2,57.76,13.15,61.13,données du projet,76.68,78.44,79.46,71.99,70.63,78.19333333333338,76.845,37.12,51.21,51.21
EX24_Sidi_Bouzid_2019_11,Sidi Bouzid,Sidi Bouzid,Centre,2019,11,2019-11-15,35.024921,9.518928,547338.91,3875929.76,85,36.0,17.25,41.03,63.02,47.92,49.02,53.29,15.17,53.68,données du projet,61.13,76.68,78.44,71.18,56.48,72.08333333333339,75.035,41.3,47.41,47.41
EX24_Sidi_Bouzid_2019_12,Sidi Bouzid,Sidi Bouzid,Centre,2019,12,2019-12-15,35.0608,9.441653,540271.83,3879874.74,85,36.0,16.23,52.08,72.47,55.69,38.27,45.01,19.51,45.25,données du projet,53.68,61.13,76.68,83.32,45.29,63.83000000000006,72.11833333333333,51.9,54.6,54.6
EX24_Sidi_Bouzid_2020_01,Sidi Bouzid,Sidi Bouzid,Centre,2020,1,2020-01-15,35.038124,9.537048,548984.04,3877402.64,85,36.0,14.47,54.14,69.78,51.3,26.74,45.66,24.55,45.66,données du projet,45.25,53.68,61.13,79.46,49.61,53.35333333333338,65.77333333333333,51.26,52.78,52.78
EX24_Sidi_Bouzid_2020_02,Sidi Bouzid,Sidi Bouzid,Centre,2020,2,2020-02-15,35.099837,9.409245,537298.96,3884191.35,85,36.0,16.94,60.27,75.63,56.04,30.03,55.5,18.4,53.42,données du projet,45.66,45.25,53.68,78.44,39.05,48.196666666666715,60.14000000000001,45.97,60.31,60.31
EX24_Sidi_Bouzid_2020_03,Sidi Bouzid,Sidi Bouzid,Centre,2020,3,2020-03-15,35.039914,9.509247,546447.24,3877587.91,85,36.0,21.13,57.29,61.65,48.89,39.04,50.91,16.61,53.49,données du projet,53.42,45.66,45.25,76.68,54.39,48.11000000000005,55.97,55.55,61.91,61.91
EX24_Sidi_Bouzid_2020_04,Sidi Bouzid,Sidi Bouzid,Centre,2020,4,2020-04-15,35.019907,9.469878,542866.88,3875351.51,85,36.0,25.48,31.63,56.73,32.08,59.62,45.82,15.96,61.85,données du projet,53.49,53.42,45.66,61.13,71.99,50.85666666666671,52.105,65.39,81.39,81.39
EX24_Sidi_Bouzid_2020_05,Sidi Bouzid,Sidi Bouzid,Centre,2020,5,2020-05-15,35.062248,9.51129,546620.87,3880065.72,85,36.0,27.96,52.8,48.07,39.07,74.51,58.51,23.18,68.93,données du projet,61.85,53.49,53.42,53.68,71.18,56.25333333333339,52.225,87.5,90.88,90.88
EX24_Sidi_Bouzid_2020_06,Sidi Bouzid,Sidi Bouzid,Centre,2020,6,2020-06-15,35.027692,9.509783,546503.06,3876232.7,85,36.0,31.49,34.99,48.56,29.03,85.12,71.93,29.02,73.18,données du projet,68.93,61.85,53.49,45.25,83.32,61.42333333333338,54.76666666666667,96.06,93.8,93.8
EX24_Sidi_Bouzid_2020_07,Sidi Bouzid,Sidi Bouzid,Centre,2020,7,2020-07-15,34.989542,9.465849,542515.07,3871982.4,85,36.0,37.73,17.49,43.57,29.11,100.0,72.38,37.8,95.27,données du projet,73.18,68.93,61.85,45.66,79.46,67.98666666666672,59.421666666666674,100.0,87.54,87.54
EX24_Sidi_Bouzid_2020_08,Sidi Bouzid,Sidi Bouzid,Centre,2020,8,2020-08-15,35.050891,9.435507,539716.29,3878773.42,85,36.0,34.53,21.39,40.68,29.88,92.13,63.9,26.32,97.79,données du projet,95.27,73.18,68.93,53.42,78.44,79.12666666666672,67.69,88.06,74.19,74.19
EX24_Sidi_Bouzid_2020_09,Sidi Bouzid,Sidi Bouzid,Centre,2020,9,2020-09-15,35.054759,9.471172,542966.76,3879217.08,85,36.0,33.22,12.76,49.22,29.17,74.32,66.55,44.92,83.76,données du projet,97.79,95.27,73.18,53.49,76.68,88.74666666666671,75.08500000000001,80.02,66.48,66.48
EX24_Sidi_Bouzid_2020_10,Sidi Bouzid,Sidi Bouzid,Centre,2020,10,2020-10-15,35.05898,9.523358,547723.2,3879709.0,85,36.0,21.6,31.94,64.0,49.28,53.16,46.38,24.23,70.16,données du projet,83.76,97.79,95.27,61.85,61.13,92.27333333333338,80.13000000000001,66.87,60.83,60.83
EX24_Sidi_Bouzid_2020_11,Sidi Bouzid,Sidi Bouzid,Centre,2020,11,2020-11-15,35.02177,9.464219,542349.73,3875555.79,85,36.0,19.3,46.66,70.33,47.93,48.04,45.92,26.68,68.3,données du projet,70.16,83.76,97.79,68.93,53.68,83.90333333333338,81.515,56.1,51.38,51.38
EX24_Sidi_Bouzid_2020_12,Sidi Bouzid,Sidi Bouzid,Centre,2020,12,2020-12-15,35.085797,9.511029,546583.69,3882677.16,85,36.0,16.93,60.9,73.38,50.54,32.6,50.27,3.14,57.58,données du projet,68.3,70.16,83.76,73.18,45.25,74.07333333333338,81.41,42.17,56.88,56.88
EX24_Sidi_Bouzid_2021_01,Sidi Bouzid,Sidi Bouzid,Centre,2021,1,2021-01-15,35.005649,9.475284,543367.65,3873772.73,85,36.0,16.47,55.44,67.43,57.03,33.85,45.7,2.96,56.21,données du projet,57.58,68.3,70.16,95.27,45.66,65.3466666666667,78.81,56.85,55.47,55.47
EX24_Sidi_Bouzid_2021_02,Sidi Bouzid,Sidi Bouzid,Centre,2021,2,2021-02-15,35.018072,9.47231,543089.77,3875149.11,85,36.0,17.17,62.53,69.68,59.84,42.59,47.81,15.18,47.36,données du projet,56.21,57.58,68.3,97.79,53.42,60.696666666666715,72.3,53.77,72.82,72.82
EX24_Sidi_Bouzid_2021_03,Sidi Bouzid,Sidi Bouzid,Centre,2021,3,2021-03-15,34.983125,9.492365,544938.5,3871282.35,85,36.0,22.68,36.95,67.86,47.07,65.39,49.64,0.0,60.73,données du projet,47.36,56.21,57.58,83.76,53.49,53.71666666666672,63.895,75.82,74.84,74.84
EX24_Sidi_Bouzid_2021_04,Sidi Bouzid,Sidi Bouzid,Centre,2021,4,2021-04-15,35.032064,9.527535,548119.91,3876726.06,85,36.0,25.84,36.09,53.11,38.29,61.84,62.17,17.08,64.3,données du projet,60.73,47.36,56.21,70.16,61.85,54.76666666666671,60.056666666666665,66.36,90.58,90.58
EX24_Sidi_Bouzid_2021_05,Sidi Bouzid,Sidi Bouzid,Centre,2021,5,2021-05-15,35.041412,9.517605,547208.72,3877757.98,85,36.0,30.26,38.56,53.13,38.75,89.99,65.38,14.28,81.47,données du projet,64.3,60.73,47.36,68.3,68.93,57.463333333333374,59.07999999999999,85.05,91.19,91.19
EX24_Sidi_Bouzid_2021_06,Sidi Bouzid,Sidi Bouzid,Centre,2021,6,2021-06-15,35.009954,9.475617,543395.73,3874250.24,85,36.0,30.58,8.15,48.25,35.62,84.72,77.17,49.74,87.77,données du projet,81.47,64.3,60.73,57.58,73.18,68.83333333333339,61.275,91.01,94.49,94.49
EX24_Sidi_Bouzid_2021_07,Sidi Bouzid,Sidi Bouzid,Centre,2021,7,2021-07-15,35.051114,9.478136,543603.73,3878815.92,85,36.0,37.77,13.82,39.74,19.75,100.0,71.93,25.32,90.99,données du projet,87.77,81.47,64.3,56.21,95.27,77.8466666666667,66.30666666666666,96.42,84.54,84.54
EX24_Sidi_Bouzid_2021_08,Sidi Bouzid,Sidi Bouzid,Centre,2021,8,2021-08-15,35.003532,9.461128,542077.07,3873531.83,85,36.0,33.57,12.93,46.53,27.28,98.72,67.35,36.42,95.06,données du projet,90.99,87.77,81.47,47.36,97.79,86.74333333333338,72.10333333333334,74.58,71.54,71.54
EX24_Sidi_Bouzid_2021_09,Sidi Bouzid,Sidi Bouzid,Centre,2021,9,2021-09-15,35.053292,9.465151,542418.45,3879051.84,85,36.0,31.52,8.99,55.89,35.7,80.86,57.82,42.37,83.96,données du projet,95.06,90.99,87.77,60.73,83.76,91.27333333333338,80.05333333333333,92.59,58.21,58.21
EX24_Sidi_Bouzid_2021_10,Sidi Bouzid,Sidi Bouzid,Centre,2021,10,2021-10-15,35.028436,9.519594,547397.66,3876319.85,85,36.0,23.75,40.67,63.8,38.22,52.28,57.51,5.63,76.38,données du projet,83.96,95.06,90.99,64.3,70.16,90.00333333333339,83.925,46.3,45.45,45.45
EX24_Sidi_Bouzid_2021_11,Sidi Bouzid,Sidi Bouzid,Centre,2021,11,2021-11-15,35.050965,9.482108,543966.05,3878801.13,85,36.0,18.3,42.19,60.42,41.53,42.48,57.91,17.26,57.14,données du projet,76.38,83.96,95.06,81.47,68.3,85.13333333333338,85.93833333333333,40.84,48.61,48.61
EX24_Sidi_Bouzid_2021_12,Sidi Bouzid,Sidi Bouzid,Centre,2021,12,2021-12-15,35.07113,9.444083,540488.37,3881021.27,85,36.0,15.41,43.74,67.16,54.32,45.7,57.87,20.66,50.37,données du projet,57.14,76.38,83.96,87.77,57.58,72.49333333333338,81.88333333333333,32.3,51.93,51.93
EX24_Sidi_Bouzid_2022_01,Sidi Bouzid,Sidi Bouzid,Centre,2022,1,2022-01-15,35.067732,9.496384,545258.68,3880666.94,85,36.0,16.61,42.63,73.71,50.68,43.19,44.59,19.77,35.84,données du projet,50.37,57.14,76.38,90.99,56.21,61.29666666666672,75.64999999999999,47.68,70.79,70.79
EX24_Sidi_Bouzid_2022_02,Sidi Bouzid,Sidi Bouzid,Centre,2022,2,2022-02-15,35.022349,9.463452,542279.4,3875619.57,85,36.0,16.96,41.7,77.79,59.76,41.23,50.01,12.82,54.32,données du projet,35.84,50.37,57.14,95.06,47.36,47.78333333333338,66.45833333333333,51.39,70.47,70.47
EX24_Sidi_Bouzid_2022_03,Sidi Bouzid,Sidi Bouzid,Centre,2022,3,2022-03-15,35.014858,9.464762,542402.83,3874789.44,85,36.0,19.21,85.41,71.49,48.2,48.88,63.78,12.93,63.42,données du projet,54.32,35.84,50.37,83.96,60.73,46.84333333333338,59.66833333333333,66.75,82.02,82.02
EX24_Sidi_Bouzid_2022_04,Sidi Bouzid,Sidi Bouzid,Centre,2022,4,2022-04-15,35.032683,9.47246,543095.77,3876769.53,85,36.0,24.94,36.96,57.39,43.06,63.23,60.74,18.75,75.99,données du projet,63.42,54.32,35.84,76.38,64.3,51.193333333333385,56.245,87.13,83.9,83.9
EX24_Sidi_Bouzid_2022_05,Sidi Bouzid,Sidi Bouzid,Centre,2022,5,2022-05-15,35.075784,9.411645,537528.71,3881524.71,85,36.0,26.2,38.64,48.78,29.26,74.45,60.5,17.29,80.07,données du projet,75.99,63.42,54.32,57.14,81.47,64.57666666666671,56.18,72.85,86.35,86.35
EX24_Sidi_Bouzid_2022_06,Sidi Bouzid,Sidi Bouzid,Centre,2022,6,2022-06-15,35.049143,9.502634,545838.96,3878608.34,85,36.0,35.56,27.46,39.69,27.18,83.21,73.97,38.24,81.26,données du projet,80.07,75.99,63.42,50.37,87.77,73.16000000000004,60.001666666666665,81.74,81.43,81.43
EX24_Sidi_Bouzid_2022_07,Sidi Bouzid,Sidi Bouzid,Centre,2022,7,2022-07-15,35.013525,9.481983,543974.7,3874649.03,85,36.0,34.98,6.77,43.85,24.76,94.67,70.84,40.6,90.94,données du projet,81.26,80.07,75.99,35.84,90.99,79.1066666666667,65.14999999999999,82.54,82.02,82.02
EX24_Sidi_Bouzid_2022_08,Sidi Bouzid,Sidi Bouzid,Centre,2022,8,2022-08-15,35.075849,9.490012,544673.29,3881564.29,85,36.0,34.22,30.58,41.0,18.44,89.3,77.63,47.68,85.71,données du projet,90.94,81.26,80.07,54.32,95.06,84.09000000000005,74.33333333333333,86.27,75.41,75.41
EX24_Sidi_Bouzid_2022_09,Sidi Bouzid,Sidi Bouzid,Centre,2022,9,2022-09-15,35.04489,9.503189,545891.95,3878136.88,85,36.0,33.33,16.39,47.7,25.47,76.82,64.19,37.75,78.82,données du projet,85.71,90.94,81.26,63.42,83.96,85.97000000000004,79.565,86.35,63.52,63.52
EX24_Sidi_Bouzid_2022_10,Sidi Bouzid,Sidi Bouzid,Centre,2022,10,2022-10-15,35.076664,9.497214,545329.43,3881657.93,85,36.0,20.3,31.15,60.73,44.64,58.0,58.8,4.13,76.07,données du projet,78.82,85.71,90.94,75.99,76.38,85.15666666666671,82.13166666666666,59.7,56.95,56.95
EX24_Sidi_Bouzid_2022_11,Sidi Bouzid,Sidi Bouzid,Centre,2022,11,2022-11-15,35.072409,9.433933,539562.32,3881159.12,85,36.0,18.54,55.48,71.92,53.0,51.24,59.09,9.51,63.55,données du projet,76.07,78.82,85.71,80.07,57.14,80.20000000000005,82.145,47.98,53.4,53.4
EX24_Sidi_Bouzid_2022_12,Sidi Bouzid,Sidi Bouzid,Centre,2022,12,2022-12-15,35.009936,9.437753,539941.01,3874232.45,85,36.0,15.98,44.9,74.77,55.83,36.43,46.34,20.69,50.9,données du projet,63.55,76.07,78.82,81.26,50.37,72.81333333333338,79.39166666666667,45.92,49.82,49.82
EX24_Sidi_Bouzid_2023_01,Sidi Bouzid,Sidi Bouzid,Centre,2023,1,2023-01-15,34.989021,9.497256,545381.66,3871938.41,85,36.0,20.03,64.79,71.08,54.24,40.72,48.39,5.06,50.49,données du projet,50.9,63.55,76.07,90.94,35.84,63.50666666666671,74.33166666666666,49.15,59.7,59.7
EX24_Sidi_Bouzid_2023_02,Sidi Bouzid,Sidi Bouzid,Centre,2023,2,2023-02-15,35.035477,9.482761,544033.89,3877083.85,85,36.0,15.05,42.42,72.78,53.13,42.55,46.03,2.05,46.48,données du projet,50.49,50.9,63.55,85.71,54.32,54.98000000000005,67.58999999999999,48.9,69.66,69.66
EX24_Sidi_Bouzid_2023_03,Sidi Bouzid,Sidi Bouzid,Centre,2023,3,2023-03-15,35.039095,9.481273,543896.25,3877484.37,85,36.0,20.28,45.53,61.69,43.43,58.08,54.01,9.6,55.6,données du projet,46.48,50.49,50.9,78.82,63.42,49.29000000000005,61.051666666666655,66.43,73.74,73.74
EX24_Sidi_Bouzid_2023_04,Sidi Bouzid,Sidi Bouzid,Centre,2023,4,2023-04-15,35.037572,9.471331,542990.21,3877311.2,85,36.0,27.24,41.42,60.54,35.21,73.96,70.14,6.68,73.71,données du projet,55.6,46.48,50.49,76.07,75.99,50.85666666666671,57.18166666666667,62.56,77.83,77.83
EX24_Sidi_Bouzid_2023_05,Sidi Bouzid,Sidi Bouzid,Centre,2023,5,2023-05-15,35.017943,9.49303,544980.18,3875143.98,85,36.0,30.58,64.87,55.41,33.82,57.78,64.22,22.61,70.1,données du projet,73.71,55.6,46.48,63.55,80.07,58.596666666666714,56.78833333333333,100.0,89.57,89.57
EX24_Sidi_Bouzid_2023_06,Sidi Bouzid,Sidi Bouzid,Centre,2023,6,2023-06-15,35.102409,9.416554,537963.91,3884479.24,85,36.0,30.92,8.0,51.24,24.85,86.74,55.96,33.05,79.37,données du projet,70.1,73.71,55.6,50.9,81.26,66.47000000000004,57.879999999999995,88.46,91.58,91.58
EX24_Sidi_Bouzid_2023_07,Sidi Bouzid,Sidi Bouzid,Centre,2023,7,2023-07-15,35.018368,9.445651,540657.46,3875170.75,85,36.0,33.65,0.0,38.06,22.65,99.29,71.03,50.35,89.77,données du projet,79.37,70.1,73.71,50.49,90.94,74.39333333333337,62.625,84.97,85.21,85.21
EX24_Sidi_Bouzid_2023_08,Sidi Bouzid,Sidi Bouzid,Centre,2023,8,2023-08-15,35.064823,9.510033,546504.8,3880350.69,85,36.0,33.65,17.71,46.35,22.01,92.31,74.3,31.21,99.04,données du projet,89.77,79.37,70.1,46.48,85.71,79.74666666666671,69.17166666666667,90.71,76.1,76.1
EX24_Sidi_Bouzid_2023_09,Sidi Bouzid,Sidi Bouzid,Centre,2023,9,2023-09-15,35.04853,9.483389,544084.16,3878531.7,85,36.0,29.61,9.64,55.28,35.02,94.82,61.47,39.66,89.46,données du projet,99.04,89.77,79.37,55.6,78.82,89.39333333333339,77.93166666666667,68.94,66.15,66.15
EX24_Sidi_Bouzid_2023_10,Sidi Bouzid,Sidi Bouzid,Centre,2023,10,2023-10-15,35.060625,9.510785,546575.79,3879885.48,85,36.0,24.08,52.59,64.46,48.75,48.55,54.78,12.57,67.67,données du projet,89.46,99.04,89.77,73.71,76.07,92.75666666666672,83.575,81.01,57.01,57.01
EX24_Sidi_Bouzid_2023_11,Sidi Bouzid,Sidi Bouzid,Centre,2023,11,2023-11-15,35.048196,9.494025,545054.35,3878499.41,85,36.0,19.36,42.65,70.16,45.95,50.92,45.21,10.77,66.14,données du projet,67.67,89.46,99.04,70.1,63.55,85.39000000000006,82.56833333333333,52.08,52.7,52.7
EX24_Sidi_Bouzid_2023_12,Sidi Bouzid,Sidi Bouzid,Centre,2023,12,2023-12-15,35.052147,9.466496,542541.68,3878925.41,85,36.0,16.11,56.8,67.01,56.76,34.15,58.36,7.91,60.99,données du projet,66.14,67.67,89.46,79.37,50.9,74.42333333333339,81.90833333333333,46.35,54.61,54.61
EX24_Sidi_Bouzid_2024_01,Sidi Bouzid,Sidi Bouzid,Centre,2024,1,2024-01-15,35.032404,9.489115,544615.12,3876745.92,85,36.0,16.29,61.26,72.52,55.39,23.27,48.21,12.8,44.9,données du projet,60.99,66.14,67.67,89.77,50.49,64.93333333333338,78.84500000000001,56.02,64.46,64.46
EX24_Sidi_Bouzid_2024_02,Sidi Bouzid,Sidi Bouzid,Centre,2024,2,2024-02-15,35.049907,9.509045,546423.16,3878695.98,85,36.0,17.61,60.62,65.07,51.45,46.16,49.05,22.55,51.76,données du projet,44.9,60.99,66.14,99.04,46.48,57.34333333333338,71.36666666666666,78.52,73.11,73.11
EX24_Sidi_Bouzid_2024_03,Sidi Bouzid,Sidi Bouzid,Centre,2024,3,2024-03-15,35.054141,9.502851,545855.98,3879162.72,85,36.0,20.93,32.23,69.66,55.47,63.14,65.83,10.75,67.01,données du projet,51.76,44.9,60.99,89.46,55.6,52.55000000000005,63.48666666666666,77.78,79.47,79.47
EX24_Sidi_Bouzid_2024_04,Sidi Bouzid,Sidi Bouzid,Centre,2024,4,2024-04-15,35.002141,9.421958,538503.49,3873361.81,85,36.0,24.48,12.94,59.25,38.43,65.67,65.38,11.66,77.75,données du projet,67.01,51.76,44.9,67.67,73.71,54.55666666666671,59.745000000000005,87.45,84.11,84.11
EX24_Sidi_Bouzid_2024_05,Sidi Bouzid,Sidi Bouzid,Centre,2024,5,2024-05-15,35.00956,9.486223,544363.67,3874211.19,85,36.0,29.47,33.15,59.55,32.6,84.3,65.77,6.46,69.13,données du projet,77.75,67.01,51.76,66.14,70.1,65.50666666666672,61.42500000000001,89.62,97.37,97.37
EX24_Sidi_Bouzid_2024_06,Sidi Bouzid,Sidi Bouzid,Centre,2024,6,2024-06-15,35.109162,9.508527,546342.44,3885267.15,85,36.0,36.16,21.55,45.61,33.82,91.87,78.78,43.62,92.98,données du projet,69.13,77.75,67.01,60.99,79.37,71.29666666666672,61.923333333333325,100.0,91.94,91.94
EX24_Sidi_Bouzid_2024_07,Sidi Bouzid,Sidi Bouzid,Centre,2024,7,2024-07-15,35.029206,9.500042,545613.62,3876396.21,85,36.0,35.6,5.87,47.94,26.14,100.0,68.85,39.87,100.0,données du projet,92.98,69.13,77.75,44.9,89.77,79.95333333333338,67.255,100.0,89.42,89.42
EX24_Sidi_Bouzid_2024_08,Sidi Bouzid,Sidi Bouzid,Centre,2024,8,2024-08-15,35.073598,9.520391,547444.2,3881328.65,85,36.0,33.56,16.38,43.48,32.91,100.0,64.92,49.26,93.57,données du projet,100.0,92.98,69.13,51.76,99.04,87.37000000000005,76.43833333333333,93.73,76.65,76.65
EX24_Sidi_Bouzid_2024_09,Sidi Bouzid,Sidi Bouzid,Centre,2024,9,2024-09-15,35.021314,9.467721,542669.4,3875506.6,85,36.0,31.95,43.08,48.03,31.03,83.04,76.56,32.65,89.57,données du projet,93.57,100.0,92.98,67.01,89.46,95.51666666666671,83.40666666666667,76.21,61.75,61.75
EX24_Sidi_Bouzid_2024_10,Sidi Bouzid,Sidi Bouzid,Centre,2024,10,2024-10-15,35.056084,9.508967,546412.62,3879381.02,85,36.0,22.24,44.67,68.06,43.14,40.94,71.52,18.33,76.59,données du projet,89.57,93.57,100.0,77.75,67.67,94.38000000000004,87.16666666666667,72.02,53.57,53.57
EX24_Sidi_Bouzid_2024_11,Sidi Bouzid,Sidi Bouzid,Centre,2024,11,2024-11-15,35.036779,9.453334,541349.06,3877215.64,85,36.0,19.07,67.97,68.06,52.61,41.5,52.28,18.06,61.38,données du projet,76.59,89.57,93.57,69.13,66.14,86.57666666666671,86.97333333333331,50.13,48.37,48.37
EX24_Sidi_Bouzid_2024_12,Sidi Bouzid,Sidi Bouzid,Centre,2024,12,2024-12-15,35.021658,9.497113,545350.66,3875557.75,85,36.0,16.25,60.55,71.92,51.66,27.43,61.34,16.08,50.34,données du projet,61.38,76.59,89.57,92.98,60.99,75.8466666666667,85.68166666666666,60.86,51.01,51.01
EX24_Sidi_Bouzid_2025_01,Sidi Bouzid,Sidi Bouzid,Centre,2025,1,2025-01-15,35.040596,9.435538,539724.03,3877631.75,85,36.0,15.0,54.34,79.97,52.59,22.86,40.62,4.86,49.03,données du projet,50.34,61.38,76.59,100.0,44.9,62.770000000000046,78.575,66.13,59.84,59.84
EX24_Sidi_Bouzid_2025_02,Sidi Bouzid,Sidi Bouzid,Centre,2025,2,2025-02-15,35.076258,9.513856,546846.85,3881620.62,85,36.0,17.4,50.22,73.48,51.03,43.57,59.24,19.0,50.43,données du projet,49.03,50.34,61.38,93.57,51.76,53.58333333333338,70.08,66.96,67.62,67.62
EX24_Sidi_Bouzid_2025_03,Sidi Bouzid,Sidi Bouzid,Centre,2025,3,2025-03-15,35.084894,9.475228,543320.7,3882560.82,85,36.0,21.17,42.31,67.33,47.86,65.4,63.13,19.1,61.39,données du projet,50.43,49.03,50.34,89.57,67.01,49.93333333333337,62.89000000000001,62.41,78.85,78.85
EX24_Sidi_Bouzid_2025_04,Sidi Bouzid,Sidi Bouzid,Centre,2025,4,2025-04-15,35.039876,9.505338,546090.71,3877581.83,85,36.0,26.08,22.08,57.86,38.24,68.02,71.72,34.04,70.88,données du projet,61.39,50.43,49.03,76.59,77.75,53.61666666666671,58.193333333333335,43.14,84.21,84.21
EX24_Sidi_Bouzid_2025_05,Sidi Bouzid,Sidi Bouzid,Centre,2025,5,2025-05-15,35.08149,9.432808,539455.39,3882165.74,85,36.0,31.47,17.6,61.04,33.26,84.54,58.03,24.46,72.23,données du projet,70.88,61.39,50.43,61.38,69.13,60.90000000000004,57.24166666666667,70.03,88.22,88.22
EX24_Sidi_Bouzid_2025_06,Sidi Bouzid,Sidi Bouzid,Centre,2025,6,2025-06-15,35.043152,9.449222,540970.88,3877920.7,85,36.0,35.46,24.42,46.61,39.92,94.43,77.96,19.63,87.3,données du projet,72.23,70.88,61.39,50.34,92.98,68.1666666666667,59.050000000000004,100.0,88.6,88.6
EX24_Sidi_Bouzid_2025_07,Sidi Bouzid,Sidi Bouzid,Centre,2025,7,2025-07-15,35.023841,9.535978,548894.92,3875818.18,85,36.0,36.12,25.48,42.77,25.54,91.38,84.09,35.51,97.38,données du projet,87.3,72.23,70.88,49.03,100.0,76.80333333333338,65.21,93.57,83.24,83.24
EX24_Sidi_Bouzid_2025_08,Sidi Bouzid,Sidi Bouzid,Centre,2025,8,2025-08-15,35.046011,9.4829,544040.96,3878252.06,85,36.0,33.74,7.84,51.24,19.28,85.36,71.45,51.24,92.88,données du projet,97.38,87.3,72.23,50.43,93.57,85.63666666666671,73.26833333333333,90.07,67.75,67.75
EX24_Sidi_Bouzid_2025_09,Sidi Bouzid,Sidi Bouzid,Centre,2025,9,2025-09-15,34.993815,9.471566,543034.61,3872458.76,85,36.0,30.54,41.42,50.76,37.09,79.63,70.23,39.46,82.73,données du projet,92.88,97.38,87.3,61.39,89.57,92.52000000000004,80.34333333333332,72.38,64.24,64.24
EX24_Siliana_2017_01,Siliana,Siliana,Nord-Ouest,2017,1,2017-01-15,36.064619,9.405884,536551.56,3991191.85,70,32.0,13.2,54.85,79.13,41.94,42.8,41.7,15.87,45.55,données du projet,59.12,60.2,75.42,88.14,47.36,64.91333333333337,73.385,37.3,48.95,48.95
EX24_Siliana_2017_02,Siliana,Siliana,Nord-Ouest,2017,2,2017-02-15,36.112244,9.341845,530766.01,3996452.17,70,32.0,12.13,37.4,70.53,59.26,37.3,49.6,0.0,37.38,données du projet,45.55,59.12,60.2,86.48,46.18,54.956666666666706,66.28666666666668,45.71,57.11,57.11
EX24_Siliana_2017_03,Siliana,Siliana,Nord-Ouest,2017,3,2017-03-15,36.036601,9.384653,534651.89,3988076.46,70,32.0,21.31,42.5,64.9,43.5,46.04,51.88,3.03,48.55,données du projet,37.38,45.55,59.12,70.95,62.84,47.350000000000044,58.10333333333333,42.7,73.28,73.28
EX24_Siliana_2017_04,Siliana,Siliana,Nord-Ouest,2017,4,2017-04-15,36.075404,9.370233,533336.47,3992375.33,70,32.0,24.14,37.28,60.22,38.26,56.12,51.76,21.65,57.18,données du projet,48.55,37.38,45.55,75.42,68.36,43.82666666666671,54.370000000000005,84.3,84.32,84.32
EX24_Siliana_2017_05,Siliana,Siliana,Nord-Ouest,2017,5,2017-05-15,36.054022,9.373341,533625.41,3990004.78,70,32.0,26.21,30.2,51.41,32.61,73.58,58.38,23.26,69.92,données du projet,57.18,48.55,37.38,60.2,76.17,47.703333333333376,51.330000000000005,75.93,88.43,88.43
EX24_Siliana_2017_06,Siliana,Siliana,Nord-Ouest,2017,6,2017-06-15,36.067119,9.325036,529269.95,3991441.85,70,32.0,32.72,36.5,49.64,22.64,89.07,76.27,40.31,87.03,données du projet,69.92,57.18,48.55,59.12,75.42,58.55000000000005,52.95000000000001,100.0,82.0,82.0
EX24_Siliana_2017_07,Siliana,Siliana,Nord-Ouest,2017,7,2017-07-15,36.089801,9.370034,533312.49,3993972.18,70,32.0,33.84,22.66,40.85,27.58,100.0,55.61,49.08,87.48,données du projet,87.03,69.92,57.18,45.55,88.14,71.37666666666671,57.60166666666667,85.31,76.29,76.29
EX24_Siliana_2017_08,Siliana,Siliana,Nord-Ouest,2017,8,2017-08-15,36.068491,9.402554,536249.89,3991620.17,70,32.0,32.88,15.43,48.0,23.18,95.71,63.33,48.32,79.88,données du projet,87.48,87.03,69.92,37.38,86.48,81.4766666666667,64.59,81.38,63.91,63.91
EX24_Siliana_2017_09,Siliana,Siliana,Nord-Ouest,2017,9,2017-09-15,36.095801,9.361082,532504.17,3994634.63,70,32.0,29.52,37.34,53.67,26.93,91.1,55.91,47.98,78.36,données du projet,79.88,87.48,87.03,48.55,70.95,84.79666666666672,71.67333333333333,41.39,58.52,58.52
EX24_Siliana_2017_10,Siliana,Siliana,Nord-Ouest,2017,10,2017-10-15,36.07004,9.356801,532129.22,3991775.82,70,32.0,22.69,38.96,61.93,49.92,56.94,52.41,21.8,66.06,données du projet,78.36,79.88,87.48,57.18,75.42,81.90666666666671,76.64166666666667,48.8,55.42,55.42
EX24_Siliana_2017_11,Siliana,Siliana,Nord-Ouest,2017,11,2017-11-15,36.11857,9.377099,533936.15,3997165.6,70,32.0,16.31,42.23,68.18,54.17,48.58,39.51,19.81,56.5,données du projet,66.06,78.36,79.88,69.92,60.2,74.76666666666671,78.12166666666667,63.73,48.63,48.63
EX24_Siliana_2017_12,Siliana,Siliana,Nord-Ouest,2017,12,2017-12-15,36.048705,9.348463,531386.9,3989406.69,70,32.0,15.69,58.74,72.88,57.73,44.04,52.36,6.32,59.9,données du projet,56.5,66.06,78.36,87.03,59.12,66.97333333333337,75.885,53.51,49.75,49.75
EX24_Siliana_2018_01,Siliana,Siliana,Nord-Ouest,2018,1,2018-01-15,36.080567,9.405755,536532.59,3992960.8,70,32.0,14.49,47.57,74.68,59.22,29.3,44.37,0.0,52.9,données du projet,59.9,56.5,66.06,87.48,45.55,60.82000000000005,71.36333333333333,39.12,51.23,51.23
EX24_Siliana_2018_02,Siliana,Siliana,Nord-Ouest,2018,2,2018-02-15,36.130874,9.348913,531394.68,3998520.81,70,32.0,15.69,42.29,75.81,44.91,64.46,50.9,15.36,42.06,données du projet,52.9,59.9,56.5,79.88,37.38,56.43333333333337,65.6,44.69,52.97,52.97
EX24_Siliana_2018_03,Siliana,Siliana,Nord-Ouest,2018,3,2018-03-15,35.995252,9.360223,532468.07,3983481.84,70,32.0,17.03,37.33,68.43,43.99,55.66,59.38,7.44,45.6,données du projet,42.06,52.9,59.9,78.36,48.55,51.62000000000004,59.29666666666666,60.27,67.38,67.38
EX24_Siliana_2018_04,Siliana,Siliana,Nord-Ouest,2018,4,2018-04-15,36.063674,9.423546,538142.56,3991093.89,70,32.0,24.32,35.86,64.39,46.1,54.41,45.71,28.47,57.19,données du projet,45.6,42.06,52.9,66.06,57.18,46.85333333333338,53.836666666666666,70.66,80.89,80.89
EX24_Siliana_2018_05,Siliana,Siliana,Nord-Ouest,2018,5,2018-05-15,36.049131,9.410239,536951.02,3989475.72,70,32.0,26.68,52.43,53.8,38.53,63.39,54.16,12.97,67.21,données du projet,57.19,45.6,42.06,56.5,69.92,48.28333333333338,52.35833333333334,84.04,86.28,86.28
EX24_Siliana_2018_06,Siliana,Siliana,Nord-Ouest,2018,6,2018-06-15,36.068834,9.37513,533780.22,3991648.35,70,32.0,33.64,34.59,47.64,27.19,86.59,63.77,33.38,82.76,données du projet,67.21,57.19,45.6,59.9,87.03,56.666666666666714,54.143333333333324,100.0,84.84,84.84
EX24_Siliana_2018_07,Siliana,Siliana,Nord-Ouest,2018,7,2018-07-15,36.083476,9.35304,531785.14,3993264.92,70,32.0,34.67,8.94,41.94,21.11,100.0,63.83,43.37,87.33,données du projet,82.76,67.21,57.19,52.9,87.48,69.05333333333338,57.953333333333326,76.6,77.18,77.18
EX24_Siliana_2018_08,Siliana,Siliana,Nord-Ouest,2018,8,2018-08-15,36.070328,9.334214,530095.18,3991800.62,70,32.0,32.71,33.69,44.17,25.66,91.56,61.28,49.32,87.58,données du projet,87.33,82.76,67.21,42.06,79.88,79.10000000000005,63.69166666666666,72.0,71.1,71.1
EX24_Siliana_2018_09,Siliana,Siliana,Nord-Ouest,2018,9,2018-09-15,36.04795,9.425235,538302.35,3989350.48,70,32.0,28.8,8.44,55.0,32.22,76.96,61.88,40.51,80.94,données du projet,87.58,87.33,82.76,45.6,78.36,85.89000000000004,71.27833333333334,57.15,58.83,58.83
EX24_Siliana_2018_10,Siliana,Siliana,Nord-Ouest,2018,10,2018-10-15,36.067662,9.397989,535839.19,3991526.53,70,32.0,24.3,36.12,60.85,48.05,61.71,44.98,7.63,62.9,données du projet,80.94,87.58,87.33,57.19,66.06,85.28333333333337,77.16833333333334,60.17,53.09,53.09
EX24_Siliana_2018_11,Siliana,Siliana,Nord-Ouest,2018,11,2018-11-15,36.084905,9.326957,529436.26,3993415.14,70,32.0,19.07,40.7,66.77,56.26,47.66,48.39,12.2,61.88,données du projet,62.9,80.94,87.58,67.21,56.5,77.14000000000004,78.11999999999999,48.83,52.06,52.06
EX24_Siliana_2018_12,Siliana,Siliana,Nord-Ouest,2018,12,2018-12-15,36.14594,9.383924,534538.33,4000203.76,70,32.0,14.2,55.3,77.11,54.92,42.55,45.54,23.1,55.51,données du projet,61.88,62.9,80.94,82.76,59.9,68.57333333333338,77.23166666666667,53.41,53.89,53.89
EX24_Siliana_2019_01,Siliana,Siliana,Nord-Ouest,2019,1,2019-01-15,36.04284,9.375595,533833.21,3988765.31,70,32.0,15.1,41.5,72.4,48.82,37.38,46.05,9.64,48.59,données du projet,55.51,61.88,62.9,87.33,52.9,60.096666666666714,72.69,69.12,60.08,60.08
EX24_Siliana_2019_02,Siliana,Siliana,Nord-Ouest,2019,2,2019-02-15,36.094522,9.398847,535904.31,3994506.05,70,32.0,16.31,37.67,76.73,53.85,43.29,50.68,3.95,58.01,données du projet,48.59,55.51,61.88,87.58,42.06,55.32666666666671,66.23333333333333,47.77,70.07,70.07
EX24_Siliana_2019_03,Siliana,Siliana,Nord-Ouest,2019,3,2019-03-15,36.108036,9.347872,531310.1,3995987.32,70,32.0,20.76,39.15,68.95,43.13,51.49,56.87,5.03,56.66,données du projet,58.01,48.59,55.51,80.94,45.6,54.03666666666671,61.305,72.56,74.46,74.46
EX24_Siliana_2019_04,Siliana,Siliana,Nord-Ouest,2019,4,2019-04-15,36.094802,9.360846,532483.25,3994523.68,70,32.0,22.05,25.57,69.25,48.02,72.32,72.95,7.77,63.84,données du projet,56.66,58.01,48.59,62.9,57.19,54.42000000000005,57.258333333333326,72.13,84.3,84.3
EX24_Siliana_2019_05,Siliana,Siliana,Nord-Ouest,2019,5,2019-05-15,36.100278,9.364623,532821.03,3995132.39,70,32.0,26.29,19.98,55.58,33.11,72.98,52.93,11.62,80.78,données du projet,63.84,56.66,58.01,61.88,67.21,59.50333333333339,57.415,80.21,91.06,91.06
EX24_Siliana_2019_06,Siliana,Siliana,Nord-Ouest,2019,6,2019-06-15,36.104131,9.358674,532283.95,3995557.77,70,32.0,33.26,9.62,45.93,28.19,100.0,65.05,26.54,82.24,données du projet,80.78,63.84,56.66,55.51,82.76,67.09333333333338,60.565,89.75,84.58,84.58
EX24_Siliana_2019_07,Siliana,Siliana,Nord-Ouest,2019,7,2019-07-15,36.105963,9.410981,536991.25,3995779.62,70,32.0,31.64,6.87,51.87,23.83,96.74,64.37,27.29,84.28,données du projet,82.24,80.78,63.84,48.59,87.33,75.62000000000005,65.02,90.96,84.08,84.08
EX24_Siliana_2019_08,Siliana,Siliana,Nord-Ouest,2019,8,2019-08-15,36.076909,9.311337,528032.83,3992523.65,70,32.0,32.82,0.0,57.32,26.04,100.0,67.41,41.51,90.88,données du projet,84.28,82.24,80.78,58.01,87.58,82.43333333333338,70.96833333333333,77.13,65.2,65.2
EX24_Siliana_2019_09,Siliana,Siliana,Nord-Ouest,2019,9,2019-09-15,36.062416,9.379252,534154.22,3990937.92,70,32.0,27.36,41.72,53.41,37.5,80.26,69.99,26.83,82.57,données du projet,90.88,84.28,82.24,56.66,80.94,85.80000000000005,76.44666666666667,74.81,57.5,57.5
EX24_Siliana_2019_10,Siliana,Siliana,Nord-Ouest,2019,10,2019-10-15,36.074974,9.338023,530436.41,3992317.14,70,32.0,22.41,45.46,63.42,48.23,69.31,60.99,12.57,69.5,données du projet,82.57,90.88,84.28,63.84,62.9,85.91000000000004,80.765,44.72,48.16,48.16
EX24_Siliana_2019_11,Siliana,Siliana,Nord-Ouest,2019,11,2019-11-15,36.046924,9.463901,541785.68,3989252.61,70,32.0,18.31,49.89,67.73,56.72,46.53,61.1,13.42,58.01,données du projet,69.5,82.57,90.88,80.78,61.88,80.98333333333339,81.70833333333333,66.91,45.76,45.76
EX24_Siliana_2019_12,Siliana,Siliana,Nord-Ouest,2019,12,2019-12-15,36.102463,9.344538,531012.26,3995368.11,70,32.0,12.35,50.57,77.15,53.44,38.67,45.0,9.29,49.42,données du projet,58.01,69.5,82.57,82.24,55.51,70.02666666666671,77.91333333333334,61.42,48.55,48.55
EX24_Siliana_2020_01,Siliana,Siliana,Nord-Ouest,2020,1,2020-01-15,36.081586,9.312178,528106.86,3993042.64,70,32.0,14.14,32.65,72.3,55.51,31.56,55.84,0.61,49.42,données du projet,49.42,58.01,69.5,84.28,48.59,58.976666666666716,72.44333333333334,41.78,58.02,58.02
EX24_Siliana_2020_02,Siliana,Siliana,Nord-Ouest,2020,2,2020-02-15,36.109337,9.372987,533570.02,3996139.99,70,32.0,15.76,53.18,76.7,55.72,44.66,48.12,13.74,44.34,données du projet,49.42,49.42,58.01,90.88,58.01,52.28333333333338,66.63333333333333,51.67,65.62,65.62
EX24_Siliana_2020_03,Siliana,Siliana,Nord-Ouest,2020,3,2020-03-15,36.104446,9.387499,534878.3,3995602.64,70,32.0,18.6,37.9,63.99,54.83,50.8,53.06,17.6,60.03,données du projet,44.34,49.42,49.42,82.57,56.66,47.726666666666716,58.876666666666665,71.13,79.21,79.21
EX24_Siliana_2020_04,Siliana,Siliana,Nord-Ouest,2020,4,2020-04-15,36.127976,9.393026,535365.27,3998214.55,70,32.0,22.78,50.91,59.72,32.53,65.83,59.62,25.17,63.67,données du projet,60.03,44.34,49.42,69.5,63.84,51.26333333333338,55.12,82.62,89.5,89.5
EX24_Siliana_2020_05,Siliana,Siliana,Nord-Ouest,2020,5,2020-05-15,36.053561,9.331089,529820.15,3989939.86,70,32.0,28.99,22.33,52.65,34.45,87.59,70.27,0.0,74.57,données du projet,63.67,60.03,44.34,58.01,80.78,56.013333333333385,54.14833333333333,72.69,90.03,90.03
EX24_Siliana_2020_06,Siliana,Siliana,Nord-Ouest,2020,6,2020-06-15,36.068112,9.291639,526262.15,3991542.44,70,32.0,31.49,49.83,53.79,29.46,80.74,61.24,34.9,93.89,données du projet,74.57,63.67,60.03,49.42,82.24,66.09000000000005,56.90833333333333,88.79,94.26,94.26
EX24_Siliana_2020_07,Siliana,Siliana,Nord-Ouest,2020,7,2020-07-15,36.067706,9.393922,535472.93,3991529.91,70,32.0,34.8,18.15,43.11,20.01,99.89,56.34,49.03,96.55,données du projet,93.89,74.57,63.67,49.42,84.28,77.37666666666672,64.32,100.0,82.2,82.2
EX24_Siliana_2020_08,Siliana,Siliana,Nord-Ouest,2020,8,2020-08-15,36.08739,9.387527,534888.41,3993710.87,70,32.0,33.17,5.99,44.3,22.18,99.45,67.69,38.32,93.92,données du projet,96.55,93.89,74.57,44.34,90.88,88.3366666666667,72.175,78.51,68.73,68.73
EX24_Siliana_2020_09,Siliana,Siliana,Nord-Ouest,2020,9,2020-09-15,36.103368,9.326943,529428.1,3995463.05,70,32.0,27.06,15.22,48.71,42.76,77.24,64.51,46.84,88.5,données du projet,93.92,96.55,93.89,60.03,82.57,94.7866666666667,80.43833333333333,81.91,67.55,67.55
EX24_Siliana_2020_10,Siliana,Siliana,Nord-Ouest,2020,10,2020-10-15,36.093668,9.36395,532763.14,3994398.95,70,32.0,25.2,46.5,71.33,40.06,63.21,50.48,29.98,76.17,données du projet,88.5,93.92,96.55,63.67,69.5,92.99000000000005,85.18333333333334,50.32,49.08,49.08
EX24_Siliana_2020_11,Siliana,Siliana,Nord-Ouest,2020,11,2020-11-15,36.12187,9.340855,530673.14,3997519.57,70,32.0,14.86,70.86,68.47,56.05,42.9,46.82,16.09,56.5,données du projet,76.17,88.5,93.92,74.57,58.01,86.19666666666672,87.26666666666667,56.34,50.55,50.55
EX24_Siliana_2020_12,Siliana,Siliana,Nord-Ouest,2020,12,2020-12-15,36.096252,9.318877,528704.66,3994671.4,70,32.0,13.16,51.98,75.24,51.53,29.66,57.12,23.34,54.3,données du projet,56.5,76.17,88.5,93.89,49.42,73.72333333333337,84.255,49.79,52.28,52.28
EX24_Siliana_2021_01,Siliana,Siliana,Nord-Ouest,2021,1,2021-01-15,36.029581,9.38316,534520.5,3987297.3,70,32.0,15.65,42.76,74.47,48.65,39.14,47.76,19.7,43.71,données du projet,54.3,56.5,76.17,96.55,49.42,62.32333333333338,77.65666666666667,53.25,61.67,61.67
EX24_Siliana_2021_02,Siliana,Siliana,Nord-Ouest,2021,2,2021-02-15,36.066971,9.380925,534302.91,3991443.68,70,32.0,15.17,36.79,78.74,55.36,47.06,41.11,17.83,52.01,données du projet,43.71,54.3,56.5,93.92,44.34,51.50333333333338,68.85000000000001,59.62,69.33,69.33
EX24_Siliana_2021_03,Siliana,Siliana,Nord-Ouest,2021,3,2021-03-15,36.072869,9.312333,528123.91,3992075.92,70,32.0,20.91,52.63,59.47,42.5,56.29,64.04,8.96,58.97,données du projet,52.01,43.71,54.3,88.5,60.03,50.00666666666672,61.865,92.45,83.2,83.2
EX24_Siliana_2021_04,Siliana,Siliana,Nord-Ouest,2021,4,2021-04-15,36.142173,9.388987,534995.56,3999787.75,70,32.0,25.82,30.29,55.97,43.41,63.05,58.3,15.13,75.75,données du projet,58.97,52.01,43.71,76.17,63.67,51.56333333333338,56.94333333333333,80.71,91.1,91.1
EX24_Siliana_2021_05,Siliana,Siliana,Nord-Ouest,2021,5,2021-05-15,36.192923,9.319109,528690.32,4005393.99,70,32.0,27.35,18.11,55.86,42.86,80.16,63.58,16.79,74.98,données du projet,75.75,58.97,52.01,56.5,74.57,62.243333333333375,56.873333333333335,99.56,89.46,89.46
EX24_Siliana_2021_06,Siliana,Siliana,Nord-Ouest,2021,6,2021-06-15,36.085459,9.368604,533185.56,3993490.07,70,32.0,30.33,11.69,45.11,32.33,90.74,75.87,37.64,92.77,données du projet,74.98,75.75,58.97,54.3,93.89,69.90000000000005,59.95333333333334,100.0,89.48,89.48
EX24_Siliana_2021_07,Siliana,Siliana,Nord-Ouest,2021,7,2021-07-15,36.127317,9.409125,536814.22,3998147.4,70,32.0,32.85,10.01,44.06,20.22,99.9,58.84,47.9,94.08,données du projet,92.77,74.98,75.75,43.71,96.55,81.16666666666671,66.365,81.54,88.83,88.83
EX24_Siliana_2021_08,Siliana,Siliana,Nord-Ouest,2021,8,2021-08-15,36.023828,9.359518,532392.81,3986651.08,70,32.0,34.05,22.02,53.44,29.9,100.0,72.69,36.52,91.53,données du projet,94.08,92.77,74.98,52.01,93.92,87.27666666666671,74.75999999999999,85.79,79.39,79.39
EX24_Siliana_2021_09,Siliana,Siliana,Nord-Ouest,2021,9,2021-09-15,36.160288,9.3264,529358.02,4001776.37,70,32.0,28.53,15.79,47.2,37.72,73.05,69.72,58.54,92.67,données du projet,91.53,94.08,92.77,58.97,88.5,92.79333333333336,81.34666666666666,78.88,65.76,65.76
EX24_Siliana_2021_10,Siliana,Siliana,Nord-Ouest,2021,10,2021-10-15,36.074751,9.352827,531769.44,3992297.08,70,32.0,20.72,33.21,61.71,35.87,65.7,58.77,17.67,73.38,données du projet,92.67,91.53,94.08,75.75,76.17,92.76000000000005,86.96333333333332,50.03,59.57,59.57
EX24_Siliana_2021_11,Siliana,Siliana,Nord-Ouest,2021,11,2021-11-15,36.106587,9.433092,538981.07,3995857.44,70,32.0,16.95,45.35,72.14,44.54,50.15,63.42,18.74,69.19,données du projet,73.38,92.67,91.53,74.98,56.5,85.86000000000006,86.56833333333333,63.77,56.3,56.3
EX24_Siliana_2021_12,Siliana,Siliana,Nord-Ouest,2021,12,2021-12-15,36.070801,9.399166,535943.82,3991875.06,70,32.0,11.78,54.45,75.96,67.02,43.34,52.11,20.68,54.66,données du projet,69.19,73.38,92.67,92.77,54.3,78.41333333333337,85.60333333333334,39.15,48.94,48.94
EX24_Siliana_2022_01,Siliana,Siliana,Nord-Ouest,2022,1,2022-01-15,36.085537,9.315665,528419.43,3993481.93,70,32.0,13.21,49.79,77.25,61.22,42.56,45.47,24.09,53.53,données du projet,54.66,69.19,73.38,94.08,43.71,65.74333333333338,79.25166666666667,50.65,57.59,57.59
EX24_Siliana_2022_02,Siliana,Siliana,Nord-Ouest,2022,2,2022-02-15,36.075637,9.375825,533839.95,3992403.06,70,32.0,14.81,68.65,74.42,48.6,33.98,56.98,17.4,48.04,données du projet,53.53,54.66,69.19,91.53,52.01,59.126666666666715,72.49333333333333,44.4,70.11,70.11
EX24_Siliana_2022_03,Siliana,Siliana,Nord-Ouest,2022,3,2022-03-15,36.067329,9.38657,534811.07,3991485.45,70,32.0,19.84,40.45,60.73,51.27,43.03,64.03,15.73,55.71,données du projet,48.04,53.53,54.66,92.67,58.97,52.07666666666671,65.24499999999999,68.15,79.03,79.03
EX24_Siliana_2022_04,Siliana,Siliana,Nord-Ouest,2022,4,2022-04-15,36.094033,9.368435,533166.82,3994440.95,70,32.0,20.15,26.41,51.27,39.54,71.97,65.28,20.41,67.8,données du projet,55.71,48.04,53.53,73.38,75.75,52.42666666666671,59.085,74.1,81.05,81.05
EX24_Siliana_2022_05,Siliana,Siliana,Nord-Ouest,2022,5,2022-05-15,36.076664,9.348086,531341.84,3992507.69,70,32.0,28.14,16.88,52.21,29.86,83.29,62.12,9.59,74.89,données du projet,67.8,55.71,48.04,69.19,74.98,57.18333333333337,58.154999999999994,84.95,88.32,88.32
EX24_Siliana_2022_06,Siliana,Siliana,Nord-Ouest,2022,6,2022-06-15,36.120216,9.37211,533486.53,3997346.37,70,32.0,30.92,36.62,45.31,23.17,91.82,63.59,43.8,82.63,données du projet,74.89,67.8,55.71,54.66,92.77,66.13333333333338,59.105,96.69,94.18,94.18
EX24_Siliana_2022_07,Siliana,Siliana,Nord-Ouest,2022,7,2022-07-15,36.110969,9.341588,530743.42,3996310.62,70,32.0,34.0,5.32,32.65,20.33,100.0,67.64,41.39,93.84,données du projet,82.63,74.89,67.8,53.53,94.08,75.10666666666671,63.76666666666667,88.01,84.29,84.29
EX24_Siliana_2022_08,Siliana,Siliana,Nord-Ouest,2022,8,2022-08-15,36.07484,9.360288,532441.23,3992309.47,70,32.0,31.0,29.41,44.24,29.28,95.57,82.2,39.52,94.32,données du projet,93.84,82.63,74.89,48.04,91.53,83.78666666666672,70.485,82.92,67.49,67.49
EX24_Siliana_2022_09,Siliana,Siliana,Nord-Ouest,2022,9,2022-09-15,36.094782,9.382534,534435.67,3994528.99,70,32.0,28.23,14.82,56.22,33.43,81.82,70.0,45.01,89.09,données du projet,94.32,93.84,82.63,55.71,92.67,90.26333333333338,78.19833333333334,79.92,52.11,52.11
EX24_Siliana_2022_10,Siliana,Siliana,Nord-Ouest,2022,10,2022-10-15,36.045429,9.311753,528081.5,3989032.16,70,32.0,21.61,31.38,66.92,35.6,80.58,63.99,23.64,71.06,données du projet,89.09,94.32,93.84,67.8,73.38,92.4166666666667,83.76166666666667,51.16,44.9,44.9
EX24_Siliana_2022_11,Siliana,Siliana,Nord-Ouest,2022,11,2022-11-15,36.142398,9.376494,533871.44,3999808.31,70,32.0,16.84,49.64,66.7,46.45,32.74,63.47,7.72,45.86,données du projet,71.06,89.09,94.32,74.89,69.19,84.82333333333338,84.30499999999999,52.77,47.85,47.85
EX24_Siliana_2022_12,Siliana,Siliana,Nord-Ouest,2022,12,2022-12-15,36.077243,9.313144,528195.41,3992561.24,70,32.0,14.6,48.19,73.0,47.27,32.67,39.25,13.09,45.77,données du projet,45.86,71.06,89.09,82.63,54.66,68.67000000000006,79.46666666666665,50.02,56.6,56.6
EX24_Siliana_2023_01,Siliana,Siliana,Nord-Ouest,2023,1,2023-01-15,36.094771,9.34833,531356.59,3994516.21,70,32.0,16.39,42.54,78.06,55.06,44.43,57.71,16.48,41.58,données du projet,45.77,45.86,71.06,93.84,53.53,54.23000000000005,73.32333333333334,46.82,62.72,62.72
EX24_Siliana_2023_02,Siliana,Siliana,Nord-Ouest,2023,2,2023-02-15,36.084931,9.322087,528997.81,3993416.61,70,32.0,17.83,50.29,72.76,55.63,41.28,50.85,23.97,59.62,données du projet,41.58,45.77,45.86,94.32,48.04,44.403333333333386,64.61333333333333,77.93,69.16,69.16
EX24_Siliana_2023_03,Siliana,Siliana,Nord-Ouest,2023,3,2023-03-15,36.085821,9.380638,534268.91,3993534.41,70,32.0,23.54,30.47,70.31,37.67,53.98,56.66,2.16,60.53,données du projet,59.62,41.58,45.77,89.09,55.71,48.990000000000045,58.830000000000005,69.0,76.26,76.26
EX24_Siliana_2023_04,Siliana,Siliana,Nord-Ouest,2023,4,2023-04-15,36.104533,9.29938,526946.8,3995584.23,70,32.0,22.44,47.59,66.27,39.67,59.19,58.2,11.22,72.03,données du projet,60.53,59.62,41.58,71.06,67.8,53.910000000000046,54.06999999999999,91.93,80.12,80.12
EX24_Siliana_2023_05,Siliana,Siliana,Nord-Ouest,2023,5,2023-05-15,36.097771,9.402839,536262.18,3994867.88,70,32.0,31.4,18.07,51.67,25.05,83.62,59.31,18.83,75.66,données du projet,72.03,60.53,59.62,45.86,74.89,64.06000000000004,54.23166666666666,81.95,87.03,87.03
EX24_Siliana_2023_06,Siliana,Siliana,Nord-Ouest,2023,6,2023-06-15,36.039489,9.379822,534215.45,3988395.08,70,32.0,34.64,23.42,42.54,39.21,95.83,68.39,27.53,76.14,données du projet,75.66,72.03,60.53,45.77,82.63,69.40666666666671,59.19833333333332,85.76,91.84,91.84
EX24_Siliana_2023_07,Siliana,Siliana,Nord-Ouest,2023,7,2023-07-15,36.087369,9.348173,531345.38,3993695.14,70,32.0,33.16,6.86,47.26,27.76,100.0,62.44,45.28,91.18,données du projet,76.14,75.66,72.03,41.58,93.84,74.61000000000006,64.26,99.51,86.55,86.55
EX24_Siliana_2023_08,Siliana,Siliana,Nord-Ouest,2023,8,2023-08-15,36.136585,9.412039,537072.09,3999176.51,70,32.0,31.22,16.26,42.14,28.56,92.46,71.91,40.04,88.23,données du projet,91.18,76.14,75.66,59.62,94.32,80.99333333333338,72.52666666666667,83.05,78.57,78.57
EX24_Siliana_2023_09,Siliana,Siliana,Nord-Ouest,2023,9,2023-09-15,36.098928,9.399624,535972.2,3994994.97,70,32.0,26.61,19.66,58.49,29.91,79.51,53.0,46.2,91.45,données du projet,88.23,91.18,76.14,60.53,89.09,85.18333333333338,77.295,81.62,68.97,68.97
EX24_Siliana_2023_10,Siliana,Siliana,Nord-Ouest,2023,10,2023-10-15,36.059681,9.376952,533948.25,3990633.7,70,32.0,22.87,52.97,67.4,35.49,54.74,56.43,12.45,78.64,données du projet,91.45,88.23,91.18,72.03,71.06,90.2866666666667,82.44833333333334,82.33,51.83,51.83
EX24_Siliana_2023_11,Siliana,Siliana,Nord-Ouest,2023,11,2023-11-15,36.066268,9.352297,531725.14,3991355.97,70,32.0,17.48,51.73,64.21,44.1,42.45,46.66,18.5,62.09,données du projet,78.64,91.45,88.23,75.66,45.86,86.10666666666673,83.55,64.01,58.08,58.08
EX24_Siliana_2023_12,Siliana,Siliana,Nord-Ouest,2023,12,2023-12-15,36.002582,9.348757,531431.66,3984291.01,70,32.0,13.08,40.55,67.24,55.63,40.67,53.72,10.22,61.2,données du projet,62.09,78.64,91.45,76.14,45.77,77.39333333333339,81.28833333333334,60.07,61.85,61.85
EX24_Siliana_2024_01,Siliana,Siliana,Nord-Ouest,2024,1,2024-01-15,36.071216,9.336461,530297.24,3991899.82,70,32.0,12.04,35.61,72.86,55.7,35.49,57.63,14.37,50.27,données du projet,61.2,62.09,78.64,91.18,41.58,67.31000000000004,78.79833333333333,46.38,63.46,63.46
EX24_Siliana_2024_02,Siliana,Siliana,Nord-Ouest,2024,2,2024-02-15,36.085389,9.412066,537098.56,3993497.93,70,32.0,15.62,63.91,70.62,62.21,29.1,51.6,21.96,52.91,données du projet,50.27,61.2,62.09,88.23,59.62,57.85333333333338,71.98,51.18,70.36,70.36
EX24_Siliana_2024_03,Siliana,Siliana,Nord-Ouest,2024,3,2024-03-15,36.060452,9.325029,529271.8,3990702.36,70,32.0,19.53,41.68,64.91,45.4,52.94,60.04,23.73,66.19,données du projet,52.91,50.27,61.2,91.45,60.53,54.79333333333338,66.09333333333333,81.62,72.89,72.89
EX24_Siliana_2024_04,Siliana,Siliana,Nord-Ouest,2024,4,2024-04-15,36.023513,9.347302,531292.31,3986612.12,70,32.0,21.46,50.64,64.62,43.13,58.48,58.19,0.0,68.63,données du projet,66.19,52.91,50.27,78.64,72.03,56.456666666666706,61.883333333333326,62.82,80.9,80.9
EX24_Siliana_2024_05,Siliana,Siliana,Nord-Ouest,2024,5,2024-05-15,36.077648,9.381074,534311.69,3992628.01,70,32.0,25.99,22.0,55.0,37.37,73.98,56.53,22.18,75.22,données du projet,68.63,66.19,52.91,62.09,75.66,62.57666666666671,60.214999999999996,92.32,85.81,85.81
EX24_Siliana_2024_06,Siliana,Siliana,Nord-Ouest,2024,6,2024-06-15,36.037184,9.387174,534878.81,3988142.08,70,32.0,36.5,24.83,43.94,25.79,100.0,66.45,44.37,79.22,données du projet,75.22,68.63,66.19,61.2,76.14,70.01333333333338,62.40333333333333,100.0,91.88,91.88
EX24_Siliana_2024_07,Siliana,Siliana,Nord-Ouest,2024,7,2024-07-15,36.080408,9.381504,534349.18,3992934.26,70,32.0,33.9,30.86,45.46,23.81,100.0,58.7,31.61,92.13,données du projet,79.22,75.22,68.63,50.27,91.18,74.3566666666667,65.40666666666665,99.54,87.19,87.19
EX24_Siliana_2024_08,Siliana,Siliana,Nord-Ouest,2024,8,2024-08-15,36.11533,9.34484,531034.36,3996795.4,70,32.0,29.35,11.96,44.04,33.65,100.0,73.32,56.03,92.7,données du projet,92.13,79.22,75.22,52.91,88.23,82.19000000000004,72.38333333333333,97.39,75.29,75.29
EX24_Siliana_2024_09,Siliana,Siliana,Nord-Ouest,2024,9,2024-09-15,36.096066,9.381563,534347.66,3994671.03,70,32.0,26.07,13.22,57.13,31.94,80.91,71.46,21.47,93.53,données du projet,92.7,92.13,79.22,66.19,91.45,88.01666666666671,79.015,70.2,60.56,60.56
EX24_Siliana_2024_10,Siliana,Siliana,Nord-Ouest,2024,10,2024-10-15,36.095123,9.357283,532162.4,3994558.11,70,32.0,20.85,37.39,60.36,43.14,46.7,61.29,24.97,70.02,données du projet,93.53,92.7,92.13,68.63,78.64,92.7866666666667,83.57166666666666,68.74,58.39,58.39
EX24_Siliana_2024_11,Siliana,Siliana,Nord-Ouest,2024,11,2024-11-15,36.100307,9.417889,537615.7,3995154.85,70,32.0,17.23,60.01,63.58,48.95,36.88,49.83,21.49,60.07,données du projet,70.02,93.53,92.7,75.22,62.09,85.4166666666667,83.80333333333333,39.11,57.04,57.04
EX24_Siliana_2024_12,Siliana,Siliana,Nord-Ouest,2024,12,2024-12-15,36.091998,9.390392,535144.24,3994223.02,70,32.0,16.65,43.85,74.67,53.86,48.51,52.35,17.37,50.66,données du projet,60.07,70.02,93.53,79.22,61.2,74.54000000000005,81.27833333333334,66.21,67.6,67.6
EX24_Siliana_2025_01,Siliana,Siliana,Nord-Ouest,2025,1,2025-01-15,36.077307,9.406903,536637.45,3992599.6,70,32.0,12.83,53.23,80.67,61.7,28.91,41.35,9.58,61.73,données du projet,50.66,60.07,70.02,92.13,50.27,60.25000000000005,76.51833333333333,70.96,65.64,65.64
EX24_Siliana_2025_02,Siliana,Siliana,Nord-Ouest,2025,2,2025-02-15,36.055443,9.392585,535358.07,3990169.21,70,32.0,14.67,55.56,68.78,54.12,39.52,42.43,13.22,57.23,données du projet,61.73,50.66,60.07,92.7,52.91,57.48666666666671,71.45166666666667,80.46,72.88,72.88
EX24_Siliana_2025_03,Siliana,Siliana,Nord-Ouest,2025,3,2025-03-15,36.071958,9.385602,534721.85,3991998.46,70,32.0,19.87,53.62,63.28,42.09,66.91,47.75,12.36,77.5,données du projet,57.23,61.73,50.66,93.53,66.19,56.54000000000004,65.53999999999999,86.47,75.82,75.82
EX24_Siliana_2025_04,Siliana,Siliana,Nord-Ouest,2025,4,2025-04-15,36.056112,9.418741,537713.52,3990253.2,70,32.0,24.15,33.21,62.89,34.68,81.95,48.82,12.92,74.22,données du projet,77.5,57.23,61.73,70.02,68.63,65.48666666666671,62.86833333333334,83.65,79.77,79.77
EX24_Siliana_2025_05,Siliana,Siliana,Nord-Ouest,2025,5,2025-05-15,36.095718,9.351338,531627.01,3994622.16,70,32.0,25.26,40.02,58.04,34.71,74.78,57.24,18.77,65.69,données du projet,74.22,77.5,57.23,60.07,75.22,69.65000000000005,63.568333333333335,82.04,89.09,89.09
EX24_Siliana_2025_06,Siliana,Siliana,Nord-Ouest,2025,6,2025-06-15,36.088441,9.411931,537084.98,3993836.43,70,32.0,31.12,51.37,49.59,28.61,72.75,66.27,44.67,80.2,données du projet,65.69,74.22,77.5,50.66,79.22,72.47000000000004,64.505,100.0,93.65,93.65
EX24_Siliana_2025_07,Siliana,Siliana,Nord-Ouest,2025,7,2025-07-15,36.073583,9.394637,535534.67,3992181.94,70,32.0,33.56,8.75,43.02,21.36,98.69,76.41,33.33,91.4,données du projet,80.2,65.69,74.22,61.73,92.13,73.37000000000005,69.42833333333333,100.0,82.4,82.4
EX24_Siliana_2025_08,Siliana,Siliana,Nord-Ouest,2025,8,2025-08-15,36.089939,9.362384,532623.78,3993984.81,70,32.0,33.28,12.43,48.02,25.01,100.0,62.18,49.18,97.56,données du projet,91.4,80.2,65.69,57.23,92.7,79.0966666666667,74.37333333333333,96.04,70.95,70.95
EX24_Siliana_2025_09,Siliana,Siliana,Nord-Ouest,2025,9,2025-09-15,36.059916,9.393367,535426.53,3990665.58,70,32.0,29.58,18.75,56.37,40.02,79.13,67.66,28.53,94.6,données du projet,97.56,91.4,80.2,77.5,93.53,89.72000000000004,81.09500000000001,67.2,66.05,66.05
EX24_Sousse_2017_01,Sousse,Sousse,Centre-Est,2017,1,2017-01-15,35.812726,10.632724,647507.04,3964407.35,950,85.0,13.82,74.88,78.4,68.14,11.86,78.82,60.61,34.77,données du projet,39.79,45.35,51.62,71.88,34.79,45.5866666666667,57.306666666666665,26.55,43.06,43.06
EX24_Sousse_2017_02,Sousse,Sousse,Centre-Est,2017,2,2017-02-15,35.815052,10.595373,644128.06,3964609.67,950,85.0,16.27,99.97,85.89,70.49,19.91,86.6,72.84,30.12,données du projet,34.77,39.79,45.35,74.61,31.64,39.970000000000034,51.12166666666667,57.47,48.65,48.65
EX24_Sousse_2017_03,Sousse,Sousse,Centre-Est,2017,3,2017-03-15,35.83133,10.667521,650615.86,3966523.99,950,85.0,21.11,71.12,76.16,55.19,35.68,77.87,65.04,52.7,données du projet,30.12,34.77,39.79,60.59,34.38,34.89333333333337,43.70666666666667,37.89,58.57,58.57
EX24_Sousse_2017_04,Sousse,Sousse,Centre-Est,2017,4,2017-04-15,35.927452,10.666681,650358.09,3977185.31,950,85.0,24.02,47.07,78.85,52.74,52.91,85.55,73.43,35.4,données du projet,52.7,30.12,34.77,51.62,36.12,39.19666666666671,42.391666666666666,87.64,73.11,73.11
EX24_Sousse_2017_05,Sousse,Sousse,Centre-Est,2017,5,2017-05-15,35.841516,10.584288,643079.02,3967528.91,950,85.0,26.34,34.31,56.08,50.85,62.13,92.45,49.35,64.18,données du projet,35.4,52.7,30.12,45.35,58.39,39.4066666666667,39.68833333333334,64.68,85.05,85.05
EX24_Sousse_2017_06,Sousse,Sousse,Centre-Est,2017,6,2017-06-15,35.845558,10.627019,646931.03,3968040.68,950,85.0,31.86,20.0,57.66,34.91,77.52,91.22,96.22,72.41,données du projet,64.18,35.4,52.7,39.79,79.69,50.76000000000004,42.826666666666675,93.12,85.77,85.77
EX24_Sousse_2017_07,Sousse,Sousse,Centre-Est,2017,7,2017-07-15,35.82985,10.671656,650992.17,3966366.24,950,85.0,32.83,16.15,47.16,27.08,98.74,98.77,88.06,85.35,données du projet,72.41,64.18,35.4,34.77,71.88,57.33000000000004,48.26333333333334,85.18,82.18,82.18
EX24_Sousse_2017_08,Sousse,Sousse,Centre-Est,2017,8,2017-08-15,35.816915,10.641671,648307.6,3964885.5,950,85.0,35.0,7.64,51.37,41.29,99.63,93.19,100.0,94.86,données du projet,85.35,72.41,64.18,30.12,74.61,73.98000000000003,56.693333333333335,87.93,68.11,68.11
EX24_Sousse_2017_09,Sousse,Sousse,Centre-Est,2017,9,2017-09-15,35.823492,10.593288,643924.44,3965542.84,950,85.0,29.25,24.73,65.03,56.24,71.6,100.0,90.29,86.87,données du projet,94.86,85.35,72.41,52.7,60.59,84.20666666666669,67.48333333333333,84.4,61.48,61.48
EX24_Sousse_2017_10,Sousse,Sousse,Centre-Est,2017,10,2017-10-15,35.84197,10.637738,647905.78,3967658.77,950,85.0,21.28,55.11,78.64,63.97,47.17,87.67,66.98,70.73,données du projet,86.87,94.86,85.35,35.4,51.62,89.0266666666667,73.17833333333334,60.1,54.37,54.37
EX24_Sousse_2017_11,Sousse,Sousse,Centre-Est,2017,11,2017-11-15,35.807,10.622255,646571.67,3963756.46,950,85.0,17.72,83.58,82.86,66.9,32.12,82.85,56.96,61.75,données du projet,70.73,86.87,94.86,64.18,45.35,84.15333333333336,79.06666666666666,52.35,47.78,47.78
EX24_Sousse_2017_12,Sousse,Sousse,Centre-Est,2017,12,2017-12-15,35.796501,10.609189,645410.18,3962572.32,950,85.0,14.16,78.74,76.3,70.15,25.55,81.95,65.44,51.85,données du projet,61.75,70.73,86.87,72.41,39.79,73.11666666666669,78.66166666666668,46.64,48.71,48.71
EX24_Sousse_2018_01,Sousse,Sousse,Centre-Est,2018,1,2018-01-15,35.838183,10.651988,649199.91,3967260.37,950,85.0,16.71,80.74,83.29,72.13,29.72,85.19,50.41,42.04,données du projet,51.85,61.75,70.73,85.35,34.77,61.443333333333364,75.235,32.65,53.26,53.26
EX24_Sousse_2018_02,Sousse,Sousse,Centre-Est,2018,2,2018-02-15,35.835679,10.617324,646073.54,3966930.26,950,85.0,15.06,79.47,85.0,70.94,26.0,83.06,61.4,39.92,données du projet,42.04,51.85,61.75,94.86,30.12,51.88000000000003,68.01666666666667,45.09,68.54,68.54
EX24_Sousse_2018_03,Sousse,Sousse,Centre-Est,2018,3,2018-03-15,35.770714,10.569465,641866.1,3959653.73,950,85.0,23.05,65.59,79.46,62.75,39.37,87.88,75.82,53.03,données du projet,39.92,42.04,51.85,86.87,52.7,44.603333333333374,58.85999999999999,68.8,76.18,76.18
EX24_Sousse_2018_04,Sousse,Sousse,Centre-Est,2018,4,2018-04-15,35.795087,10.679877,651800.95,3962522.81,950,85.0,23.55,61.03,63.06,64.2,53.33,82.44,67.66,67.91,données du projet,53.03,39.92,42.04,70.73,35.4,44.996666666666705,53.22,78.27,83.25,83.25
EX24_Sousse_2018_05,Sousse,Sousse,Centre-Est,2018,5,2018-05-15,35.812896,10.609,645363.17,3964390.69,950,85.0,27.86,38.59,63.06,49.48,74.09,85.44,69.97,78.52,données du projet,67.91,53.03,39.92,61.75,64.18,53.62000000000003,52.75,90.56,81.15,81.15
EX24_Sousse_2018_06,Sousse,Sousse,Centre-Est,2018,6,2018-06-15,35.859986,10.700051,653499.04,3969753.28,950,85.0,30.95,26.24,55.62,40.68,77.77,95.31,79.26,84.81,données du projet,78.52,67.91,53.03,51.85,72.41,66.4866666666667,55.544999999999995,85.72,81.56,81.56
EX24_Sousse_2018_07,Sousse,Sousse,Centre-Est,2018,7,2018-07-15,35.851624,10.632203,647387.98,3968721.38,950,85.0,37.67,16.36,55.33,40.78,78.37,91.05,95.16,88.63,données du projet,84.81,78.52,67.91,42.04,85.35,77.08000000000003,61.03833333333333,85.04,76.49,76.49
EX24_Sousse_2018_08,Sousse,Sousse,Centre-Est,2018,8,2018-08-15,35.833635,10.685245,652212.46,3966807.09,950,85.0,33.99,13.96,56.06,47.1,87.42,93.15,81.16,82.38,données du projet,88.63,84.81,78.52,39.92,94.86,83.9866666666667,68.80333333333333,84.25,62.37,62.37
EX24_Sousse_2018_09,Sousse,Sousse,Centre-Est,2018,9,2018-09-15,35.78148,10.680761,651906.71,3961014.84,950,85.0,27.73,66.4,54.4,38.08,63.03,90.38,100.0,76.64,données du projet,82.38,88.63,84.81,53.03,86.87,85.27333333333337,75.88,64.28,49.69,49.69
EX24_Sousse_2018_10,Sousse,Sousse,Centre-Est,2018,10,2018-10-15,35.846749,10.631057,647293.52,3968178.87,950,85.0,24.45,86.6,71.15,50.59,47.27,85.46,62.12,69.12,données du projet,76.64,82.38,88.63,67.91,70.73,82.55000000000003,79.815,71.6,43.73,43.73
EX24_Sousse_2018_11,Sousse,Sousse,Centre-Est,2018,11,2018-11-15,35.852573,10.647804,648795.07,3968850.27,950,85.0,17.77,83.12,78.63,66.3,43.81,85.78,62.53,51.5,données du projet,69.12,76.64,82.38,78.52,61.75,76.0466666666667,80.01666666666667,36.17,43.2,43.2
EX24_Sousse_2018_12,Sousse,Sousse,Centre-Est,2018,12,2018-12-15,35.817233,10.628013,647073.03,3964900.21,950,85.0,15.75,82.91,85.55,72.04,28.24,96.49,81.39,43.69,données du projet,51.5,69.12,76.64,84.81,51.85,65.75333333333337,75.51333333333334,34.82,40.14,40.14
EX24_Sousse_2019_01,Sousse,Sousse,Centre-Est,2019,1,2019-01-15,35.840953,10.609938,645396.72,3967504.36,950,85.0,13.6,87.0,88.78,67.95,20.64,76.86,66.51,40.36,données du projet,43.69,51.5,69.12,88.63,42.04,54.77000000000004,68.66000000000001,39.34,44.74,44.74
EX24_Sousse_2019_02,Sousse,Sousse,Centre-Est,2019,2,2019-02-15,35.800285,10.637171,647931.92,3963034.08,950,85.0,16.9,79.82,74.64,77.46,16.1,85.13,69.68,41.63,données du projet,40.36,43.69,51.5,82.38,39.92,45.183333333333366,60.615,34.2,49.32,49.32
EX24_Sousse_2019_03,Sousse,Sousse,Centre-Est,2019,3,2019-03-15,35.861101,10.622829,646523.96,3969758.56,950,85.0,18.96,62.64,75.14,69.39,43.81,86.31,73.56,35.17,données du projet,41.63,40.36,43.69,76.64,53.03,41.893333333333366,53.82333333333333,55.89,58.89,58.89
EX24_Sousse_2019_04,Sousse,Sousse,Centre-Est,2019,4,2019-04-15,35.821062,10.616733,646046.88,3965308.06,950,85.0,26.73,50.52,63.6,59.71,58.94,100.0,68.2,50.06,données du projet,35.17,41.63,40.36,69.12,67.91,39.05333333333337,46.91166666666667,55.97,70.8,70.8
EX24_Sousse_2019_05,Sousse,Sousse,Centre-Est,2019,5,2019-05-15,35.801815,10.632467,647503.98,3963196.68,950,85.0,28.82,35.82,64.69,56.16,75.83,86.39,57.23,60.09,données du projet,50.06,35.17,41.63,51.5,78.52,42.2866666666667,43.73500000000001,72.85,84.53,84.53
EX24_Sousse_2019_06,Sousse,Sousse,Centre-Est,2019,6,2019-06-15,35.839061,10.640784,648186.27,3967340.71,950,85.0,33.95,23.52,51.17,43.65,94.76,95.33,95.3,72.78,données du projet,60.09,50.06,35.17,43.69,84.81,48.44000000000003,45.166666666666664,100.0,81.91,81.91
EX24_Sousse_2019_07,Sousse,Sousse,Centre-Est,2019,7,2019-07-15,35.802819,10.613863,645820.98,3963280.1,950,85.0,34.03,65.81,59.12,41.25,79.23,85.6,90.52,82.46,données du projet,72.78,60.09,50.06,40.36,88.63,60.976666666666695,50.01500000000001,99.01,72.29,72.29
EX24_Sousse_2019_08,Sousse,Sousse,Centre-Est,2019,8,2019-08-15,35.820789,10.612919,645702.84,3965272.03,950,85.0,31.48,11.9,54.72,41.3,92.7,98.2,100.0,85.22,données du projet,82.46,72.78,60.09,41.63,82.38,71.7766666666667,57.031666666666666,71.94,52.59,52.59
EX24_Sousse_2019_09,Sousse,Sousse,Centre-Est,2019,9,2019-09-15,35.83693,10.620768,646382.32,3967074.28,950,85.0,30.16,31.44,61.3,50.08,79.59,94.92,100.0,69.95,données du projet,85.22,82.46,72.78,35.17,76.64,80.15333333333336,64.29666666666667,66.71,50.06,50.06
EX24_Sousse_2019_10,Sousse,Sousse,Centre-Est,2019,10,2019-10-15,35.862901,10.629435,647117.18,3969968.11,950,85.0,22.63,72.81,67.16,63.73,37.18,93.84,55.28,58.31,données du projet,69.95,85.22,82.46,50.06,69.12,79.21000000000002,70.09333333333332,51.48,40.17,40.17
EX24_Sousse_2019_11,Sousse,Sousse,Centre-Est,2019,11,2019-11-15,35.861525,10.602436,644681.74,3969775.15,950,85.0,19.9,78.52,78.24,55.34,39.68,72.66,56.37,49.8,données du projet,58.31,69.95,85.22,60.09,51.5,71.16000000000003,71.46833333333332,33.37,43.08,43.08
EX24_Sousse_2019_12,Sousse,Sousse,Centre-Est,2019,12,2019-12-15,35.812478,10.65803,649793.88,3964418.23,950,85.0,12.64,93.34,78.32,71.75,25.4,80.75,69.46,38.34,données du projet,49.8,58.31,69.95,72.78,43.69,59.353333333333374,69.75333333333333,35.78,42.76,42.76
EX24_Sousse_2020_01,Sousse,Sousse,Centre-Est,2020,1,2020-01-15,35.856125,10.677445,651465.11,3969289.73,950,85.0,15.06,82.53,82.14,72.19,25.3,85.08,77.02,32.08,données du projet,38.34,49.8,58.31,82.46,40.36,48.8166666666667,64.01333333333334,42.32,53.62,53.62
EX24_Sousse_2020_02,Sousse,Sousse,Centre-Est,2020,2,2020-02-15,35.864593,10.667838,650581.58,3970214.22,950,85.0,16.45,69.1,78.84,64.39,32.58,75.33,76.22,46.43,données du projet,32.08,38.34,49.8,85.22,41.63,40.07333333333336,55.61666666666667,40.15,59.91,59.91
EX24_Sousse_2020_03,Sousse,Sousse,Centre-Est,2020,3,2020-03-15,35.877028,10.652569,649179.49,3971570.17,950,85.0,18.8,61.1,76.58,53.9,35.24,86.6,59.72,46.25,données du projet,46.43,32.08,38.34,69.95,35.17,38.950000000000024,49.15166666666667,45.82,67.37,67.37
EX24_Sousse_2020_04,Sousse,Sousse,Centre-Est,2020,4,2020-04-15,35.801026,10.662795,650246.04,3963155.25,950,85.0,22.71,40.07,75.38,51.91,53.84,92.14,73.28,57.43,données du projet,46.25,46.43,32.08,58.31,50.06,41.586666666666694,45.20166666666666,72.0,80.99,80.99
EX24_Sousse_2020_05,Sousse,Sousse,Centre-Est,2020,5,2020-05-15,35.813234,10.617776,646155.5,3964441.29,950,85.0,27.14,39.82,63.0,48.63,69.1,90.44,51.47,71.99,données du projet,57.43,46.25,46.43,49.8,60.09,50.03666666666669,45.055,71.96,88.28,88.28
EX24_Sousse_2020_06,Sousse,Sousse,Centre-Est,2020,6,2020-06-15,35.812141,10.619709,646332.18,3964322.86,950,85.0,31.97,23.76,48.56,35.03,86.3,99.77,98.86,76.6,données du projet,71.99,57.43,46.25,38.34,72.78,58.55666666666669,48.75333333333333,100.0,86.37,86.37
EX24_Sousse_2020_07,Sousse,Sousse,Centre-Est,2020,7,2020-07-15,35.884078,10.685389,652129.03,3972402.9,950,85.0,30.97,35.88,50.15,41.83,98.16,100.0,91.34,92.1,données du projet,76.6,71.99,57.43,32.08,82.46,68.67333333333336,55.129999999999995,87.41,84.34,84.34
EX24_Sousse_2020_08,Sousse,Sousse,Centre-Est,2020,8,2020-08-15,35.809061,10.652224,649275.74,3964030.31,950,85.0,35.84,18.1,48.04,46.33,95.27,100.0,70.29,92.15,données du projet,92.1,76.6,71.99,46.43,85.22,80.23000000000003,65.13333333333333,87.2,66.18,66.18
EX24_Sousse_2020_09,Sousse,Sousse,Centre-Est,2020,9,2020-09-15,35.812627,10.634722,647687.68,3964399.39,950,85.0,29.77,27.59,60.58,48.92,77.84,89.43,84.91,87.06,données du projet,92.15,92.1,76.6,46.25,69.95,86.95000000000003,72.75333333333333,59.49,45.94,45.94
EX24_Sousse_2020_10,Sousse,Sousse,Centre-Est,2020,10,2020-10-15,35.838269,10.62254,646539.87,3967225.45,950,85.0,22.26,60.12,75.58,57.81,56.24,81.31,68.41,69.06,données du projet,87.06,92.15,92.1,57.43,58.31,90.43666666666668,79.555,45.02,39.34,39.34
EX24_Sousse_2020_11,Sousse,Sousse,Centre-Est,2020,11,2020-11-15,35.890446,10.626493,646800.63,3973019.16,950,85.0,17.36,64.11,87.22,65.26,21.35,76.52,72.73,40.53,données du projet,69.06,87.06,92.15,71.99,49.8,82.7566666666667,81.49333333333334,34.97,37.81,37.81
EX24_Sousse_2020_12,Sousse,Sousse,Centre-Est,2020,12,2020-12-15,35.776571,10.626552,647015.99,3960387.59,950,85.0,12.69,92.66,86.66,74.77,27.26,85.04,53.92,40.36,données du projet,40.53,69.06,87.06,76.6,38.34,65.55000000000003,76.25,27.89,41.73,41.73
EX24_Sousse_2021_01,Sousse,Sousse,Centre-Est,2021,1,2021-01-15,35.836469,10.583011,642972.76,3966967.2,950,85.0,16.16,83.97,84.89,75.68,18.34,86.93,71.51,33.33,données du projet,40.36,40.53,69.06,92.1,32.08,49.98333333333337,70.21,27.05,48.5,48.5
EX24_Sousse_2021_02,Sousse,Sousse,Centre-Est,2021,2,2021-02-15,35.818476,10.666312,650530.89,3965096.29,950,85.0,14.63,81.72,80.33,71.58,18.24,91.01,53.78,34.3,données du projet,33.33,40.36,40.53,92.15,46.43,38.07333333333336,60.415,63.56,59.95,59.95
EX24_Sousse_2021_03,Sousse,Sousse,Centre-Est,2021,3,2021-03-15,35.885664,10.578511,642478.22,3972417.64,950,85.0,23.11,60.62,70.64,63.0,52.67,81.12,91.99,46.98,données du projet,34.3,33.33,40.36,87.06,46.25,35.99666666666669,50.77333333333334,51.12,69.51,69.51
EX24_Sousse_2021_04,Sousse,Sousse,Centre-Est,2021,4,2021-04-15,35.856935,10.648573,648856.37,3969335.26,950,85.0,24.56,45.31,64.17,56.83,52.57,89.64,60.25,62.95,données du projet,46.98,34.3,33.33,69.06,57.43,38.203333333333354,44.093333333333334,69.84,79.49,79.49
EX24_Sousse_2021_05,Sousse,Sousse,Centre-Est,2021,5,2021-05-15,35.908068,10.634499,647490.61,3974985.92,950,85.0,28.71,34.4,60.46,50.59,75.44,99.74,78.15,72.85,données du projet,62.95,46.98,34.3,40.53,71.99,48.07666666666669,43.074999999999996,85.37,78.71,78.71
EX24_Sousse_2021_06,Sousse,Sousse,Centre-Est,2021,6,2021-06-15,35.819004,10.646716,648759.5,3965124.96,950,85.0,34.32,25.08,61.67,40.7,84.49,93.61,87.57,84.44,données du projet,72.85,62.95,46.98,40.36,76.6,60.9266666666667,48.461666666666666,64.25,77.65,77.65
EX24_Sousse_2021_07,Sousse,Sousse,Centre-Est,2021,7,2021-07-15,35.807213,10.650654,649137.35,3963823.0,950,85.0,34.17,0.0,51.82,42.78,84.79,95.82,85.82,82.62,données du projet,84.44,72.85,62.95,33.33,92.1,73.41333333333336,55.80833333333333,61.69,65.8,65.8
EX24_Sousse_2021_08,Sousse,Sousse,Centre-Est,2021,8,2021-08-15,35.849583,10.617482,646062.25,3968472.88,950,85.0,31.37,9.24,53.19,38.72,76.6,99.87,82.83,74.03,données du projet,82.62,84.44,72.85,34.3,92.15,79.97000000000003,64.02333333333333,74.13,56.2,56.2
EX24_Sousse_2021_09,Sousse,Sousse,Centre-Est,2021,9,2021-09-15,35.860646,10.629501,647127.27,3969718.1,950,85.0,29.22,29.94,58.23,44.35,77.42,97.12,74.29,67.91,données du projet,74.03,82.62,84.44,46.98,87.06,80.36333333333336,70.645,40.43,46.83,46.83
EX24_Sousse_2021_10,Sousse,Sousse,Centre-Est,2021,10,2021-10-15,35.833313,10.611487,645550.61,3966659.2,950,85.0,23.13,64.17,67.98,62.53,48.56,89.42,69.19,57.08,données du projet,67.91,74.03,82.62,62.95,69.06,74.85333333333335,74.13333333333334,57.96,42.58,42.58
EX24_Sousse_2021_11,Sousse,Sousse,Centre-Est,2021,11,2021-11-15,35.839879,10.62474,646735.61,3967407.33,950,85.0,21.41,108.51,74.14,66.82,30.96,77.87,64.03,49.5,données du projet,57.08,67.91,74.03,72.85,40.53,66.34000000000002,73.15499999999999,32.97,45.27,45.27
EX24_Sousse_2021_12,Sousse,Sousse,Centre-Est,2021,12,2021-12-15,35.862953,10.655716,649490.1,3970013.73,950,85.0,14.38,76.96,83.17,70.83,21.97,73.33,78.44,43.6,données du projet,49.5,57.08,67.91,84.44,40.36,58.163333333333355,69.26333333333334,36.01,43.88,43.88
EX24_Sousse_2022_01,Sousse,Sousse,Centre-Est,2022,1,2022-01-15,35.83832,10.64163,648264.08,3967259.82,950,85.0,12.74,92.46,84.83,64.1,18.3,82.07,74.83,35.21,données du projet,43.6,49.5,57.08,82.62,33.33,50.060000000000024,62.45666666666667,56.06,49.41,49.41
EX24_Sousse_2022_02,Sousse,Sousse,Centre-Est,2022,2,2022-02-15,35.831356,10.664391,650333.02,3966522.03,950,85.0,16.19,114.15,83.37,74.61,22.82,84.91,60.62,45.49,données du projet,35.21,43.6,49.5,74.03,34.3,42.77000000000002,54.555,54.24,59.12,59.12
EX24_Sousse_2022_03,Sousse,Sousse,Centre-Est,2022,3,2022-03-15,35.848405,10.619463,646243.39,3968345.19,950,85.0,16.42,75.06,74.64,73.17,39.19,86.63,63.44,49.38,données du projet,45.49,35.21,43.6,67.91,46.98,41.43333333333336,49.79833333333334,61.06,65.5,65.5
EX24_Sousse_2022_04,Sousse,Sousse,Centre-Est,2022,4,2022-04-15,35.813029,10.656011,649610.44,3964476.24,950,85.0,23.73,42.78,64.64,52.98,45.11,90.52,60.08,57.39,données du projet,49.38,45.49,35.21,57.08,62.95,43.360000000000035,46.71,76.09,74.29,74.29
EX24_Sousse_2022_05,Sousse,Sousse,Centre-Est,2022,5,2022-05-15,35.841177,10.671124,650922.66,3967621.84,950,85.0,25.56,32.52,66.81,54.47,82.47,100.0,68.5,66.76,données du projet,57.39,49.38,45.49,49.5,72.85,50.75333333333336,46.76166666666668,78.84,88.62,88.62
EX24_Sousse_2022_06,Sousse,Sousse,Centre-Est,2022,6,2022-06-15,35.846396,10.644335,648493.35,3968159.78,950,85.0,29.72,24.14,58.92,42.7,84.73,88.98,67.11,74.7,données du projet,66.76,57.39,49.38,43.6,84.44,57.84333333333336,49.63833333333334,80.14,90.53,90.53
EX24_Sousse_2022_07,Sousse,Sousse,Centre-Est,2022,7,2022-07-15,35.849513,10.59386,643929.11,3968430.04,950,85.0,32.89,9.19,57.71,37.32,81.53,100.0,100.0,84.34,données du projet,74.7,66.76,57.39,35.21,82.62,66.28333333333336,54.821666666666665,100.0,80.15,80.15
EX24_Sousse_2022_08,Sousse,Sousse,Centre-Est,2022,8,2022-08-15,35.834045,10.704659,653965.32,3966883.0,950,85.0,31.83,18.05,56.46,42.83,80.91,100.0,96.58,95.22,données du projet,84.34,74.7,66.76,45.49,74.03,75.2666666666667,63.01000000000001,78.14,66.43,66.43
EX24_Sousse_2022_09,Sousse,Sousse,Centre-Est,2022,9,2022-09-15,35.839175,10.617991,646127.35,3967319.15,950,85.0,27.73,24.93,63.47,54.19,69.62,91.07,89.05,86.46,données du projet,95.22,84.34,74.7,49.38,67.91,84.75333333333336,71.29833333333333,73.04,45.2,45.2
EX24_Sousse_2022_10,Sousse,Sousse,Centre-Est,2022,10,2022-10-15,35.776952,10.664466,650442.42,3960487.38,950,85.0,23.08,76.37,77.83,56.45,42.25,79.8,61.26,58.67,données du projet,86.46,95.22,84.34,57.39,57.08,88.67333333333335,77.47833333333334,41.4,37.54,37.54
EX24_Sousse_2022_11,Sousse,Sousse,Centre-Est,2022,11,2022-11-15,35.819388,10.641712,648306.71,3965159.91,950,85.0,17.94,101.22,78.54,67.45,23.09,91.33,55.8,48.84,données du projet,58.67,86.46,95.22,66.76,49.5,80.11666666666669,77.69166666666668,55.3,37.77,37.77
EX24_Sousse_2022_12,Sousse,Sousse,Centre-Est,2022,12,2022-12-15,35.846849,10.640522,648148.14,3968204.26,950,85.0,14.88,87.77,82.97,66.99,16.17,78.9,68.8,43.49,données du projet,48.84,58.67,86.46,74.7,43.6,64.65666666666668,74.705,32.49,43.08,43.08
EX24_Sousse_2023_01,Sousse,Sousse,Centre-Est,2023,1,2023-01-15,35.79555,10.685119,652273.8,3962582.3,950,85.0,13.18,88.96,77.19,76.69,22.47,91.21,57.64,22.67,données du projet,43.49,48.84,58.67,84.34,35.21,50.333333333333364,69.50333333333333,57.03,50.81,50.81
EX24_Sousse_2023_02,Sousse,Sousse,Centre-Est,2023,2,2023-02-15,35.816109,10.638162,647992.07,3964790.82,950,85.0,14.44,105.73,83.59,69.09,17.8,84.99,72.42,48.93,données du projet,22.67,43.49,48.84,95.22,45.49,38.333333333333364,59.224999999999994,33.08,63.45,63.45
EX24_Sousse_2023_03,Sousse,Sousse,Centre-Est,2023,3,2023-03-15,35.760974,10.629537,647314.57,3958661.91,950,85.0,20.73,75.61,80.56,54.95,45.99,78.39,52.55,47.7,données du projet,48.93,22.67,43.49,86.46,49.38,38.36333333333336,51.51,58.12,77.29,77.29
EX24_Sousse_2023_04,Sousse,Sousse,Centre-Est,2023,4,2023-04-15,35.81363,10.698388,653438.18,3964608.57,950,85.0,23.74,38.71,63.21,61.85,48.56,91.66,68.87,60.2,données du projet,47.7,48.93,22.67,58.67,57.39,39.766666666666694,45.050000000000004,79.69,81.33,81.33
EX24_Sousse_2023_05,Sousse,Sousse,Centre-Est,2023,5,2023-05-15,35.812631,10.659621,649937.37,3964437.71,950,85.0,27.64,37.86,55.29,47.42,69.14,97.28,50.89,76.57,données du projet,60.2,47.7,48.93,48.84,66.76,52.2766666666667,45.30500000000001,72.15,89.14,89.14
EX24_Sousse_2023_06,Sousse,Sousse,Centre-Est,2023,6,2023-06-15,35.811234,10.671805,651040.89,3964301.44,950,85.0,33.45,30.55,60.79,40.28,79.72,100.0,100.0,83.21,données du projet,76.57,60.2,47.7,43.49,74.7,61.49000000000003,49.92666666666667,83.95,91.49,91.49
EX24_Sousse_2023_07,Sousse,Sousse,Centre-Est,2023,7,2023-07-15,35.775422,10.657687,649832.51,3960307.32,950,85.0,33.53,20.31,50.66,40.19,89.91,100.0,91.91,85.76,données du projet,83.21,76.57,60.2,22.67,84.34,73.3266666666667,56.54666666666666,98.1,82.86,82.86
EX24_Sousse_2023_08,Sousse,Sousse,Centre-Est,2023,8,2023-08-15,35.814284,10.66504,650423.86,3964629.33,950,85.0,32.78,30.35,51.19,48.11,94.37,97.83,100.0,89.45,données du projet,85.76,83.21,76.57,48.93,95.22,81.84666666666669,67.06166666666667,73.99,72.11,72.11
EX24_Sousse_2023_09,Sousse,Sousse,Centre-Est,2023,9,2023-09-15,35.807876,10.657648,649768.05,3963907.22,950,85.0,30.86,41.8,55.93,44.15,73.4,100.0,89.45,82.27,données du projet,89.45,85.76,83.21,47.7,86.46,86.14000000000003,73.81500000000001,75.82,60.86,60.86
EX24_Sousse_2023_10,Sousse,Sousse,Centre-Est,2023,10,2023-10-15,35.827594,10.656743,649649.26,3966093.04,950,85.0,22.95,61.98,68.34,60.58,40.86,97.05,61.24,70.6,données du projet,82.27,89.45,85.76,60.2,58.67,85.8266666666667,79.57666666666667,63.52,49.14,49.14
EX24_Sousse_2023_11,Sousse,Sousse,Centre-Est,2023,11,2023-11-15,35.89189,10.644523,648425.43,3973206.6,950,85.0,15.48,106.5,80.29,67.12,32.33,77.85,70.12,58.92,données du projet,70.6,82.27,89.45,76.57,48.84,80.77333333333335,81.31,31.44,46.75,46.75
EX24_Sousse_2023_12,Sousse,Sousse,Centre-Est,2023,12,2023-12-15,35.834809,10.645919,648657.97,3966876.92,950,85.0,16.57,89.93,89.12,72.29,20.24,86.18,59.83,41.75,données du projet,58.92,70.6,82.27,83.21,43.49,70.59666666666669,78.36833333333333,52.75,52.07,52.07
EX24_Sousse_2024_01,Sousse,Sousse,Centre-Est,2024,1,2024-01-15,35.848016,10.65074,649068.78,3968349.22,950,85.0,17.36,97.23,85.69,80.24,35.96,74.94,66.35,49.51,données du projet,41.75,58.92,70.6,85.76,22.67,57.090000000000025,71.45833333333333,44.34,54.37,54.37
EX24_Sousse_2024_02,Sousse,Sousse,Centre-Est,2024,2,2024-02-15,35.860202,10.596739,644169.78,3969619.96,950,85.0,16.79,90.53,85.55,65.85,28.0,82.97,66.39,46.81,données du projet,49.51,41.75,58.92,89.45,48.93,50.060000000000024,65.41666666666667,66.14,60.75,60.75
EX24_Sousse_2024_03,Sousse,Sousse,Centre-Est,2024,3,2024-03-15,35.794448,10.624702,646815.86,3962367.75,950,85.0,15.87,68.87,74.5,70.41,31.49,78.75,62.15,55.07,données du projet,46.81,49.51,41.75,82.27,47.7,46.02333333333336,58.309999999999995,38.61,76.06,76.06
EX24_Sousse_2024_04,Sousse,Sousse,Centre-Est,2024,4,2024-04-15,35.853355,10.603433,644786.65,3968870.37,950,85.0,23.16,70.83,67.6,61.2,44.3,96.72,65.26,54.06,données du projet,55.07,46.81,49.51,70.6,60.2,50.46333333333336,53.776666666666664,70.66,83.76,83.76
EX24_Sousse_2024_05,Sousse,Sousse,Centre-Est,2024,5,2024-05-15,35.810274,10.685149,652248.42,3964215.66,950,85.0,27.3,26.46,64.04,41.97,76.55,82.15,59.71,79.73,données du projet,54.06,55.07,46.81,58.92,76.57,51.980000000000025,51.02,83.32,87.47,87.47
EX24_Sousse_2024_06,Sousse,Sousse,Centre-Est,2024,6,2024-06-15,35.869346,10.579259,642574.95,3970608.69,950,85.0,31.98,28.67,55.77,46.67,85.91,100.0,72.47,80.41,données du projet,79.73,54.06,55.07,41.75,83.21,62.953333333333354,54.48833333333334,80.07,85.65,85.65
EX24_Sousse_2024_07,Sousse,Sousse,Centre-Est,2024,7,2024-07-15,35.829374,10.632862,647488.67,3966254.26,950,85.0,33.53,21.72,54.02,39.27,96.95,100.0,94.25,86.25,données du projet,80.41,79.73,54.06,49.51,85.76,71.40000000000003,60.931666666666665,85.28,81.12,81.12
EX24_Sousse_2024_08,Sousse,Sousse,Centre-Est,2024,8,2024-08-15,35.840448,10.623526,646624.92,3967468.57,950,85.0,31.31,12.97,51.97,45.88,85.03,98.36,88.58,92.29,données du projet,86.25,80.41,79.73,46.81,89.45,82.13000000000004,67.05499999999999,62.11,68.91,68.91
EX24_Sousse_2024_09,Sousse,Sousse,Centre-Est,2024,9,2024-09-15,35.843261,10.64559,648612.48,3967813.87,950,85.0,29.61,36.43,60.89,39.06,62.05,91.69,90.54,78.65,données du projet,92.29,86.25,80.41,55.07,82.27,86.31666666666668,74.635,81.17,49.06,49.06
EX24_Sousse_2024_10,Sousse,Sousse,Centre-Est,2024,10,2024-10-15,35.797323,10.585259,643246.13,3962628.23,950,85.0,22.43,57.76,78.32,57.81,53.92,89.13,66.92,72.14,données du projet,78.65,92.29,86.25,54.06,70.6,85.73000000000002,78.565,35.77,40.38,40.38
EX24_Sousse_2024_11,Sousse,Sousse,Centre-Est,2024,11,2024-11-15,35.830596,10.58805,643438.45,3966323.14,950,85.0,15.68,93.93,80.73,66.69,19.12,88.38,79.05,49.87,données du projet,72.14,78.65,92.29,79.73,58.92,81.0266666666667,81.57833333333333,34.33,45.35,45.35
EX24_Sousse_2024_12,Sousse,Sousse,Centre-Est,2024,12,2024-12-15,35.796231,10.631215,647401.11,3962575.34,950,85.0,15.4,88.72,79.96,72.12,13.21,78.55,68.26,34.57,données du projet,49.87,72.14,78.65,80.41,41.75,66.88666666666668,76.60166666666667,47.55,51.82,51.82
EX24_Sousse_2025_01,Sousse,Sousse,Centre-Est,2025,1,2025-01-15,35.892877,10.612435,645527.27,3973267.81,950,85.0,14.48,68.85,76.31,69.54,25.25,82.35,60.4,45.48,données du projet,34.57,49.87,72.14,86.25,49.51,52.19333333333336,68.96166666666667,48.55,58.25,58.25
EX24_Sousse_2025_02,Sousse,Sousse,Centre-Est,2025,2,2025-02-15,35.870759,10.614923,645792.38,3970818.03,950,85.0,15.69,83.73,85.48,66.03,31.29,100.0,62.25,48.16,données du projet,45.48,34.57,49.87,92.29,46.81,43.30666666666669,62.166666666666664,56.9,69.98,69.98
EX24_Sousse_2025_03,Sousse,Sousse,Centre-Est,2025,3,2025-03-15,35.895668,10.559351,640730.94,3973499.58,950,85.0,20.01,60.75,77.16,62.59,46.29,88.18,58.43,62.37,données du projet,48.16,45.48,34.57,78.65,55.07,42.736666666666686,54.81166666666667,75.03,78.08,78.08
EX24_Sousse_2025_04,Sousse,Sousse,Centre-Est,2025,4,2025-04-15,35.815751,10.643622,648486.02,3964759.33,950,85.0,25.33,69.05,57.8,61.29,52.36,93.39,78.02,73.04,données du projet,62.37,48.16,45.48,72.14,54.06,52.00333333333335,52.09833333333333,79.27,83.51,83.51
EX24_Sousse_2025_05,Sousse,Sousse,Centre-Est,2025,5,2025-05-15,35.831176,10.651633,649180.93,3966482.54,950,85.0,25.22,42.83,66.57,41.44,62.91,100.0,71.21,72.23,données du projet,73.04,62.37,48.16,49.87,79.73,61.190000000000026,52.248333333333335,69.18,94.28,94.28
EX24_Sousse_2025_06,Sousse,Sousse,Centre-Est,2025,6,2025-06-15,35.88337,10.618924,646130.44,3972222.84,950,85.0,29.96,13.67,52.14,31.09,90.57,94.35,99.44,91.94,données du projet,72.23,73.04,62.37,34.57,80.41,69.21333333333337,55.975,95.66,86.37,86.37
EX24_Sousse_2025_07,Sousse,Sousse,Centre-Est,2025,7,2025-07-15,35.72828,10.67237,651249.01,3955100.64,950,85.0,34.45,10.13,49.61,43.7,99.59,96.1,98.72,90.1,données du projet,91.94,72.23,73.04,45.48,86.25,79.07000000000004,65.53666666666668,100.0,76.12,76.12
EX24_Sousse_2025_08,Sousse,Sousse,Centre-Est,2025,8,2025-08-15,35.847927,10.653507,649318.8,3968343.62,950,85.0,33.96,11.55,49.73,47.97,88.33,100.0,89.23,94.35,données du projet,90.1,91.94,72.23,48.16,92.29,84.75666666666667,72.97333333333333,83.47,64.22,64.22
EX24_Sousse_2025_09,Sousse,Sousse,Centre-Est,2025,9,2025-09-15,35.812576,10.631176,647367.39,3964388.4,950,85.0,29.78,25.53,62.72,49.5,67.93,99.19,86.95,77.29,données du projet,94.35,90.1,91.94,62.37,78.65,92.13000000000001,80.67166666666667,48.94,55.66,55.66
EX24_Tataouine_2017_01,Tataouine,Tataouine,Sud,2017,1,2017-01-15,32.926976,10.405233,631384.45,3644067.42,15,20.0,20.81,36.73,61.79,43.17,46.77,20.16,22.5,44.52,données du projet,60.53,61.79,70.74,92.0,57.12,64.35333333333335,77.54833333333333,24.05,62.46,62.46
EX24_Tataouine_2017_02,Tataouine,Tataouine,Sud,2017,2,2017-02-15,32.977917,10.424589,633117.95,3649739.7,15,20.0,22.97,42.81,62.13,33.48,35.3,38.32,18.94,43.03,données du projet,44.52,60.53,61.79,93.71,52.7,55.613333333333365,69.63499999999999,46.02,65.97,65.97
EX24_Tataouine_2017_03,Tataouine,Tataouine,Sud,2017,3,2017-03-15,32.883913,10.46581,637115.07,3639370.04,15,20.0,24.6,27.71,53.15,30.88,63.24,36.28,19.67,57.24,données du projet,43.03,44.52,60.53,86.52,60.62,49.360000000000035,61.18833333333333,76.74,78.82,78.82
EX24_Tataouine_2017_04,Tataouine,Tataouine,Sud,2017,4,2017-04-15,32.9332,10.474762,637876.08,3644846.36,15,20.0,31.79,31.82,48.48,25.6,67.66,53.19,25.9,72.43,données du projet,57.24,43.03,44.52,70.74,67.47,48.26333333333336,56.30833333333334,75.8,79.56,79.56
EX24_Tataouine_2017_05,Tataouine,Tataouine,Sud,2017,5,2017-05-15,32.932439,10.417526,632525.74,3644688.49,15,20.0,32.71,27.17,46.83,27.0,95.68,48.75,10.63,79.55,données du projet,72.43,57.24,43.03,61.79,75.15,57.56666666666669,56.589999999999996,70.15,87.58,87.58
EX24_Tataouine_2017_06,Tataouine,Tataouine,Sud,2017,6,2017-06-15,32.960228,10.49486,639712.76,3647869.5,15,20.0,35.69,22.36,33.1,17.03,100.0,64.19,33.2,82.89,données du projet,79.55,72.43,57.24,60.53,83.41,69.74000000000002,59.550000000000004,83.47,85.23,85.23
EX24_Tataouine_2017_07,Tataouine,Tataouine,Sud,2017,7,2017-07-15,32.931182,10.477341,638120.4,3644625.96,15,20.0,41.04,11.3,28.53,17.7,100.0,60.56,38.88,82.53,données du projet,82.89,79.55,72.43,44.52,92.0,78.29000000000002,63.276666666666664,91.89,85.23,85.23
EX24_Tataouine_2017_08,Tataouine,Tataouine,Sud,2017,8,2017-08-15,32.930329,10.482266,638582.17,3644537.91,15,20.0,39.24,42.22,36.9,21.18,100.0,67.57,37.15,91.51,données du projet,82.53,82.89,79.55,43.03,93.71,81.65666666666668,69.61166666666666,92.68,77.28,77.28
EX24_Tataouine_2017_09,Tataouine,Tataouine,Sud,2017,9,2017-09-15,32.90042,10.472809,637744.28,3641209.36,15,20.0,33.02,11.5,46.23,19.59,92.11,58.48,34.79,86.4,données du projet,91.51,82.53,82.89,57.24,86.52,85.64333333333336,77.69166666666666,83.74,64.44,64.44
EX24_Tataouine_2017_10,Tataouine,Tataouine,Sud,2017,10,2017-10-15,32.921917,10.375296,628592.56,3643469.57,15,20.0,26.76,31.99,55.11,37.45,74.04,38.17,10.3,76.8,données du projet,86.4,91.51,82.53,72.43,70.74,86.81333333333335,82.55166666666666,66.36,60.72,60.72
EX24_Tataouine_2017_11,Tataouine,Tataouine,Sud,2017,11,2017-11-15,32.93073,10.442329,634847.44,3644530.56,15,20.0,24.87,37.36,63.72,37.81,59.92,38.98,12.69,66.04,données du projet,76.8,86.4,91.51,79.55,61.79,84.90333333333335,83.27999999999999,79.61,56.21,56.21
EX24_Tataouine_2017_12,Tataouine,Tataouine,Sud,2017,12,2017-12-15,32.92828,10.427124,633429.39,3644239.48,15,20.0,21.77,34.68,57.85,42.55,50.98,45.88,14.32,57.35,données du projet,66.04,76.8,86.4,82.89,60.53,76.41333333333336,81.02833333333334,57.83,58.79,58.79
EX24_Tataouine_2018_01,Tataouine,Tataouine,Sud,2018,1,2018-01-15,32.934158,10.47444,637844.54,3644952.19,15,20.0,17.06,43.39,64.97,48.05,46.41,49.64,2.56,54.66,données du projet,57.35,66.04,76.8,82.53,44.52,66.73000000000003,76.77166666666666,51.62,57.05,57.05
EX24_Tataouine_2018_02,Tataouine,Tataouine,Sud,2018,2,2018-02-15,32.925364,10.495433,639821.17,3644004.76,15,20.0,20.6,35.48,59.49,41.0,47.88,40.98,19.22,54.68,données du projet,54.66,57.35,66.04,91.51,43.03,59.35000000000002,72.12666666666667,46.76,70.14,70.14
EX24_Tataouine_2018_03,Tataouine,Tataouine,Sud,2018,3,2018-03-15,32.914753,10.413408,632167.05,3642722.41,15,20.0,26.62,16.46,57.73,40.25,68.36,48.82,10.15,51.39,données du projet,54.68,54.66,57.35,86.4,57.24,55.563333333333354,65.98833333333333,75.47,81.32,81.32
EX24_Tataouine_2018_04,Tataouine,Tataouine,Sud,2018,4,2018-04-15,32.993001,10.422627,632911.94,3651409.71,15,20.0,28.15,15.59,51.74,27.31,74.96,51.0,0.57,67.11,données du projet,51.39,54.68,54.66,76.8,72.43,53.57666666666669,60.15333333333333,85.27,91.73,91.73
EX24_Tataouine_2018_05,Tataouine,Tataouine,Sud,2018,5,2018-05-15,32.998873,10.518446,641855.46,3652185.94,15,20.0,32.58,11.26,42.9,23.37,99.06,51.19,3.65,82.38,données du projet,67.11,51.39,54.68,66.04,79.55,57.72666666666669,58.538333333333334,99.56,93.42,93.42
EX24_Tataouine_2018_06,Tataouine,Tataouine,Sud,2018,6,2018-06-15,32.926492,10.493142,639605.17,3644126.86,15,20.0,37.79,18.93,39.09,17.21,100.0,52.69,52.91,88.63,données du projet,82.38,67.11,51.39,57.35,82.89,66.96000000000002,61.26166666666666,98.13,94.12,94.12
EX24_Tataouine_2018_07,Tataouine,Tataouine,Sud,2018,7,2018-07-15,32.933256,10.446584,635241.39,3644815.98,15,20.0,38.47,58.99,28.58,13.99,100.0,52.96,36.11,99.42,données du projet,88.63,82.38,67.11,54.66,82.53,79.37333333333335,66.475,100.0,84.56,84.56
EX24_Tataouine_2018_08,Tataouine,Tataouine,Sud,2018,8,2018-08-15,32.959293,10.467521,637158.79,3647729.9,15,20.0,39.29,42.82,31.79,22.6,100.0,60.92,38.81,92.98,données du projet,99.42,88.63,82.38,54.68,91.51,90.14333333333336,73.935,83.55,78.34,78.34
EX24_Tataouine_2018_09,Tataouine,Tataouine,Sud,2018,9,2018-09-15,32.94019,10.446145,635189.84,3645584.32,15,20.0,30.32,25.54,35.85,24.72,96.73,48.34,33.92,88.38,données du projet,92.98,99.42,88.63,51.39,86.4,93.67666666666669,80.31833333333334,85.75,59.53,59.53
EX24_Tataouine_2018_10,Tataouine,Tataouine,Sud,2018,10,2018-10-15,32.914206,10.426693,633410.21,3642678.51,15,20.0,27.95,19.27,44.09,39.4,78.84,44.25,10.98,78.28,données du projet,88.38,92.98,99.42,67.11,76.8,93.59333333333336,86.48333333333333,65.75,55.66,55.66
EX24_Tataouine_2018_11,Tataouine,Tataouine,Sud,2018,11,2018-11-15,32.865541,10.466173,637177.32,3637333.58,15,20.0,24.58,31.4,54.92,46.79,56.89,43.23,6.0,56.02,données du projet,78.28,88.38,92.98,82.38,66.04,86.54666666666668,88.34500000000001,42.08,50.81,50.81
EX24_Tataouine_2018_12,Tataouine,Tataouine,Sud,2018,12,2018-12-15,32.939968,10.429187,633604.72,3645538.02,15,20.0,20.97,57.17,70.2,46.22,44.06,44.52,12.14,45.39,données du projet,56.02,78.28,88.38,88.63,57.35,74.22666666666669,83.95166666666667,53.39,54.65,54.65
EX24_Tataouine_2019_01,Tataouine,Tataouine,Sud,2019,1,2019-01-15,32.918213,10.465742,637055.9,3643172.9,15,20.0,20.8,46.92,62.56,39.34,46.54,27.73,23.53,51.17,données du projet,45.39,56.02,78.28,99.42,54.66,59.89666666666668,76.745,65.56,63.28,63.28
EX24_Tataouine_2019_02,Tataouine,Tataouine,Sud,2019,2,2019-02-15,32.902064,10.459829,636527.73,3641374.8,15,20.0,21.49,54.6,61.26,38.39,45.42,40.47,19.25,60.02,données du projet,51.17,45.39,56.02,92.98,54.68,50.86000000000002,68.70333333333333,52.05,67.02,67.02
EX24_Tataouine_2019_03,Tataouine,Tataouine,Sud,2019,3,2019-03-15,32.890774,10.444097,635073.39,3640102.75,15,20.0,23.28,30.04,59.03,37.15,74.34,62.61,9.9,53.31,données du projet,60.02,51.17,45.39,88.38,51.39,52.19333333333335,63.21,67.89,79.23,79.23
EX24_Tataouine_2019_04,Tataouine,Tataouine,Sud,2019,4,2019-04-15,32.913362,10.446951,635306.04,3642610.76,15,20.0,31.32,24.69,55.97,26.77,67.44,57.28,8.87,72.43,données du projet,53.31,60.02,51.17,78.28,67.11,54.83333333333335,57.365,67.28,90.96,90.96
EX24_Tataouine_2019_05,Tataouine,Tataouine,Sud,2019,5,2019-05-15,32.967216,10.377359,628719.84,3648494.5,15,20.0,34.15,24.85,42.62,26.55,78.16,51.36,24.62,83.76,données du projet,72.43,53.31,60.02,56.02,82.38,61.920000000000016,56.39000000000001,97.77,95.18,95.18
EX24_Tataouine_2019_06,Tataouine,Tataouine,Sud,2019,6,2019-06-15,32.921544,10.461709,636673.61,3643537.05,15,20.0,41.52,20.19,36.73,13.55,94.6,47.53,32.62,89.62,données du projet,83.76,72.43,53.31,45.39,88.63,69.83333333333336,61.01333333333333,88.74,90.48,90.48
EX24_Tataouine_2019_07,Tataouine,Tataouine,Sud,2019,7,2019-07-15,32.884992,10.454691,636073.25,3639475.3,15,20.0,40.3,9.97,26.91,9.71,100.0,56.66,18.72,97.27,données du projet,89.62,83.76,72.43,51.17,99.42,81.93666666666668,68.385,91.04,81.32,81.32
EX24_Tataouine_2019_08,Tataouine,Tataouine,Sud,2019,8,2019-08-15,32.938223,10.450693,635618.05,3645371.97,15,20.0,36.37,11.79,33.49,21.13,100.0,60.35,42.92,89.91,données du projet,97.27,89.62,83.76,60.02,92.98,90.2166666666667,76.06833333333333,100.0,74.62,74.62
EX24_Tataouine_2019_09,Tataouine,Tataouine,Sud,2019,9,2019-09-15,32.945222,10.412759,632061.04,3646099.81,15,20.0,33.63,22.61,40.47,22.78,99.81,43.48,28.27,82.15,données du projet,89.91,97.27,89.62,53.31,88.38,92.2666666666667,81.05,74.58,66.62,66.62
EX24_Tataouine_2019_10,Tataouine,Tataouine,Sud,2019,10,2019-10-15,32.912664,10.465036,636998.42,3642556.73,15,20.0,26.82,54.81,55.38,29.18,56.7,53.28,18.6,79.92,données du projet,82.15,89.91,97.27,72.43,78.28,89.77666666666669,85.85666666666667,63.88,53.67,53.67
EX24_Tataouine_2019_11,Tataouine,Tataouine,Sud,2019,11,2019-11-15,32.946752,10.489125,639197.84,3646367.82,15,20.0,22.62,29.64,58.44,46.55,52.37,55.53,21.38,61.3,données du projet,79.92,82.15,89.91,83.76,56.02,83.99333333333335,87.105,50.55,52.7,52.7
EX24_Tataouine_2019_12,Tataouine,Tataouine,Sud,2019,12,2019-12-15,32.957354,10.411586,631933.39,3647443.49,15,20.0,19.95,57.66,70.66,35.48,50.07,45.0,3.19,51.59,données du projet,61.3,79.92,82.15,89.62,45.39,74.45666666666669,83.36166666666666,51.59,57.33,57.33
EX24_Tataouine_2020_01,Tataouine,Tataouine,Sud,2020,1,2020-01-15,32.918447,10.418178,632607.61,3643138.03,15,20.0,19.5,42.04,58.42,45.43,54.65,44.28,20.74,54.57,données du projet,51.59,61.3,79.92,97.27,51.17,64.27000000000002,77.02333333333333,66.32,59.25,59.25
EX24_Tataouine_2020_02,Tataouine,Tataouine,Sud,2020,2,2020-02-15,32.886944,10.47001,637503.28,3639711.62,15,20.0,21.21,29.47,63.18,42.34,44.64,39.68,14.68,54.69,données du projet,54.57,51.59,61.3,89.91,60.02,55.82000000000002,69.90666666666668,39.14,57.38,57.38
EX24_Tataouine_2020_03,Tataouine,Tataouine,Sud,2020,3,2020-03-15,32.930458,10.429985,633693.68,3644484.67,15,20.0,25.2,22.61,51.54,23.22,59.11,45.09,0.0,54.54,données du projet,54.69,54.57,51.59,82.15,53.31,53.61666666666668,64.03666666666668,70.2,79.71,79.71
EX24_Tataouine_2020_04,Tataouine,Tataouine,Sud,2020,4,2020-04-15,32.927905,10.459319,636440.3,3644239.2,15,20.0,29.06,7.63,52.47,24.74,84.78,55.58,29.93,70.49,données du projet,54.54,54.69,54.57,79.92,72.43,54.60000000000002,59.435,68.76,87.35,87.35
EX24_Tataouine_2020_05,Tataouine,Tataouine,Sud,2020,5,2020-05-15,32.945816,10.472096,637607.31,3646241.6,15,20.0,32.13,29.55,49.42,34.5,77.08,43.73,8.4,72.39,données du projet,70.49,54.54,54.69,61.3,83.76,59.90666666666669,57.86333333333334,100.0,90.06,90.06
EX24_Tataouine_2020_06,Tataouine,Tataouine,Sud,2020,6,2020-06-15,32.95361,10.464004,636838.8,3647095.26,15,20.0,38.35,6.64,41.71,17.0,100.0,51.12,34.95,93.02,données du projet,72.39,70.49,54.54,51.59,89.62,65.80666666666669,59.711666666666666,99.78,94.89,94.89
EX24_Tataouine_2020_07,Tataouine,Tataouine,Sud,2020,7,2020-07-15,32.950916,10.47171,637563.35,3646806.62,15,20.0,38.45,22.44,34.56,17.57,100.0,64.19,45.27,93.31,données du projet,93.02,72.39,70.49,54.57,97.27,78.63333333333334,66.61666666666666,100.0,86.07,86.07
EX24_Tataouine_2020_08,Tataouine,Tataouine,Sud,2020,8,2020-08-15,32.933219,10.419907,632747.26,3644778.04,15,20.0,37.05,9.87,35.77,21.09,100.0,62.51,30.25,96.53,données du projet,93.31,93.02,72.39,54.69,89.91,86.24000000000001,73.07333333333332,100.0,79.97,79.97
EX24_Tataouine_2020_09,Tataouine,Tataouine,Sud,2020,9,2020-09-15,32.932417,10.477547,638137.74,3644763.22,15,20.0,34.97,12.17,43.41,25.65,98.81,63.92,50.41,89.55,données du projet,96.53,93.31,93.02,54.54,82.15,94.28666666666669,80.04666666666667,72.92,63.37,63.37
EX24_Tataouine_2020_10,Tataouine,Tataouine,Sud,2020,10,2020-10-15,32.969729,10.393038,630181.49,3648792.45,15,20.0,27.33,22.6,59.17,28.06,75.4,42.8,6.8,71.41,données du projet,89.55,96.53,93.31,70.49,79.92,93.13000000000001,85.88166666666666,76.63,60.63,60.63
EX24_Tataouine_2020_11,Tataouine,Tataouine,Sud,2020,11,2020-11-15,32.945666,10.396306,630522.27,3646128.55,15,20.0,23.96,30.76,64.17,40.79,63.15,54.96,15.3,69.12,données du projet,71.41,89.55,96.53,72.39,61.3,85.83000000000003,86.03500000000001,51.07,56.81,56.81
EX24_Tataouine_2020_12,Tataouine,Tataouine,Sud,2020,12,2020-12-15,32.927279,10.367563,627861.71,3644054.69,15,20.0,18.74,30.58,65.19,49.2,46.6,31.71,8.93,60.43,données du projet,69.12,71.41,89.55,93.02,51.59,76.69333333333334,85.49000000000001,46.31,55.04,55.04
EX24_Tataouine_2021_01,Tataouine,Tataouine,Sud,2021,1,2021-01-15,32.940383,10.461066,636584.47,3645624.91,15,20.0,19.32,29.68,65.63,57.57,46.83,38.87,11.35,54.92,données du projet,60.43,69.12,71.41,93.31,54.57,66.98666666666668,80.05833333333334,54.48,64.2,64.2
EX24_Tataouine_2021_02,Tataouine,Tataouine,Sud,2021,2,2021-02-15,32.916063,10.469874,637445.61,3642939.94,15,20.0,19.61,28.76,62.19,40.51,47.65,46.33,15.28,53.07,données du projet,54.92,60.43,69.12,96.53,54.69,61.49000000000003,73.66,82.09,78.9,78.9
EX24_Tataouine_2021_03,Tataouine,Tataouine,Sud,2021,3,2021-03-15,32.913958,10.455157,636072.54,3642687.38,15,20.0,25.39,31.59,60.6,41.16,62.19,43.67,11.23,59.24,données du projet,53.07,54.92,60.43,89.55,54.54,56.14000000000002,66.41666666666667,74.41,84.5,84.5
EX24_Tataouine_2021_04,Tataouine,Tataouine,Sud,2021,4,2021-04-15,32.973547,10.38846,629748.06,3649210.07,15,20.0,29.09,47.1,50.71,24.99,73.33,41.18,14.09,77.02,données du projet,59.24,53.07,54.92,71.41,70.49,55.74333333333335,61.365,93.21,91.6,91.6
EX24_Tataouine_2021_05,Tataouine,Tataouine,Sud,2021,5,2021-05-15,32.961966,10.476336,637978.61,3648037.83,15,20.0,33.22,18.15,40.14,31.57,96.09,54.48,13.51,87.17,données du projet,77.02,59.24,53.07,69.12,72.39,63.11000000000002,62.300000000000004,100.0,94.97,94.97
EX24_Tataouine_2021_06,Tataouine,Tataouine,Sud,2021,6,2021-06-15,32.92944,10.418758,632645.43,3644357.53,15,20.0,35.7,19.62,42.8,18.47,100.0,61.38,37.18,92.53,données du projet,87.17,77.02,59.24,60.43,93.02,74.47666666666669,65.30833333333334,90.87,93.79,93.79
EX24_Tataouine_2021_07,Tataouine,Tataouine,Sud,2021,7,2021-07-15,32.915812,10.465962,637080.14,3642907.04,15,20.0,41.7,24.68,33.1,12.73,100.0,67.38,39.62,97.94,données du projet,92.53,87.17,77.02,54.92,93.31,85.57333333333337,70.65833333333333,100.0,91.77,91.77
EX24_Tataouine_2021_08,Tataouine,Tataouine,Sud,2021,8,2021-08-15,32.832728,10.469794,637566.78,3633700.22,15,20.0,36.67,5.19,34.05,20.2,100.0,67.39,46.26,97.49,données du projet,97.94,92.53,87.17,53.07,96.53,92.54666666666668,77.82833333333333,78.28,81.46,81.46
EX24_Tataouine_2021_09,Tataouine,Tataouine,Sud,2021,9,2021-09-15,32.921893,10.45501,636046.61,3643567.04,15,20.0,32.47,8.18,42.81,24.14,85.73,53.45,26.41,85.5,données du projet,97.49,97.94,92.53,59.24,89.55,95.98666666666668,85.23166666666667,88.17,72.09,72.09
EX24_Tataouine_2021_10,Tataouine,Tataouine,Sud,2021,10,2021-10-15,32.888436,10.457209,636303.5,3639860.43,15,20.0,28.27,11.43,51.16,32.48,73.31,49.0,28.12,82.09,données du projet,85.5,97.49,97.94,77.02,71.41,93.64333333333336,89.60833333333333,73.69,57.9,57.9
EX24_Tataouine_2021_11,Tataouine,Tataouine,Sud,2021,11,2021-11-15,32.938013,10.423992,633121.94,3645314.73,15,20.0,21.63,27.61,63.44,40.22,57.97,46.55,17.38,68.35,données du projet,82.09,85.5,97.49,87.17,69.12,88.36000000000001,90.45333333333333,63.14,55.53,55.53
EX24_Tataouine_2021_12,Tataouine,Tataouine,Sud,2021,12,2021-12-15,32.967431,10.444578,635001.87,3648602.53,15,20.0,18.86,30.68,68.2,44.33,44.98,44.58,24.7,62.54,données du projet,68.35,82.09,85.5,92.53,60.43,78.64666666666669,87.31666666666666,44.62,51.77,51.77
EX24_Tataouine_2022_01,Tataouine,Tataouine,Sud,2022,1,2022-01-15,32.911696,10.460806,636604.3,3642443.91,15,20.0,19.39,71.7,67.76,46.28,47.62,37.93,11.71,52.26,données du projet,62.54,68.35,82.09,97.94,54.92,70.99333333333335,82.31833333333334,36.76,57.38,57.38
EX24_Tataouine_2022_02,Tataouine,Tataouine,Sud,2022,2,2022-02-15,32.880733,10.437236,634446.74,3638980.69,15,20.0,21.46,23.98,60.1,35.09,43.98,46.85,5.56,54.43,données du projet,52.26,62.54,68.35,97.49,53.07,61.05000000000001,74.705,58.39,61.04,61.04
EX24_Tataouine_2022_03,Tataouine,Tataouine,Sud,2022,3,2022-03-15,32.942075,10.406108,631443.97,3645742.62,15,20.0,26.31,36.45,54.58,38.67,60.44,51.75,25.56,59.7,données du projet,54.43,52.26,62.54,85.5,59.24,56.41000000000002,67.52833333333334,42.03,74.69,74.69
EX24_Tataouine_2022_04,Tataouine,Tataouine,Sud,2022,4,2022-04-15,32.936319,10.427173,633421.93,3645130.86,15,20.0,29.93,33.58,46.84,26.33,74.81,54.12,2.97,61.09,données du projet,59.7,54.43,52.26,82.09,77.02,55.46333333333336,63.22833333333333,79.32,85.87,85.87
EX24_Tataouine_2022_05,Tataouine,Tataouine,Sud,2022,5,2022-05-15,32.944921,10.385345,629498.72,3646032.44,15,20.0,33.94,15.97,40.15,29.83,78.01,58.45,24.77,75.74,données du projet,61.09,59.7,54.43,68.35,87.17,58.40666666666669,59.728333333333325,100.0,91.72,91.72
EX24_Tataouine_2022_06,Tataouine,Tataouine,Sud,2022,6,2022-06-15,32.923033,10.447658,635357.43,3643684.0,15,20.0,37.96,13.55,41.48,12.88,93.5,55.91,44.47,92.34,données du projet,75.74,61.09,59.7,62.54,92.53,65.51000000000002,60.96,86.55,88.55,88.55
EX24_Tataouine_2022_07,Tataouine,Tataouine,Sud,2022,7,2022-07-15,32.896631,10.463396,636869.72,3640777.01,15,20.0,39.99,31.61,39.69,18.44,100.0,52.92,47.6,89.35,données du projet,92.34,75.74,61.09,52.26,97.94,76.39000000000003,65.92666666666666,97.1,87.1,87.1
EX24_Tataouine_2022_08,Tataouine,Tataouine,Sud,2022,8,2022-08-15,32.962741,10.429578,633607.05,3648063.46,15,20.0,40.75,15.44,34.62,14.43,100.0,66.72,20.0,96.88,données du projet,89.35,92.34,75.74,54.43,97.49,85.81000000000002,72.10833333333333,100.0,73.9,73.9
EX24_Tataouine_2022_09,Tataouine,Tataouine,Sud,2022,9,2022-09-15,32.89341,10.443836,635044.99,3640394.61,15,20.0,35.68,53.3,43.99,21.86,81.01,50.61,35.29,85.69,données du projet,96.88,89.35,92.34,59.7,85.5,92.85666666666668,79.18333333333332,72.16,65.78,65.78
EX24_Tataouine_2022_10,Tataouine,Tataouine,Sud,2022,10,2022-10-15,32.949634,10.393336,630238.85,3646564.84,15,20.0,28.22,26.63,55.65,40.38,67.99,46.48,19.66,76.39,données du projet,85.69,96.88,89.35,61.09,82.09,90.64000000000003,83.515,54.49,59.72,59.72
EX24_Tataouine_2022_11,Tataouine,Tataouine,Sud,2022,11,2022-11-15,32.897029,10.499217,640219.64,3640868.18,15,20.0,20.76,23.93,60.42,41.49,54.81,40.42,23.91,64.36,données du projet,76.39,85.69,96.88,75.74,68.35,86.32000000000001,86.065,54.92,56.95,56.95
EX24_Tataouine_2022_12,Tataouine,Tataouine,Sud,2022,12,2022-12-15,32.947153,10.437856,634404.32,3646345.62,15,20.0,15.9,36.1,69.98,49.28,46.24,45.84,18.53,56.55,données du projet,64.36,76.39,85.69,92.34,62.54,75.48000000000002,84.16833333333334,42.86,57.11,57.11
EX24_Tataouine_2023_01,Tataouine,Tataouine,Sud,2023,1,2023-01-15,32.927337,10.425654,633293.36,3644133.07,15,20.0,21.02,46.37,72.39,34.84,36.25,42.4,21.09,54.28,données du projet,56.55,64.36,76.39,89.35,52.26,65.7666666666667,78.20333333333333,48.67,66.02,66.02
EX24_Tataouine_2023_02,Tataouine,Tataouine,Sud,2023,2,2023-02-15,32.964157,10.479492,638270.13,3648284.84,15,20.0,19.78,35.15,66.38,48.02,47.33,36.63,11.25,52.86,données du projet,54.28,56.55,64.36,96.88,54.43,58.39666666666668,72.35833333333333,59.51,67.66,67.66
EX24_Tataouine_2023_03,Tataouine,Tataouine,Sud,2023,3,2023-03-15,32.924273,10.48728,639060.5,3643873.02,15,20.0,23.06,67.84,54.04,40.22,45.37,47.77,15.15,54.84,données du projet,52.86,54.28,56.55,85.69,59.7,54.563333333333354,65.02166666666666,68.97,83.8,83.8
EX24_Tataouine_2023_04,Tataouine,Tataouine,Sud,2023,4,2023-04-15,32.947014,10.468901,637306.75,3646370.36,15,20.0,31.69,17.73,55.41,27.91,77.42,45.33,24.7,83.06,données du projet,54.84,52.86,54.28,76.39,61.09,53.99333333333336,59.879999999999995,75.06,90.04,90.04
EX24_Tataouine_2023_05,Tataouine,Tataouine,Sud,2023,5,2023-05-15,32.959194,10.46233,636673.74,3647712.24,15,20.0,35.13,37.97,52.92,25.67,80.33,52.04,25.04,82.54,données du projet,83.06,54.84,52.86,64.36,75.74,63.58666666666668,60.991666666666674,76.37,96.14,96.14
EX24_Tataouine_2023_06,Tataouine,Tataouine,Sud,2023,6,2023-06-15,32.951942,10.494283,639671.8,3646950.1,15,20.0,37.67,18.68,37.41,17.42,92.39,70.51,35.91,91.88,données du projet,82.54,83.06,54.84,56.55,92.34,73.48000000000002,64.02166666666666,85.09,88.52,88.52
EX24_Tataouine_2023_07,Tataouine,Tataouine,Sud,2023,7,2023-07-15,32.889763,10.514397,641651.13,3640082.9,15,20.0,38.92,11.16,29.98,11.3,100.0,65.23,45.26,98.3,données du projet,91.88,82.54,83.06,54.28,89.35,85.8266666666667,69.91,100.0,84.65,84.65
EX24_Tataouine_2023_08,Tataouine,Tataouine,Sud,2023,8,2023-08-15,32.945798,10.474125,637796.98,3646242.28,15,20.0,37.47,24.56,28.27,10.25,100.0,63.29,33.49,92.56,données du projet,98.3,91.88,82.54,52.86,96.88,90.9066666666667,77.24666666666667,82.03,78.06,78.06
EX24_Tataouine_2023_09,Tataouine,Tataouine,Sud,2023,9,2023-09-15,32.949165,10.437947,634409.76,3646568.85,15,20.0,33.83,9.04,35.07,29.24,93.11,51.78,45.37,89.89,données du projet,92.56,98.3,91.88,54.84,85.69,94.24666666666668,83.86333333333333,90.67,69.98,69.98
EX24_Tataouine_2023_10,Tataouine,Tataouine,Sud,2023,10,2023-10-15,32.987416,10.460399,636449.85,3650838.76,15,20.0,27.13,34.18,50.41,26.44,80.77,43.33,1.56,79.74,données du projet,89.89,92.56,98.3,83.06,76.39,93.58333333333336,89.705,83.7,61.07,61.07
EX24_Tataouine_2023_11,Tataouine,Tataouine,Sud,2023,11,2023-11-15,33.005354,10.426658,633270.07,3652784.39,15,20.0,23.43,24.59,70.12,43.27,57.15,43.93,4.29,66.16,données du projet,79.74,89.89,92.56,82.54,64.36,87.39666666666669,89.15166666666666,82.22,55.62,55.62
EX24_Tataouine_2023_12,Tataouine,Tataouine,Sud,2023,12,2023-12-15,32.917684,10.458263,636357.33,3643104.59,15,20.0,21.53,43.8,62.42,38.69,35.84,60.92,9.73,57.65,données du projet,66.16,79.74,89.89,91.88,56.55,78.59666666666668,86.42166666666667,43.05,63.03,63.03
EX24_Tataouine_2024_01,Tataouine,Tataouine,Sud,2024,1,2024-01-15,32.922963,10.440422,634680.86,3643666.87,15,20.0,19.93,60.51,62.45,47.3,46.25,50.14,17.5,51.75,données du projet,57.65,66.16,79.74,98.3,54.28,67.85000000000001,80.71666666666667,55.72,60.77,60.77
EX24_Tataouine_2024_02,Tataouine,Tataouine,Sud,2024,2,2024-02-15,32.966411,10.523779,642405.95,3648593.8,15,20.0,21.52,34.25,66.26,44.34,48.71,41.5,18.77,55.76,données du projet,51.75,57.65,66.16,92.56,52.86,58.52000000000002,72.95833333333333,72.44,71.57,71.57
EX24_Tataouine_2024_03,Tataouine,Tataouine,Sud,2024,3,2024-03-15,32.967173,10.47429,637779.22,3648612.49,15,20.0,23.23,32.08,56.0,35.43,67.01,42.06,12.6,69.11,données du projet,55.76,51.75,57.65,89.89,54.84,55.05333333333335,66.825,37.61,73.17,73.17
EX24_Tataouine_2024_04,Tataouine,Tataouine,Sud,2024,4,2024-04-15,32.956602,10.465982,637019.07,3647429.52,15,20.0,31.76,42.72,47.58,22.06,70.19,54.51,0.0,63.37,données du projet,69.11,55.76,51.75,79.74,83.06,58.873333333333356,63.36166666666667,60.4,82.3,82.3
EX24_Tataouine_2024_05,Tataouine,Tataouine,Sud,2024,5,2024-05-15,32.920401,10.429854,633696.56,3643369.46,15,20.0,32.46,34.58,49.26,25.91,86.49,52.08,7.28,72.82,données du projet,63.37,69.11,55.76,66.16,82.54,62.74666666666668,60.63333333333333,85.54,90.14,90.14
EX24_Tataouine_2024_06,Tataouine,Tataouine,Sud,2024,6,2024-06-15,32.981338,10.517451,641790.61,3650240.34,15,20.0,36.41,16.24,36.22,21.61,100.0,66.04,37.4,82.95,données du projet,72.82,63.37,69.11,57.65,91.88,68.43333333333335,61.74333333333332,92.66,94.86,94.86
EX24_Tataouine_2024_07,Tataouine,Tataouine,Sud,2024,7,2024-07-15,32.988707,10.451334,635600.82,3650970.2,15,20.0,39.59,21.55,35.28,11.65,87.34,56.67,42.52,94.07,données du projet,82.95,72.82,63.37,51.75,98.3,73.04666666666668,65.96,91.43,83.63,83.63
EX24_Tataouine_2024_08,Tataouine,Tataouine,Sud,2024,8,2024-08-15,32.925081,10.445186,635123.11,3643907.85,15,20.0,38.88,18.03,30.75,25.42,100.0,63.91,44.77,97.51,données du projet,94.07,82.95,72.82,55.76,92.56,83.28000000000002,73.01333333333334,86.16,76.91,76.91
EX24_Tataouine_2024_09,Tataouine,Tataouine,Sud,2024,9,2024-09-15,32.820609,10.446079,635365.33,3632325.93,15,20.0,32.34,17.44,46.18,23.03,88.32,61.47,51.69,83.34,données du projet,97.51,94.07,82.95,69.11,89.89,91.51000000000003,79.97166666666666,72.68,66.42,66.42
EX24_Tataouine_2024_10,Tataouine,Tataouine,Sud,2024,10,2024-10-15,32.950352,10.491087,639375.6,3646769.59,15,20.0,26.73,30.47,49.96,35.82,72.93,53.08,5.11,72.92,données du projet,83.34,97.51,94.07,63.37,79.74,91.64000000000003,82.34333333333332,70.3,53.24,53.24
EX24_Tataouine_2024_11,Tataouine,Tataouine,Sud,2024,11,2024-11-15,32.958691,10.477935,638133.11,3647676.8,15,20.0,21.04,10.49,57.24,29.79,63.69,49.45,3.17,61.13,données du projet,72.92,83.34,97.51,72.82,66.16,84.59000000000003,83.93499999999999,66.43,54.6,54.6
EX24_Tataouine_2024_12,Tataouine,Tataouine,Sud,2024,12,2024-12-15,32.896156,10.453352,635930.89,3640711.31,15,20.0,19.04,26.52,70.08,41.98,47.57,40.07,26.61,58.78,données du projet,61.13,72.92,83.34,82.95,57.65,72.46333333333335,81.98666666666666,44.45,46.09,46.09
EX24_Tataouine_2025_01,Tataouine,Tataouine,Sud,2025,1,2025-01-15,32.920706,10.436625,634329.24,3643411.84,15,20.0,18.91,30.43,66.26,41.68,33.43,48.5,18.77,44.61,données du projet,58.78,61.13,72.92,94.07,51.75,64.27666666666669,77.95833333333333,59.6,58.55,58.55
EX24_Tataouine_2025_02,Tataouine,Tataouine,Sud,2025,2,2025-02-15,32.885797,10.52397,642553.02,3639656.04,15,20.0,16.61,41.36,53.45,37.62,46.5,41.86,16.01,50.41,données du projet,44.61,58.78,61.13,97.51,55.76,54.840000000000025,69.715,57.04,72.61,72.61
EX24_Tataouine_2025_03,Tataouine,Tataouine,Sud,2025,3,2025-03-15,32.92568,10.491153,639420.41,3644034.13,15,20.0,25.05,33.25,64.85,28.49,59.32,38.62,12.91,51.83,données du projet,50.41,44.61,58.78,83.34,69.11,51.26666666666669,61.865,61.34,91.91,91.91
EX24_Tataouine_2025_04,Tataouine,Tataouine,Sud,2025,4,2025-04-15,32.915381,10.405439,631420.84,3642782.17,15,20.0,27.76,15.39,43.3,29.28,71.05,51.53,15.43,73.54,données du projet,51.83,50.41,44.61,72.92,63.37,48.95000000000002,56.61333333333334,91.14,90.29,90.29
EX24_Tataouine_2025_05,Tataouine,Tataouine,Sud,2025,5,2025-05-15,32.925272,10.455193,636058.59,3643941.93,15,20.0,34.57,16.83,43.66,29.17,89.5,63.19,19.74,85.99,données du projet,73.54,51.83,50.41,61.13,72.82,58.593333333333355,56.71666666666667,84.48,94.83,94.83
EX24_Tataouine_2025_06,Tataouine,Tataouine,Sud,2025,6,2025-06-15,32.950256,10.443304,634908.89,3646696.7,15,20.0,38.79,22.76,40.21,26.46,100.0,61.33,44.55,94.79,données du projet,85.99,73.54,51.83,58.78,82.95,70.45333333333336,60.86000000000001,100.0,92.32,92.32
EX24_Tataouine_2025_07,Tataouine,Tataouine,Sud,2025,7,2025-07-15,32.915263,10.407609,631623.97,3642771.71,15,20.0,38.99,13.84,39.35,16.19,100.0,63.66,47.82,98.0,données du projet,94.79,85.99,73.54,44.61,94.07,84.77333333333335,66.86166666666666,100.0,88.69,88.69
EX24_Tataouine_2025_08,Tataouine,Tataouine,Sud,2025,8,2025-08-15,32.952322,10.460222,636487.29,3646947.5,15,20.0,39.5,27.89,32.07,11.72,100.0,58.6,37.74,96.16,données du projet,98.0,94.79,85.99,50.41,97.51,92.92666666666669,75.75999999999999,89.05,83.94,83.94
EX24_Tataouine_2025_09,Tataouine,Tataouine,Sud,2025,9,2025-09-15,32.921721,10.413787,632192.17,3643495.5,15,20.0,32.78,3.61,40.73,30.6,81.95,52.88,35.08,90.42,données du projet,96.16,98.0,94.79,51.83,83.34,96.31666666666668,83.385,69.49,71.75,71.75
EX24_Tozeur_2017_01,Tozeur,Tozeur,Sud-Ouest,2017,1,2017-01-15,33.911936,8.109771,417703.32,3752748.4,45,40.0,17.01,34.09,70.79,39.15,36.15,58.6,34.28,44.07,données du projet,54.37,66.06,75.75,94.68,52.65,65.39333333333336,77.235,43.17,56.06,56.06
EX24_Tozeur_2017_02,Tozeur,Tozeur,Sud-Ouest,2017,2,2017-02-15,33.918862,8.133597,419912.43,3753497.56,45,40.0,23.11,29.94,67.57,38.83,54.36,53.41,22.57,47.88,données du projet,44.07,54.37,66.06,94.58,54.4,54.83333333333335,68.8,52.6,63.11,63.11
EX24_Tozeur_2017_03,Tozeur,Tozeur,Sud-Ouest,2017,3,2017-03-15,33.953543,8.13636,420200.2,3757340.81,45,40.0,23.63,26.29,54.47,44.94,46.62,61.46,4.75,53.59,données du projet,47.88,44.07,54.37,77.97,55.13,48.77333333333336,61.01666666666667,73.71,75.73,75.73
EX24_Tozeur_2017_04,Tozeur,Tozeur,Sud-Ouest,2017,4,2017-04-15,33.908163,8.125446,419148.79,3752317.59,45,40.0,28.68,27.35,52.78,41.23,64.68,57.42,9.51,66.93,données du projet,53.59,47.88,44.07,75.75,64.75,48.51333333333336,56.953333333333326,75.11,86.83,86.83
EX24_Tozeur_2017_05,Tozeur,Tozeur,Sud-Ouest,2017,5,2017-05-15,33.902373,8.134696,419998.63,3751668.39,45,40.0,30.75,20.33,48.84,29.31,82.67,48.74,14.58,69.92,données du projet,66.93,53.59,47.88,66.06,73.24,56.13333333333336,55.48333333333333,95.77,82.14,82.14
EX24_Tozeur_2017_06,Tozeur,Tozeur,Sud-Ouest,2017,6,2017-06-15,33.948787,8.180359,424261.52,3756780.19,45,40.0,37.73,30.4,37.31,23.93,93.9,59.09,37.0,85.31,données du projet,69.92,66.93,53.59,54.37,80.77,63.48000000000004,56.126666666666665,73.56,81.46,81.46
EX24_Tozeur_2017_07,Tozeur,Tozeur,Sud-Ouest,2017,7,2017-07-15,33.943964,8.111189,417865.09,3756298.54,45,40.0,40.48,15.38,42.66,13.62,100.0,74.45,43.41,87.36,données du projet,85.31,69.92,66.93,44.07,94.68,74.05333333333336,61.28333333333333,82.11,81.07,81.07
EX24_Tozeur_2017_08,Tozeur,Tozeur,Sud-Ouest,2017,8,2017-08-15,33.920387,8.152969,421704.52,3753651.7,45,40.0,35.7,20.53,38.62,19.85,94.3,74.06,30.85,82.92,données du projet,87.36,85.31,69.92,47.88,94.58,80.86333333333336,68.49833333333333,76.86,79.87,79.87
EX24_Tozeur_2017_09,Tozeur,Tozeur,Sud-Ouest,2017,9,2017-09-15,33.938225,8.119376,418616.25,3755655.75,45,40.0,31.19,15.95,37.92,20.5,80.88,63.98,27.07,81.26,données du projet,82.92,87.36,85.31,53.59,77.97,85.1966666666667,74.33833333333334,91.15,61.85,61.85
EX24_Tozeur_2017_10,Tozeur,Tozeur,Sud-Ouest,2017,10,2017-10-15,33.919354,8.137456,420269.55,3753549.03,45,40.0,23.18,40.34,55.32,36.04,57.61,50.88,13.04,79.18,données du projet,81.26,82.92,87.36,66.93,75.75,83.84666666666669,78.95,48.73,55.64,55.64
EX24_Tozeur_2017_11,Tozeur,Tozeur,Sud-Ouest,2017,11,2017-11-15,33.880283,8.14005,420473.14,3749214.87,45,40.0,19.75,37.16,61.8,50.3,50.76,47.9,11.77,63.66,données du projet,79.18,81.26,82.92,69.92,66.06,81.12000000000003,80.99166666666666,61.41,46.17,46.17
EX24_Tozeur_2017_12,Tozeur,Tozeur,Sud-Ouest,2017,12,2017-12-15,33.878494,8.094993,416304.4,3749052.25,45,40.0,20.35,34.28,68.72,46.42,43.94,51.96,14.83,52.93,données du projet,63.66,79.18,81.26,85.31,54.37,74.70000000000003,79.94833333333334,48.02,52.59,52.59
EX24_Tozeur_2018_01,Tozeur,Tozeur,Sud-Ouest,2018,1,2018-01-15,33.954344,8.177415,423994.43,3757398.45,45,40.0,18.72,64.35,67.94,49.98,26.19,51.92,17.28,46.45,données du projet,52.93,63.66,79.18,87.36,44.07,65.2566666666667,74.55166666666666,49.14,56.47,56.47
EX24_Tozeur_2018_02,Tozeur,Tozeur,Sud-Ouest,2018,2,2018-02-15,33.891317,8.09223,416061.43,3750476.3,45,40.0,19.83,27.68,67.29,42.59,51.91,41.53,7.65,44.52,données du projet,46.45,52.93,63.66,82.92,47.88,54.34666666666669,67.73333333333333,65.42,63.16,63.16
EX24_Tozeur_2018_03,Tozeur,Tozeur,Sud-Ouest,2018,3,2018-03-15,33.901908,8.083201,415237.01,3751658.08,45,40.0,20.92,33.09,63.34,34.19,66.74,62.13,14.0,62.86,données du projet,44.52,46.45,52.93,81.26,53.59,47.9666666666667,61.333333333333336,70.97,67.93,67.93
EX24_Tozeur_2018_04,Tozeur,Tozeur,Sud-Ouest,2018,4,2018-04-15,33.942695,8.150584,421504.53,3756127.01,45,40.0,30.55,45.66,58.29,40.59,66.64,60.5,17.73,61.01,données du projet,62.86,44.52,46.45,79.18,66.93,51.2766666666667,58.26666666666667,67.68,77.07,77.07
EX24_Tozeur_2018_05,Tozeur,Tozeur,Sud-Ouest,2018,5,2018-05-15,33.910066,8.136617,420183.41,3752519.82,45,40.0,29.83,53.7,47.69,27.99,77.79,54.6,18.46,66.6,données du projet,61.01,62.86,44.52,63.66,69.92,56.13000000000003,55.23833333333334,78.91,92.7,92.7
EX24_Tozeur_2018_06,Tozeur,Tozeur,Sud-Ouest,2018,6,2018-06-15,33.948484,8.131922,419785.31,3756783.42,45,40.0,34.83,23.31,46.47,23.47,97.23,65.04,43.61,86.96,données du projet,66.6,61.01,62.86,52.93,85.31,63.49000000000003,55.72833333333333,71.8,85.95,85.95
EX24_Tozeur_2018_07,Tozeur,Tozeur,Sud-Ouest,2018,7,2018-07-15,33.887525,8.179755,424151.45,3749987.84,45,40.0,38.37,15.13,45.14,17.73,97.18,73.13,22.16,88.15,données du projet,86.96,66.6,61.01,46.45,87.36,71.52333333333335,61.400000000000006,100.0,78.61,78.61
EX24_Tozeur_2018_08,Tozeur,Tozeur,Sud-Ouest,2018,8,2018-08-15,33.852856,8.151627,421518.66,3746164.78,45,40.0,36.57,40.91,31.59,17.41,98.75,72.99,47.09,98.71,données du projet,88.15,86.96,66.6,44.52,82.92,80.57000000000004,68.35,48.15,65.52,65.52
EX24_Tozeur_2018_09,Tozeur,Tozeur,Sud-Ouest,2018,9,2018-09-15,33.829805,8.17377,423546.57,3743592.22,45,40.0,31.92,14.4,43.06,21.17,90.0,54.97,55.82,77.07,données du projet,98.71,88.15,86.96,62.86,81.26,91.27333333333337,77.38166666666666,70.76,61.57,61.57
EX24_Tozeur_2018_10,Tozeur,Tozeur,Sud-Ouest,2018,10,2018-10-15,33.923888,8.1196,418623.35,3754065.79,45,40.0,24.55,36.59,60.71,38.0,71.76,65.04,16.29,66.97,données du projet,77.07,98.71,88.15,61.01,79.18,87.9766666666667,79.75,53.56,53.7,53.7
EX24_Tozeur_2018_11,Tozeur,Tozeur,Sud-Ouest,2018,11,2018-11-15,33.960046,8.113514,418095.41,3758079.95,45,40.0,18.95,39.35,58.43,47.67,58.9,53.27,22.44,60.1,données du projet,66.97,77.07,98.71,66.6,63.66,80.91666666666669,80.74333333333333,45.32,59.61,59.61
EX24_Tozeur_2018_12,Tozeur,Tozeur,Sud-Ouest,2018,12,2018-12-15,33.896806,8.103715,417128.82,3751075.59,45,40.0,18.68,36.9,69.66,48.74,46.69,53.35,17.63,52.63,données du projet,60.1,66.97,77.07,86.96,52.93,68.0466666666667,79.66000000000001,68.4,58.97,58.97
EX24_Tozeur_2019_01,Tozeur,Tozeur,Sud-Ouest,2019,1,2019-01-15,33.928325,8.085375,415464.16,3754585.46,45,40.0,17.07,35.74,72.24,43.0,42.18,54.58,10.8,57.5,données du projet,52.63,60.1,66.97,88.15,46.45,59.900000000000034,73.93833333333333,53.49,63.46,63.46
EX24_Tozeur_2019_02,Tozeur,Tozeur,Sud-Ouest,2019,2,2019-02-15,33.879448,8.149298,421327.64,3749115.1,45,40.0,18.86,31.5,68.02,43.59,49.23,56.65,13.73,62.38,données du projet,57.5,52.63,60.1,98.71,44.52,56.74333333333337,68.83,50.5,74.33,74.33
EX24_Tozeur_2019_03,Tozeur,Tozeur,Sud-Ouest,2019,3,2019-03-15,33.954864,8.16499,422846.88,3757465.46,45,40.0,24.58,36.93,59.68,40.57,65.21,58.14,13.82,61.88,données du projet,62.38,57.5,52.63,77.07,62.86,57.503333333333366,62.775,71.53,79.07,79.07
EX24_Tozeur_2019_04,Tozeur,Tozeur,Sud-Ouest,2019,4,2019-04-15,33.904993,8.189024,425023.91,3751917.91,45,40.0,28.42,34.49,56.29,38.67,76.71,64.92,13.47,71.22,données du projet,61.88,62.38,57.5,66.97,61.01,60.5866666666667,60.24333333333334,79.18,85.43,85.43
EX24_Tozeur_2019_05,Tozeur,Tozeur,Sud-Ouest,2019,5,2019-05-15,33.940378,8.15463,421876.34,3755867.09,45,40.0,33.63,62.17,49.15,20.7,78.25,71.89,9.83,81.98,données du projet,71.22,61.88,62.38,60.1,66.6,65.16000000000004,60.951666666666675,81.47,92.71,92.71
EX24_Tozeur_2019_06,Tozeur,Tozeur,Sud-Ouest,2019,6,2019-06-15,33.903871,8.130495,419611.54,3751837.68,45,40.0,35.3,14.87,42.06,24.15,96.56,72.61,35.13,86.83,données du projet,81.98,71.22,61.88,52.63,86.96,71.69333333333337,64.59833333333333,100.0,93.49,93.49
EX24_Tozeur_2019_07,Tozeur,Tozeur,Sud-Ouest,2019,7,2019-07-15,33.884978,8.144756,420912.62,3749731.74,45,40.0,38.0,0.0,39.46,12.13,100.0,69.97,34.88,98.09,données du projet,86.83,81.98,71.22,57.5,88.15,80.01000000000003,70.29833333333333,83.37,79.93,79.93
EX24_Tozeur_2019_08,Tozeur,Tozeur,Sud-Ouest,2019,8,2019-08-15,33.900415,8.196688,425728.45,3751404.68,45,40.0,38.65,12.53,40.02,25.43,100.0,70.32,41.66,91.56,données du projet,98.09,86.83,81.98,62.38,98.71,88.9666666666667,77.06333333333333,75.61,71.55,71.55
EX24_Tozeur_2019_09,Tozeur,Tozeur,Sud-Ouest,2019,9,2019-09-15,33.945366,8.120255,418704.3,3756446.81,45,40.0,33.86,21.85,47.03,36.85,82.83,64.27,29.67,86.45,données du projet,91.56,98.09,86.83,61.88,77.07,92.16000000000004,81.92666666666666,74.52,61.21,61.21
EX24_Tozeur_2019_10,Tozeur,Tozeur,Sud-Ouest,2019,10,2019-10-15,33.927586,8.161484,422498.21,3754443.47,45,40.0,26.53,19.44,50.73,44.06,73.48,58.59,9.15,73.44,données du projet,86.45,91.56,98.09,71.22,66.97,92.03333333333337,86.02166666666666,67.36,53.65,53.65
EX24_Tozeur_2019_11,Tozeur,Tozeur,Sud-Ouest,2019,11,2019-11-15,33.950183,8.151959,421638.47,3756956.22,45,40.0,21.29,49.16,64.98,36.26,35.01,54.96,9.01,53.65,données du projet,73.44,86.45,91.56,81.98,60.1,83.8166666666667,86.39166666666667,70.43,55.67,55.67
EX24_Tozeur_2019_12,Tozeur,Tozeur,Sud-Ouest,2019,12,2019-12-15,33.954158,8.093157,416208.74,3757443.48,45,40.0,18.57,52.9,67.07,54.51,30.59,51.22,7.04,59.42,données du projet,53.65,73.44,86.45,86.83,52.63,71.18000000000002,81.67,44.66,58.83,58.83
EX24_Tozeur_2020_01,Tozeur,Tozeur,Sud-Ouest,2020,1,2020-01-15,33.918434,8.171434,423409.61,3753421.16,45,40.0,18.27,62.74,70.47,46.95,35.29,48.89,12.85,48.51,données du projet,59.42,53.65,73.44,98.09,57.5,62.17000000000004,77.10166666666667,74.99,64.13,64.13
EX24_Tozeur_2020_02,Tozeur,Tozeur,Sud-Ouest,2020,2,2020-02-15,33.898055,8.185965,424735.03,3751150.78,45,40.0,18.42,36.7,69.69,44.37,48.48,53.25,9.62,57.64,données du projet,48.51,59.42,53.65,91.56,62.38,53.860000000000035,68.83833333333332,77.98,75.73,75.73
EX24_Tozeur_2020_03,Tozeur,Tozeur,Sud-Ouest,2020,3,2020-03-15,33.960815,8.12699,419341.2,3758154.5,45,40.0,25.18,79.97,61.12,45.1,44.17,46.99,10.46,63.15,données du projet,57.64,48.51,59.42,86.45,61.88,55.19000000000003,63.185,69.85,76.39,76.39
EX24_Tozeur_2020_04,Tozeur,Tozeur,Sud-Ouest,2020,4,2020-04-15,33.922561,8.081356,415086.96,3753949.68,45,40.0,28.3,20.65,51.28,24.38,76.71,60.75,20.63,70.25,données du projet,63.15,57.64,48.51,73.44,71.22,56.433333333333366,59.30166666666667,78.15,83.89,83.89
EX24_Tozeur_2020_05,Tozeur,Tozeur,Sud-Ouest,2020,5,2020-05-15,33.922092,8.127189,419323.12,3753860.64,45,40.0,31.43,37.58,48.91,9.69,78.22,72.55,11.68,72.14,données du projet,70.25,63.15,57.64,53.65,81.98,63.68000000000003,58.77,81.55,96.47,96.47
EX24_Tozeur_2020_06,Tozeur,Tozeur,Sud-Ouest,2020,6,2020-06-15,33.903874,8.120269,418666.17,3751846.16,45,40.0,37.46,28.79,46.5,13.1,100.0,67.73,49.1,90.7,données du projet,72.14,70.25,63.15,59.42,86.83,68.51333333333336,61.85166666666666,93.47,94.26,94.26
EX24_Tozeur_2020_07,Tozeur,Tozeur,Sud-Ouest,2020,7,2020-07-15,33.952881,8.16549,422891.21,3757245.2,45,40.0,37.74,12.24,39.05,24.97,100.0,57.99,32.42,97.39,données du projet,90.7,72.14,70.25,48.51,98.09,77.6966666666667,67.065,100.0,86.56,86.56
EX24_Tozeur_2020_08,Tozeur,Tozeur,Sud-Ouest,2020,8,2020-08-15,33.915476,8.130749,419645.97,3753124.36,45,40.0,36.0,15.16,48.22,22.37,88.95,65.92,36.91,93.66,données du projet,97.39,90.7,72.14,57.64,91.56,86.74333333333338,75.21166666666667,83.75,73.76,73.76
EX24_Tozeur_2020_09,Tozeur,Tozeur,Sud-Ouest,2020,9,2020-09-15,33.916248,8.135943,420126.85,3753205.87,45,40.0,33.43,27.46,46.84,23.31,92.08,69.21,40.68,87.29,données du projet,93.66,97.39,90.7,63.15,86.45,93.9166666666667,81.21499999999999,66.44,64.54,64.54
EX24_Tozeur_2020_10,Tozeur,Tozeur,Sud-Ouest,2020,10,2020-10-15,33.948641,8.130548,419658.56,3756801.81,45,40.0,25.21,39.76,49.41,36.74,57.93,62.69,12.78,74.22,données du projet,87.29,93.66,97.39,70.25,73.44,92.78000000000003,85.23833333333333,72.82,59.46,59.46
EX24_Tozeur_2020_11,Tozeur,Tozeur,Sud-Ouest,2020,11,2020-11-15,33.967701,8.157035,422123.52,3758894.8,45,40.0,20.94,45.9,70.77,41.4,53.86,49.2,14.04,61.15,données du projet,74.22,87.29,93.66,72.14,53.65,85.05666666666671,85.89999999999999,37.39,52.37,52.37
EX24_Tozeur_2020_12,Tozeur,Tozeur,Sud-Ouest,2020,12,2020-12-15,33.891074,8.104563,417201.67,3750439.38,45,40.0,18.67,43.15,72.58,46.9,51.26,49.24,21.34,56.41,données du projet,61.15,74.22,87.29,90.7,59.42,74.22000000000003,84.06833333333334,59.75,52.1,52.1
EX24_Tozeur_2021_01,Tozeur,Tozeur,Sud-Ouest,2021,1,2021-01-15,33.938572,8.158703,422251.08,3755663.68,45,40.0,17.83,46.59,68.46,43.17,42.99,55.98,23.22,52.52,données du projet,56.41,61.15,74.22,97.39,48.51,63.9266666666667,78.35333333333334,48.71,60.23,60.23
EX24_Tozeur_2021_02,Tozeur,Tozeur,Sud-Ouest,2021,2,2021-02-15,33.895139,8.088717,415740.4,3750903.02,45,40.0,19.1,28.94,59.73,51.3,36.12,54.72,30.66,47.4,données du projet,52.52,56.41,61.15,93.66,57.64,56.693333333333364,70.875,71.58,73.59,73.59
EX24_Tozeur_2021_03,Tozeur,Tozeur,Sud-Ouest,2021,3,2021-03-15,33.936124,8.192888,425408.3,3755366.89,45,40.0,25.29,38.92,54.92,41.06,67.1,57.19,5.33,61.77,données du projet,47.4,52.52,56.41,87.29,63.15,52.110000000000035,63.165,65.83,82.52,82.52
EX24_Tozeur_2021_04,Tozeur,Tozeur,Sud-Ouest,2021,4,2021-04-15,33.912859,8.18033,424227.1,3752796.39,45,40.0,30.54,44.5,52.06,30.78,64.78,57.89,14.49,73.84,données du projet,61.77,47.4,52.52,74.22,70.25,53.896666666666704,58.91166666666667,77.49,85.51,85.51
EX24_Tozeur_2021_05,Tozeur,Tozeur,Sud-Ouest,2021,5,2021-05-15,33.900722,8.136509,420164.66,3751483.85,45,40.0,29.56,54.92,51.11,33.87,76.95,53.64,8.64,78.2,données du projet,73.84,61.77,47.4,61.15,72.14,61.003333333333366,58.84833333333333,91.39,94.73,94.73
EX24_Tozeur_2021_06,Tozeur,Tozeur,Sud-Ouest,2021,6,2021-06-15,33.911225,8.119221,418576.25,3752662.01,45,40.0,34.94,34.06,45.56,25.65,87.91,80.34,52.12,87.26,données du projet,78.2,73.84,61.77,56.41,90.7,71.27000000000004,61.69,100.0,87.82,87.82
EX24_Tozeur_2021_07,Tozeur,Tozeur,Sud-Ouest,2021,7,2021-07-15,33.88721,8.089961,415847.59,3750022.8,45,40.0,36.57,0.0,36.77,21.18,100.0,67.02,40.98,98.65,données du projet,87.26,78.2,73.84,52.52,97.39,79.76666666666671,66.83166666666666,81.52,85.3,85.3
EX24_Tozeur_2021_08,Tozeur,Tozeur,Sud-Ouest,2021,8,2021-08-15,33.917951,8.140888,420585.5,3753390.8,45,40.0,37.14,2.02,42.32,19.01,100.0,82.09,33.72,90.77,données du projet,98.65,87.26,78.2,47.4,93.66,88.0366666666667,74.52,83.97,80.18,80.18
EX24_Tozeur_2021_09,Tozeur,Tozeur,Sud-Ouest,2021,9,2021-09-15,33.917268,8.119382,418596.9,3753331.99,45,40.0,32.72,20.13,57.24,29.76,88.83,70.21,26.26,82.45,données du projet,90.77,98.65,87.26,61.77,87.29,92.2266666666667,81.74833333333333,59.83,63.23,63.23
EX24_Tozeur_2021_10,Tozeur,Tozeur,Sud-Ouest,2021,10,2021-10-15,33.911516,8.155824,421960.32,3752665.88,45,40.0,28.56,26.28,55.48,35.58,75.04,58.83,17.8,76.83,données du projet,82.45,90.77,98.65,73.84,74.22,90.62333333333338,85.19500000000001,63.43,54.96,54.96
EX24_Tozeur_2021_11,Tozeur,Tozeur,Sud-Ouest,2021,11,2021-11-15,33.893592,8.160403,422367.46,3750675.01,45,40.0,20.75,39.64,66.64,44.15,45.82,61.96,10.86,63.06,données du projet,76.83,82.45,90.77,78.2,61.15,83.35000000000002,85.69333333333333,45.66,49.09,49.09
EX24_Tozeur_2021_12,Tozeur,Tozeur,Sud-Ouest,2021,12,2021-12-15,33.88438,8.098201,416606.84,3749702.31,45,40.0,15.89,50.54,62.1,54.22,37.11,58.38,21.65,49.83,données du projet,63.06,76.83,82.45,87.26,56.41,74.11333333333336,83.17,51.82,50.18,50.18
EX24_Tozeur_2022_01,Tozeur,Tozeur,Sud-Ouest,2022,1,2022-01-15,33.902893,8.134141,419947.79,3751726.47,45,40.0,18.23,32.53,72.25,52.1,35.35,42.24,8.29,45.4,données du projet,49.83,63.06,76.83,98.65,52.52,63.24000000000004,76.93166666666666,53.38,66.05,66.05
EX24_Tozeur_2022_02,Tozeur,Tozeur,Sud-Ouest,2022,2,2022-02-15,33.90829,8.152215,421623.78,3752310.93,45,40.0,20.55,43.55,66.95,56.71,53.84,57.78,14.95,54.29,données du projet,45.4,49.83,63.06,90.77,47.4,52.76333333333337,68.05666666666666,66.05,69.79,69.79
EX24_Tozeur_2022_03,Tozeur,Tozeur,Sud-Ouest,2022,3,2022-03-15,33.926147,8.174459,423696.13,3754274.21,45,40.0,24.81,59.3,63.51,45.23,46.44,56.3,13.94,65.41,données du projet,54.29,45.4,49.83,82.45,61.77,49.84000000000003,61.97666666666667,71.54,80.12,80.12
EX24_Tozeur_2022_04,Tozeur,Tozeur,Sud-Ouest,2022,4,2022-04-15,33.908517,8.106323,417381.19,3752372.07,45,40.0,27.86,29.85,54.77,37.8,77.35,72.58,22.93,72.11,données du projet,65.41,54.29,45.4,76.83,73.84,55.03333333333336,59.136666666666656,83.62,79.41,79.41
EX24_Tozeur_2022_05,Tozeur,Tozeur,Sud-Ouest,2022,5,2022-05-15,33.939382,8.163311,422677.71,3755749.98,45,40.0,32.18,23.11,53.69,32.57,89.12,72.8,2.84,74.78,données du projet,72.11,65.41,54.29,63.06,78.2,63.936666666666696,58.349999999999994,74.84,93.14,93.14
EX24_Tozeur_2022_06,Tozeur,Tozeur,Sud-Ouest,2022,6,2022-06-15,33.90642,8.097723,416584.09,3752146.46,45,40.0,35.09,48.13,48.45,29.3,81.52,69.01,53.61,79.71,données du projet,74.78,72.11,65.41,49.83,87.26,70.7666666666667,60.303333333333335,100.0,99.07,99.07
EX24_Tozeur_2022_07,Tozeur,Tozeur,Sud-Ouest,2022,7,2022-07-15,33.948813,8.099372,416777.79,3756845.8,45,40.0,36.69,6.56,36.55,19.63,100.0,62.18,38.98,96.06,données du projet,79.71,74.78,72.11,45.4,98.65,75.53333333333336,65.28333333333333,100.0,88.25,88.25
EX24_Tozeur_2022_08,Tozeur,Tozeur,Sud-Ouest,2022,8,2022-08-15,33.912628,8.097397,416560.02,3752835.16,45,40.0,33.96,15.24,47.69,30.09,100.0,72.96,41.36,99.73,données du projet,96.06,79.71,74.78,54.29,90.77,83.5166666666667,73.72666666666667,100.0,79.81,79.81
EX24_Tozeur_2022_09,Tozeur,Tozeur,Sud-Ouest,2022,9,2022-09-15,33.929768,8.096193,416465.42,3754736.63,45,40.0,32.11,26.41,45.26,33.64,86.7,66.72,47.12,96.91,données du projet,99.73,96.06,79.71,65.41,82.45,91.83333333333337,81.3,97.86,66.91,66.91
EX24_Tozeur_2022_10,Tozeur,Tozeur,Sud-Ouest,2022,10,2022-10-15,33.827345,8.174279,423591.52,3743319.09,45,40.0,25.27,21.97,64.65,38.6,60.76,62.11,13.52,81.07,données du projet,96.91,99.73,96.06,72.11,76.83,97.5666666666667,86.55,83.81,56.74,56.74
EX24_Tozeur_2022_11,Tozeur,Tozeur,Sud-Ouest,2022,11,2022-11-15,33.962576,8.134165,420005.85,3758344.17,45,40.0,21.65,47.05,69.7,39.49,45.17,50.99,7.52,64.36,données du projet,81.07,96.91,99.73,74.78,63.06,92.57000000000004,88.04333333333334,54.51,48.77,48.77
EX24_Tozeur_2022_12,Tozeur,Tozeur,Sud-Ouest,2022,12,2022-12-15,33.891767,8.14022,420499.45,3750488.07,45,40.0,20.73,50.95,57.91,44.32,43.66,53.88,11.07,56.67,données du projet,64.36,81.07,96.91,79.71,49.83,80.78000000000003,86.30666666666666,49.11,54.98,54.98
EX24_Tozeur_2023_01,Tozeur,Tozeur,Sud-Ouest,2023,1,2023-01-15,33.937037,8.147587,421222.37,3755501.96,45,40.0,17.2,45.12,67.44,50.1,50.05,54.26,2.29,45.87,données du projet,56.67,64.36,81.07,96.06,45.4,67.3666666666667,82.46666666666667,69.15,61.62,61.62
EX24_Tozeur_2023_02,Tozeur,Tozeur,Sud-Ouest,2023,2,2023-02-15,33.913606,8.159548,422306.55,3752894.83,45,40.0,18.2,64.23,63.46,45.11,50.32,58.03,10.42,50.78,données du projet,45.87,56.67,64.36,99.73,54.29,55.63333333333336,74.10166666666667,69.16,70.75,70.75
EX24_Tozeur_2023_03,Tozeur,Tozeur,Sud-Ouest,2023,3,2023-03-15,33.937689,8.152071,421637.42,3755570.8,45,40.0,25.03,20.94,62.55,38.73,61.31,51.31,1.09,66.49,données du projet,50.78,45.87,56.67,96.91,65.41,51.106666666666705,65.94333333333333,70.75,78.77,78.77
EX24_Tozeur_2023_04,Tozeur,Tozeur,Sud-Ouest,2023,4,2023-04-15,33.945059,8.141282,420647.08,3756396.38,45,40.0,28.77,36.24,54.79,30.64,80.4,69.48,16.19,74.41,données du projet,66.49,50.78,45.87,81.07,72.11,54.38000000000003,60.873333333333335,73.27,90.17,90.17
EX24_Tozeur_2023_05,Tozeur,Tozeur,Sud-Ouest,2023,5,2023-05-15,33.875082,8.058909,412963.8,3748703.86,45,40.0,31.29,23.15,46.19,29.88,78.0,67.48,16.35,79.72,données du projet,74.41,66.49,50.78,64.36,74.78,63.89333333333335,59.76333333333334,93.66,93.63,93.63
EX24_Tozeur_2023_06,Tozeur,Tozeur,Sud-Ouest,2023,6,2023-06-15,33.978125,8.150463,421525.93,3760055.68,45,40.0,35.19,7.21,35.34,31.2,88.72,70.29,39.99,87.99,données du projet,79.72,74.41,66.49,56.67,79.71,73.54000000000002,62.32333333333333,99.18,89.87,89.87
EX24_Tozeur_2023_07,Tozeur,Tozeur,Sud-Ouest,2023,7,2023-07-15,33.887845,8.139409,420420.89,3750053.86,45,40.0,35.99,14.26,37.05,19.77,95.01,78.01,35.74,92.17,données du projet,87.99,79.72,74.41,45.87,96.06,80.70666666666669,67.54333333333334,96.44,82.95,82.95
EX24_Tozeur_2023_08,Tozeur,Tozeur,Sud-Ouest,2023,8,2023-08-15,33.964883,8.118297,418541.92,3758612.43,45,40.0,38.05,6.03,39.21,13.72,99.91,69.26,34.09,93.25,données du projet,92.17,87.99,79.72,50.78,99.73,86.62666666666671,75.25999999999999,81.15,71.04,71.04
EX24_Tozeur_2023_09,Tozeur,Tozeur,Sud-Ouest,2023,9,2023-09-15,33.894543,8.122603,418873.06,3750809.65,45,40.0,31.03,30.39,47.08,28.88,77.07,70.33,31.21,84.13,données du projet,93.25,92.17,87.99,66.49,96.91,91.1366666666667,82.33833333333332,68.07,63.52,63.52
EX24_Tozeur_2023_10,Tozeur,Tozeur,Sud-Ouest,2023,10,2023-10-15,33.926082,8.197165,425794.8,3754250.36,45,40.0,24.21,20.17,54.38,40.55,63.25,66.03,20.85,75.72,données du projet,84.13,93.25,92.17,74.41,81.07,89.85000000000002,85.27833333333332,51.32,54.34,54.34
EX24_Tozeur_2023_11,Tozeur,Tozeur,Sud-Ouest,2023,11,2023-11-15,33.89483,8.18951,425059.93,3750790.69,45,40.0,20.39,45.28,65.32,43.93,43.76,66.3,17.96,56.59,données du projet,75.72,84.13,93.25,79.72,64.36,84.36666666666669,85.49666666666667,51.9,55.22,55.22
EX24_Tozeur_2023_12,Tozeur,Tozeur,Sud-Ouest,2023,12,2023-12-15,33.951853,8.19214,425352.89,3757111.46,45,40.0,18.46,51.48,64.18,43.94,33.1,55.08,21.63,49.17,données du projet,56.59,75.72,84.13,87.99,56.67,72.1466666666667,81.64166666666667,49.95,57.07,57.07
EX24_Tozeur_2024_01,Tozeur,Tozeur,Sud-Ouest,2024,1,2024-01-15,33.919577,8.132345,419797.38,3753577.83,45,40.0,18.55,33.51,69.36,37.71,44.72,52.32,29.46,58.92,données du projet,49.17,56.59,75.72,92.17,45.87,60.49333333333337,75.17166666666667,71.77,61.86,61.86
EX24_Tozeur_2024_02,Tozeur,Tozeur,Sud-Ouest,2024,2,2024-02-15,33.885269,8.139255,420404.23,3749768.31,45,40.0,16.39,34.94,67.99,42.81,39.92,57.95,24.26,60.01,données du projet,58.92,49.17,56.59,93.25,50.78,54.89333333333337,69.63000000000001,79.86,60.64,60.64
EX24_Tozeur_2024_03,Tozeur,Tozeur,Sud-Ouest,2024,3,2024-03-15,33.923809,8.126913,419299.16,3754051.34,45,40.0,23.59,30.89,61.12,39.62,63.67,49.81,4.78,59.91,données du projet,60.01,58.92,49.17,84.13,66.49,56.03333333333337,64.08999999999999,72.68,79.19,79.19
EX24_Tozeur_2024_04,Tozeur,Tozeur,Sud-Ouest,2024,4,2024-04-15,33.93065,8.146132,421081.99,3754794.9,45,40.0,29.8,36.82,49.85,35.51,78.63,54.95,6.98,66.88,données du projet,59.91,60.01,58.92,75.72,74.41,59.613333333333365,60.053333333333335,74.4,86.71,86.71
EX24_Tozeur_2024_05,Tozeur,Tozeur,Sud-Ouest,2024,5,2024-05-15,33.920966,8.141234,420620.33,3753724.84,45,40.0,31.59,30.93,51.04,25.31,77.84,63.93,7.91,72.88,données du projet,66.88,59.91,60.01,56.59,79.72,62.26666666666669,58.580000000000005,93.49,95.21,95.21
EX24_Tozeur_2024_06,Tozeur,Tozeur,Sud-Ouest,2024,6,2024-06-15,33.889645,8.074929,414459.98,3750305.21,45,40.0,36.16,19.29,44.64,11.81,85.93,56.48,35.23,89.62,données du projet,72.88,66.88,59.91,49.17,87.99,66.55666666666669,61.294999999999995,100.0,95.9,95.9
EX24_Tozeur_2024_07,Tozeur,Tozeur,Sud-Ouest,2024,7,2024-07-15,33.872655,8.13984,420446.62,3748369.16,45,40.0,36.14,0.0,35.86,25.21,100.0,71.19,40.03,99.27,données du projet,89.62,72.88,66.88,58.92,92.17,76.46000000000004,68.03666666666668,85.19,88.31,88.31
EX24_Tozeur_2024_08,Tozeur,Tozeur,Sud-Ouest,2024,8,2024-08-15,33.939595,8.127595,419377.15,3755801.14,45,40.0,34.56,4.75,38.18,25.52,100.0,78.93,52.45,95.3,données du projet,99.27,89.62,72.88,60.01,93.25,87.2566666666667,74.76166666666667,92.78,76.83,76.83
EX24_Tozeur_2024_09,Tozeur,Tozeur,Sud-Ouest,2024,9,2024-09-15,33.937341,8.202333,426282.2,3755494.97,45,40.0,30.09,10.68,51.1,29.65,81.92,77.42,53.7,93.08,données du projet,95.3,99.27,89.62,59.91,84.13,94.73000000000003,80.64333333333333,85.63,62.97,62.97
EX24_Tozeur_2024_10,Tozeur,Tozeur,Sud-Ouest,2024,10,2024-10-15,33.935596,8.099561,416782.41,3755380.1,45,40.0,27.88,35.86,51.11,41.88,60.88,63.78,7.42,76.79,données du projet,93.08,95.3,99.27,66.88,75.72,95.88333333333337,86.17166666666667,76.72,47.85,47.85
EX24_Tozeur_2024_11,Tozeur,Tozeur,Sud-Ouest,2024,11,2024-11-15,33.884548,8.122027,418810.38,3749701.78,45,40.0,19.65,38.1,60.2,54.13,51.88,65.08,29.21,65.19,données du projet,76.79,93.08,95.3,72.88,56.59,88.39000000000004,87.82333333333332,63.84,50.01,50.01
EX24_Tozeur_2024_12,Tozeur,Tozeur,Sud-Ouest,2024,12,2024-12-15,33.927009,8.126724,419284.8,3754406.21,45,40.0,17.63,62.32,64.18,48.31,43.07,45.83,13.43,49.45,données du projet,65.19,76.79,93.08,89.62,49.17,78.35333333333337,86.54166666666667,58.93,54.55,54.55
EX24_Tozeur_2025_01,Tozeur,Tozeur,Sud-Ouest,2025,1,2025-01-15,33.944727,8.1354,420103.28,3756364.09,45,40.0,20.76,90.44,75.32,47.83,32.77,59.61,16.86,47.32,données du projet,49.45,65.19,76.79,99.27,58.92,63.81000000000004,79.84666666666666,63.03,51.24,51.24
EX24_Tozeur_2025_02,Tozeur,Tozeur,Sud-Ouest,2025,2,2025-02-15,33.961637,8.161473,422527.97,3758219.14,45,40.0,21.4,48.6,65.06,50.29,33.95,57.75,25.95,52.95,données du projet,47.32,49.45,65.19,95.3,60.01,53.9866666666667,71.18833333333333,42.12,63.2,63.2
EX24_Tozeur_2025_03,Tozeur,Tozeur,Sud-Ouest,2025,3,2025-03-15,33.901081,8.12708,419293.24,3751531.01,45,40.0,20.66,36.66,64.01,29.35,68.01,63.45,7.93,58.23,données du projet,52.95,47.32,49.45,93.08,59.91,49.9066666666667,64.13000000000001,37.55,75.36,75.36
EX24_Tozeur_2025_04,Tozeur,Tozeur,Sud-Ouest,2025,4,2025-04-15,33.954468,8.102962,417115.05,3757469.9,45,40.0,27.21,11.87,54.27,33.51,65.54,64.28,28.35,64.26,données du projet,58.23,52.95,47.32,76.79,66.88,52.83333333333337,58.321666666666665,83.27,80.8,80.8
EX24_Tozeur_2025_05,Tozeur,Tozeur,Sud-Ouest,2025,5,2025-05-15,33.889789,8.125137,419102.91,3750280.47,45,40.0,30.26,31.54,49.66,29.39,84.07,75.54,20.34,77.83,données du projet,64.26,58.23,52.95,65.19,72.88,58.48000000000004,56.23333333333333,94.05,90.83,90.83
EX24_Tozeur_2025_06,Tozeur,Tozeur,Sud-Ouest,2025,6,2025-06-15,33.920324,8.155285,421918.55,3753642.9,45,40.0,35.62,51.94,46.13,27.37,97.35,61.52,44.61,89.28,données du projet,77.83,64.26,58.23,49.45,89.62,66.77333333333337,58.34,96.7,85.32,85.32
EX24_Tozeur_2025_07,Tozeur,Tozeur,Sud-Ouest,2025,7,2025-07-15,33.898463,8.166025,422891.64,3751210.81,45,40.0,37.25,0.0,30.59,14.6,100.0,68.8,46.1,87.83,données du projet,89.28,77.83,64.26,47.32,99.27,77.12333333333338,64.97833333333334,100.0,84.57,84.57
EX24_Tozeur_2025_08,Tozeur,Tozeur,Sud-Ouest,2025,8,2025-08-15,33.930625,8.145408,421015.07,3754792.68,45,40.0,35.23,19.42,46.76,18.95,97.75,77.22,53.76,90.45,données du projet,87.83,89.28,77.83,52.95,95.3,84.98000000000003,71.73,87.39,78.2,78.2
EX24_Tozeur_2025_09,Tozeur,Tozeur,Sud-Ouest,2025,9,2025-09-15,33.94593,8.172093,423495.19,3756469.52,45,40.0,35.5,79.87,43.64,26.47,77.14,69.34,31.49,85.28,données du projet,90.45,87.83,89.28,58.23,93.08,89.18666666666671,77.98,71.61,71.04,71.04
EX24_Tunis_2017_01,Tunis,Tunis,Nord-Est,2017,1,2017-01-15,36.803663,10.229162,609648.93,4073797.11,3000,92.0,12.41,95.66,90.42,68.54,12.9,86.16,69.62,30.72,données du projet,38.74,48.38,62.91,80.44,38.37,50.010000000000026,61.93666666666667,28.87,45.38,45.38
EX24_Tunis_2017_02,Tunis,Tunis,Nord-Est,2017,2,2017-02-15,36.788617,10.179564,605244.94,4072072.23,3000,92.0,12.42,98.88,84.03,66.92,18.46,83.69,60.5,34.25,données du projet,30.72,38.74,48.38,74.84,22.51,39.28000000000004,53.650000000000006,60.08,58.17,58.17
EX24_Tunis_2017_03,Tunis,Tunis,Nord-Est,2017,3,2017-03-15,36.867681,10.232177,609826.36,4080902.54,3000,92.0,20.27,77.27,81.59,68.81,29.46,78.9,63.88,46.05,données du projet,34.25,30.72,38.74,66.31,31.19,34.57000000000003,46.885,55.46,62.88,62.88
EX24_Tunis_2017_04,Tunis,Tunis,Nord-Est,2017,4,2017-04-15,36.804497,10.174144,604739.68,4073827.98,3000,92.0,21.62,55.6,75.63,61.02,59.97,100.0,64.53,55.24,données du projet,46.05,34.25,30.72,62.91,55.39,37.006666666666696,43.50833333333333,64.25,81.66,81.66
EX24_Tunis_2017_05,Tunis,Tunis,Nord-Est,2017,5,2017-05-15,36.765387,10.148238,602480.71,4069461.21,3000,92.0,28.03,40.67,66.4,57.12,66.38,93.09,67.38,71.83,données du projet,55.24,46.05,34.25,48.38,60.8,45.180000000000035,42.23,80.79,78.96,78.96
EX24_Tunis_2017_06,Tunis,Tunis,Nord-Est,2017,6,2017-06-15,36.781552,10.154689,603034.81,4071261.39,3000,92.0,29.0,20.9,59.88,51.13,81.63,94.43,90.31,80.85,données du projet,71.83,55.24,46.05,38.74,77.77,57.7066666666667,46.13833333333334,79.33,74.01,74.01
EX24_Tunis_2017_07,Tunis,Tunis,Nord-Est,2017,7,2017-07-15,36.817901,10.196618,606725.93,4075339.78,3000,92.0,31.48,20.83,55.34,50.6,83.62,97.07,90.84,85.59,données du projet,80.85,71.83,55.24,30.72,80.44,69.30666666666669,53.156666666666666,83.34,67.15,67.15
EX24_Tunis_2017_08,Tunis,Tunis,Nord-Est,2017,8,2017-08-15,36.766487,10.141129,601844.7,4069575.6,3000,92.0,33.87,21.87,58.61,42.18,82.29,100.0,91.41,71.39,données du projet,85.59,80.85,71.83,34.25,74.84,79.42333333333336,62.30166666666668,49.96,52.22,52.22
EX24_Tunis_2017_09,Tunis,Tunis,Nord-Est,2017,9,2017-09-15,36.799232,10.184452,605666.45,4073255.15,3000,92.0,27.15,44.25,70.43,51.36,72.85,94.6,98.37,65.79,données du projet,71.39,85.59,80.85,46.05,66.31,79.2766666666667,68.49166666666667,48.7,47.62,47.62
EX24_Tunis_2017_10,Tunis,Tunis,Nord-Est,2017,10,2017-10-15,36.734503,10.128016,600716.19,4066013.57,3000,92.0,17.2,76.41,74.96,58.39,36.39,96.89,71.71,58.81,données du projet,65.79,71.39,85.59,55.24,62.91,74.2566666666667,71.78166666666668,45.43,36.4,36.4
EX24_Tunis_2017_11,Tunis,Tunis,Nord-Est,2017,11,2017-11-15,36.804523,10.182724,605505.05,4073840.2,3000,92.0,15.88,95.53,73.78,70.19,31.45,93.16,60.48,39.51,données du projet,58.81,65.79,71.39,71.83,48.38,65.33000000000004,72.37666666666667,39.32,39.77,39.77
EX24_Tunis_2017_12,Tunis,Tunis,Nord-Est,2017,12,2017-12-15,36.807715,10.16476,603898.15,4074174.73,3000,92.0,11.61,89.26,90.95,83.84,16.21,82.56,71.81,41.27,données du projet,39.51,58.81,65.79,80.85,38.74,54.70333333333337,66.99,44.1,43.46,43.46
EX24_Tunis_2018_01,Tunis,Tunis,Nord-Est,2018,1,2018-01-15,36.808075,10.105174,598582.36,4074151.58,3000,92.0,13.12,92.0,88.5,81.27,33.6,79.35,66.18,33.13,données du projet,41.27,39.51,58.81,85.59,30.72,46.53000000000003,60.39333333333334,49.15,48.42,48.42
EX24_Tunis_2018_02,Tunis,Tunis,Nord-Est,2018,2,2018-02-15,36.819257,10.161674,603607.32,4075451.81,3000,92.0,12.56,86.57,85.77,79.86,11.09,77.18,71.41,39.45,données du projet,33.13,41.27,39.51,71.39,34.25,37.970000000000034,51.65,50.96,54.35,54.35
EX24_Tunis_2018_03,Tunis,Tunis,Nord-Est,2018,3,2018-03-15,36.808911,10.179928,605249.61,4074324.01,3000,92.0,18.12,77.78,75.4,68.98,35.21,81.8,78.14,52.74,données du projet,39.45,33.13,41.27,65.79,46.05,37.95000000000004,46.32666666666666,60.44,58.96,58.96
EX24_Tunis_2018_04,Tunis,Tunis,Nord-Est,2018,4,2018-04-15,36.806052,10.133288,601092.95,4073956.47,3000,92.0,23.49,48.56,74.68,64.62,49.92,87.08,78.03,48.53,données du projet,52.74,39.45,33.13,58.81,55.24,41.77333333333337,44.15166666666667,69.61,73.35,73.35
EX24_Tunis_2018_05,Tunis,Tunis,Nord-Est,2018,5,2018-05-15,36.778442,10.198209,606922.65,4070964.17,3000,92.0,26.95,44.06,67.52,57.37,62.16,89.44,67.53,62.3,données du projet,48.53,52.74,39.45,39.51,71.83,46.9066666666667,42.43833333333333,62.58,71.88,71.88
EX24_Tunis_2018_06,Tunis,Tunis,Nord-Est,2018,6,2018-06-15,36.845082,10.232918,609924.78,4078396.32,3000,92.0,30.48,33.1,54.68,45.71,69.52,93.7,91.33,73.24,données du projet,62.3,48.53,52.74,41.27,80.85,54.52333333333337,46.23666666666667,97.8,73.29,73.29
EX24_Tunis_2018_07,Tunis,Tunis,Nord-Est,2018,7,2018-07-15,36.788183,10.128375,600678.07,4071968.95,3000,92.0,34.28,9.57,62.72,45.03,83.64,100.0,100.0,79.77,données du projet,73.24,62.3,48.53,33.13,85.59,61.356666666666705,51.565,83.14,75.22,75.22
EX24_Tunis_2018_08,Tunis,Tunis,Nord-Est,2018,8,2018-08-15,36.829481,10.154298,602935.74,4076577.96,3000,92.0,33.03,21.99,56.38,49.58,74.65,100.0,100.0,72.91,données du projet,79.77,73.24,62.3,39.45,71.39,71.77000000000002,59.33833333333333,82.67,69.81,69.81
EX24_Tunis_2018_09,Tunis,Tunis,Nord-Est,2018,9,2018-09-15,36.842984,10.185145,605668.08,4078109.68,3000,92.0,29.05,36.28,59.34,59.29,52.21,90.36,86.79,70.39,données du projet,72.91,79.77,73.24,52.74,65.79,75.3066666666667,64.915,70.97,55.86,55.86
EX24_Tunis_2018_10,Tunis,Tunis,Nord-Est,2018,10,2018-10-15,36.849324,10.140783,601704.23,4078764.9,3000,92.0,20.0,85.34,72.16,58.73,33.85,80.47,79.9,71.17,données du projet,70.39,72.91,79.77,48.53,58.81,74.3566666666667,67.85666666666667,58.89,46.94,46.94
EX24_Tunis_2018_11,Tunis,Tunis,Nord-Est,2018,11,2018-11-15,36.769584,10.178078,605138.3,4069959.11,3000,92.0,15.02,75.18,75.56,76.9,15.12,77.59,78.25,56.58,données du projet,71.17,70.39,72.91,62.3,39.51,71.49000000000004,71.63,39.09,32.53,32.53
EX24_Tunis_2018_12,Tunis,Tunis,Nord-Est,2018,12,2018-12-15,36.795223,10.21678,608556.26,4072846.69,3000,92.0,14.62,93.94,89.58,86.93,24.36,83.59,58.16,45.9,données du projet,56.58,71.17,70.39,73.24,41.27,66.0466666666667,70.67666666666666,20.65,33.23,33.23
EX24_Tunis_2019_01,Tunis,Tunis,Nord-Est,2019,1,2019-01-15,36.783269,10.200489,607119.39,4071502.18,3000,92.0,11.29,116.5,89.36,73.88,10.95,72.23,71.27,29.38,données du projet,45.9,56.58,71.17,79.77,33.13,57.88333333333336,66.12,33.09,41.95,41.95
EX24_Tunis_2019_02,Tunis,Tunis,Nord-Est,2019,2,2019-02-15,36.761076,10.183899,605669.5,4069021.74,3000,92.0,14.73,89.2,86.31,75.35,12.45,84.62,61.59,30.99,données du projet,29.38,45.9,56.58,72.91,39.45,43.95333333333337,57.72166666666667,45.09,54.21,54.21
EX24_Tunis_2019_03,Tunis,Tunis,Nord-Est,2019,3,2019-03-15,36.8108,10.20111,607136.46,4074557.09,3000,92.0,18.64,81.43,79.11,61.1,25.4,89.97,66.92,44.37,données du projet,30.99,29.38,45.9,70.39,52.74,35.42333333333337,50.73499999999999,61.87,70.21,70.21
EX24_Tunis_2019_04,Tunis,Tunis,Nord-Est,2019,4,2019-04-15,36.812873,10.178019,605073.91,4074761.37,3000,92.0,23.6,62.28,78.75,60.34,40.09,97.2,77.97,62.18,données du projet,44.37,30.99,29.38,71.17,48.53,34.91333333333336,46.39833333333333,67.17,75.94,75.94
EX24_Tunis_2019_05,Tunis,Tunis,Nord-Est,2019,5,2019-05-15,36.844408,10.19873,606877.39,4078282.7,3000,92.0,26.64,34.75,71.31,58.97,68.29,98.23,96.79,63.53,données du projet,62.18,44.37,30.99,56.58,62.3,45.8466666666667,44.9,53.88,84.28,84.28
EX24_Tunis_2019_06,Tunis,Tunis,Nord-Est,2019,6,2019-06-15,36.87628,10.252807,611652.71,4081880.41,3000,92.0,30.34,24.29,64.62,51.74,70.94,89.62,98.65,76.1,données du projet,63.53,62.18,44.37,45.9,73.24,56.693333333333364,46.05833333333334,72.77,84.89,84.89
EX24_Tunis_2019_07,Tunis,Tunis,Nord-Est,2019,7,2019-07-15,36.826056,10.126405,600452.72,4076168.36,3000,92.0,34.48,12.46,52.49,47.1,91.91,100.0,100.0,87.43,données du projet,76.1,63.53,62.18,29.38,79.77,67.27000000000004,51.09166666666667,93.47,80.77,80.77
EX24_Tunis_2019_08,Tunis,Tunis,Nord-Est,2019,8,2019-08-15,36.809623,10.193726,606479.43,4074418.27,3000,92.0,32.95,24.22,68.51,43.3,81.51,100.0,87.71,83.25,données du projet,87.43,76.1,63.53,30.99,72.91,75.68666666666671,60.76666666666667,93.73,68.19,68.19
EX24_Tunis_2019_09,Tunis,Tunis,Nord-Est,2019,9,2019-09-15,36.800368,10.199277,606987.49,4073397.67,3000,92.0,26.77,84.25,61.19,57.53,45.27,92.92,93.71,79.9,données du projet,83.25,87.43,76.1,44.37,70.39,82.26000000000003,69.47666666666667,58.6,48.67,48.67
EX24_Tunis_2019_10,Tunis,Tunis,Nord-Est,2019,10,2019-10-15,36.74023,10.155969,603204.39,4066678.72,3000,92.0,22.89,88.97,77.19,64.76,35.53,95.78,71.05,61.89,données du projet,79.9,83.25,87.43,62.18,71.17,83.5266666666667,75.39833333333333,54.26,41.2,41.2
EX24_Tunis_2019_11,Tunis,Tunis,Nord-Est,2019,11,2019-11-15,36.80198,10.182995,605532.71,4073558.43,3000,92.0,17.17,90.64,81.59,71.43,33.94,74.66,80.3,53.06,données du projet,61.89,79.9,83.25,63.53,56.58,75.01333333333336,75.35000000000001,30.43,37.9,37.9
EX24_Tunis_2019_12,Tunis,Tunis,Nord-Est,2019,12,2019-12-15,36.834575,10.206897,607619.43,4077201.03,3000,92.0,12.94,93.24,92.58,74.14,14.53,90.96,66.68,39.58,données du projet,53.06,61.89,79.9,76.1,45.9,64.95000000000003,73.605,37.31,33.67,33.67
EX24_Tunis_2020_01,Tunis,Tunis,Nord-Est,2020,1,2020-01-15,36.770322,10.244661,611079.77,4070116.2,3000,92.0,10.46,88.92,89.23,83.06,30.62,83.83,58.76,30.65,données du projet,39.58,53.06,61.89,87.43,29.38,51.510000000000026,67.51833333333333,37.92,41.41,41.41
EX24_Tunis_2020_02,Tunis,Tunis,Nord-Est,2020,2,2020-02-15,36.787775,10.18113,605385.78,4071980.5,3000,92.0,12.45,112.31,84.3,81.6,12.76,74.2,56.94,32.68,données du projet,30.65,39.58,53.06,83.25,30.99,41.0966666666667,58.055,42.32,60.31,60.31
EX24_Tunis_2020_03,Tunis,Tunis,Nord-Est,2020,3,2020-03-15,36.812392,10.195484,606632.42,4074727.33,3000,92.0,17.85,74.01,74.87,66.11,32.8,88.31,58.13,41.01,données du projet,32.68,30.65,39.58,79.9,44.37,34.30333333333336,49.626666666666665,36.88,64.32,64.32
EX24_Tunis_2020_04,Tunis,Tunis,Nord-Est,2020,4,2020-04-15,36.856193,10.21533,608340.93,4079608.8,3000,92.0,23.31,53.86,74.02,61.91,56.01,98.14,62.66,56.49,données du projet,41.01,32.68,30.65,61.89,62.18,34.78000000000003,43.145,64.33,79.68,79.68
EX24_Tunis_2020_05,Tunis,Tunis,Nord-Est,2020,5,2020-05-15,36.802032,10.146743,602298.53,4073524.85,3000,92.0,25.13,63.98,69.37,48.28,73.45,93.41,74.93,71.54,données du projet,56.49,41.01,32.68,53.06,63.53,43.393333333333366,42.245,65.67,79.17,79.17
EX24_Tunis_2020_06,Tunis,Tunis,Nord-Est,2020,6,2020-06-15,36.826743,10.195801,606640.76,4076319.76,3000,92.0,29.93,18.02,55.96,43.58,66.35,96.44,95.67,77.25,données du projet,71.54,56.49,41.01,39.58,76.1,56.3466666666667,45.324999999999996,83.21,86.55,86.55
EX24_Tunis_2020_07,Tunis,Tunis,Nord-Est,2020,7,2020-07-15,36.815595,10.185926,605775.49,4075072.06,3000,92.0,31.94,48.58,53.28,54.22,73.9,98.4,97.42,78.33,données du projet,77.25,71.54,56.49,30.65,87.43,68.4266666666667,51.60333333333333,94.01,78.96,78.96
EX24_Tunis_2020_08,Tunis,Tunis,Nord-Est,2020,8,2020-08-15,36.792359,10.184432,605674.12,4072492.67,3000,92.0,29.61,20.19,60.26,51.94,94.63,100.0,100.0,98.04,données du projet,78.33,77.25,71.54,32.68,83.25,75.7066666666667,59.54999999999999,87.51,61.37,61.37
EX24_Tunis_2020_09,Tunis,Tunis,Nord-Est,2020,9,2020-09-15,36.79286,10.17789,605089.78,4072541.08,3000,92.0,25.09,32.92,62.5,61.43,61.72,96.22,79.97,75.74,données du projet,98.04,78.33,77.25,41.01,79.9,84.54000000000003,70.44333333333334,51.27,45.69,45.69
EX24_Tunis_2020_10,Tunis,Tunis,Nord-Est,2020,10,2020-10-15,36.784523,10.178692,605172.73,4071617.06,3000,92.0,18.61,73.35,74.47,60.21,38.41,88.04,74.73,58.55,données du projet,75.74,98.04,78.33,56.49,61.89,84.0366666666667,76.23166666666667,39.98,30.17,30.17
EX24_Tunis_2020_11,Tunis,Tunis,Nord-Est,2020,11,2020-11-15,36.828516,10.195828,606640.71,4076516.52,3000,92.0,19.4,83.46,79.61,60.98,12.61,85.28,72.65,46.42,données du projet,58.55,75.74,98.04,71.54,53.06,77.44333333333337,76.575,22.88,29.91,29.91
EX24_Tunis_2020_12,Tunis,Tunis,Nord-Est,2020,12,2020-12-15,36.830077,10.110781,599054.14,4076598.1,3000,92.0,11.64,101.69,92.49,76.98,15.96,92.18,69.41,25.29,données du projet,46.42,58.55,75.74,77.25,39.58,60.2366666666667,72.38833333333334,25.74,36.84,36.84
EX24_Tunis_2021_01,Tunis,Tunis,Nord-Est,2021,1,2021-01-15,36.830224,10.172744,604579.72,4076680.41,3000,92.0,15.06,107.86,85.08,88.67,30.41,87.37,91.59,29.92,données du projet,25.29,46.42,58.55,78.33,30.65,43.42000000000004,63.72833333333333,32.39,45.84,45.84
EX24_Tunis_2021_02,Tunis,Tunis,Nord-Est,2021,2,2021-02-15,36.820364,10.20808,607744.83,4075625.83,3000,92.0,14.78,92.55,95.0,67.04,16.46,96.89,63.78,39.05,données du projet,29.92,25.29,46.42,98.04,32.68,33.8766666666667,55.66,43.99,58.96,58.96
EX24_Tunis_2021_03,Tunis,Tunis,Nord-Est,2021,3,2021-03-15,36.825211,10.185695,605741.59,4076138.57,3000,92.0,16.8,78.96,79.08,71.74,24.49,84.27,79.57,45.77,données du projet,39.05,29.92,25.29,75.74,41.01,31.420000000000034,45.82833333333334,49.15,69.78,69.78
EX24_Tunis_2021_04,Tunis,Tunis,Nord-Est,2021,4,2021-04-15,36.825149,10.180596,605286.96,4076126.03,3000,92.0,23.12,51.99,70.97,72.39,48.07,89.9,73.89,64.62,données du projet,45.77,39.05,29.92,58.55,56.49,38.246666666666705,40.833333333333336,67.29,74.94,74.94
EX24_Tunis_2021_05,Tunis,Tunis,Nord-Est,2021,5,2021-05-15,36.755056,10.188696,606105.98,4068359.23,3000,92.0,25.21,45.7,60.12,54.83,57.74,93.96,75.69,63.72,données du projet,64.62,45.77,39.05,46.42,71.54,49.81333333333337,41.845,65.57,84.64,84.64
EX24_Tunis_2021_06,Tunis,Tunis,Nord-Est,2021,6,2021-06-15,36.824512,10.198456,606880.68,4076075.24,3000,92.0,32.28,4.85,61.96,49.62,94.05,100.0,100.0,73.46,données du projet,63.72,64.62,45.77,25.29,77.25,58.0366666666667,44.72833333333333,100.0,89.33,89.33
EX24_Tunis_2021_07,Tunis,Tunis,Nord-Est,2021,7,2021-07-15,36.81801,10.21676,608522.3,4075374.56,3000,92.0,31.63,18.27,53.87,47.94,84.19,100.0,86.85,83.27,données du projet,73.46,63.72,64.62,29.92,78.33,67.2666666666667,52.75666666666667,89.62,72.94,72.94
EX24_Tunis_2021_08,Tunis,Tunis,Nord-Est,2021,8,2021-08-15,36.74807,10.151336,602780.29,4067543.39,3000,92.0,29.17,7.44,60.45,46.38,82.33,95.29,93.59,86.67,données du projet,83.27,73.46,63.72,39.05,98.04,73.48333333333336,61.64833333333333,80.83,59.59,59.59
EX24_Tunis_2021_09,Tunis,Tunis,Nord-Est,2021,9,2021-09-15,36.827079,10.184427,605625.92,4076344.41,3000,92.0,24.96,59.66,67.12,50.66,74.96,98.85,78.2,82.78,données du projet,86.67,83.27,73.46,45.77,75.74,81.13333333333337,69.585,49.61,51.04,51.04
EX24_Tunis_2021_10,Tunis,Tunis,Nord-Est,2021,10,2021-10-15,36.76701,10.163745,603862.54,4069657.94,3000,92.0,16.66,57.49,70.16,66.85,52.72,93.81,67.66,49.37,données du projet,82.78,86.67,83.27,64.62,58.55,84.24000000000002,75.75333333333333,33.62,39.94,39.94
EX24_Tunis_2021_11,Tunis,Tunis,Nord-Est,2021,11,2021-11-15,36.833994,10.228033,609505.04,4077160.67,3000,92.0,17.43,75.65,86.39,70.69,22.07,87.96,76.07,48.73,données du projet,49.37,82.78,86.67,63.72,46.42,72.94000000000004,73.21166666666666,52.1,41.81,41.81
EX24_Tunis_2021_12,Tunis,Tunis,Nord-Est,2021,12,2021-12-15,36.790643,10.178847,605178.16,4072296.19,3000,92.0,13.03,95.19,90.96,74.72,22.11,83.54,69.49,47.85,données du projet,48.73,49.37,82.78,73.46,25.29,60.29333333333337,70.71333333333332,34.47,32.78,32.78
EX24_Tunis_2022_01,Tunis,Tunis,Nord-Est,2022,1,2022-01-15,36.837082,10.191279,606223.19,4077461.66,3000,92.0,13.08,96.59,91.03,77.92,9.56,88.59,60.66,32.22,données du projet,47.85,48.73,49.37,83.27,29.92,48.650000000000034,66.445,39.25,50.53,50.53
EX24_Tunis_2022_02,Tunis,Tunis,Nord-Est,2022,2,2022-02-15,36.804995,10.210361,607969.88,4073923.45,3000,92.0,14.19,99.11,82.63,80.65,23.88,85.41,69.49,40.33,données du projet,32.22,47.85,48.73,86.67,39.05,42.933333333333366,57.93666666666667,48.51,60.2,60.2
EX24_Tunis_2022_03,Tunis,Tunis,Nord-Est,2022,3,2022-03-15,36.787759,10.160533,603547.93,4071956.31,3000,92.0,18.13,68.5,75.98,67.49,34.61,94.39,83.34,47.76,données du projet,40.33,32.22,47.85,82.78,45.77,40.13333333333336,50.21333333333333,70.51,74.49,74.49
EX24_Tunis_2022_04,Tunis,Tunis,Nord-Est,2022,4,2022-04-15,36.829846,10.153844,602894.83,4076617.97,3000,92.0,21.82,40.81,69.69,68.51,57.85,96.99,70.37,63.55,données du projet,47.76,40.33,32.22,49.37,64.62,40.10333333333337,44.376666666666665,68.69,85.33,85.33
EX24_Tunis_2022_05,Tunis,Tunis,Nord-Est,2022,5,2022-05-15,36.826186,10.169992,604339.83,4076229.55,3000,92.0,24.96,46.36,65.15,61.15,61.94,100.0,73.0,68.99,données du projet,63.55,47.76,40.33,48.73,63.72,50.5466666666667,46.74,69.23,89.9,89.9
EX24_Tunis_2022_06,Tunis,Tunis,Nord-Est,2022,6,2022-06-15,36.81983,10.191126,606233.44,4075547.62,3000,92.0,28.89,14.1,55.53,59.43,86.31,99.98,100.0,90.03,données du projet,68.99,63.55,47.76,47.85,73.46,60.10000000000003,50.11666666666667,100.0,83.51,83.51
EX24_Tunis_2022_07,Tunis,Tunis,Nord-Est,2022,7,2022-07-15,36.786113,10.200834,607146.21,4071818.06,3000,92.0,31.97,30.63,60.63,48.86,89.4,100.0,98.42,95.05,données du projet,90.03,68.99,63.55,32.22,83.27,74.19000000000003,57.14666666666667,97.94,71.91,71.91
EX24_Tunis_2022_08,Tunis,Tunis,Nord-Est,2022,8,2022-08-15,36.843279,10.169227,604248.44,4078124.92,3000,92.0,31.43,14.46,58.47,50.15,84.5,100.0,95.04,85.56,données du projet,95.05,90.03,68.99,40.33,86.67,84.69000000000004,67.61833333333334,68.9,56.91,56.91
EX24_Tunis_2022_09,Tunis,Tunis,Nord-Est,2022,9,2022-09-15,36.798292,10.197596,606840.43,4073165.56,3000,92.0,27.93,37.79,64.5,48.16,56.99,90.14,92.08,76.42,données du projet,85.56,95.05,90.03,47.76,82.78,90.21333333333337,75.15666666666665,68.88,45.41,45.41
EX24_Tunis_2022_10,Tunis,Tunis,Nord-Est,2022,10,2022-10-15,36.873383,10.179596,605131.64,4081475.94,3000,92.0,19.01,85.53,76.06,70.96,44.96,87.72,65.9,56.06,données du projet,76.42,85.56,95.05,63.55,49.37,85.67666666666669,79.93333333333332,64.99,39.85,39.85
EX24_Tunis_2022_11,Tunis,Tunis,Nord-Est,2022,11,2022-11-15,36.786096,10.189505,606135.37,4071803.52,3000,92.0,15.82,71.5,85.31,70.32,30.71,83.98,68.11,45.77,données du projet,56.06,76.42,85.56,68.99,48.73,72.68000000000004,78.68499999999999,56.74,44.6,44.6
EX24_Tunis_2022_12,Tunis,Tunis,Nord-Est,2022,12,2022-12-15,36.813737,10.139292,601618.34,4074815.33,3000,92.0,11.69,94.63,83.46,77.78,23.02,91.38,75.12,47.17,données du projet,45.77,56.06,76.42,90.03,47.85,59.41666666666671,74.81500000000001,58.37,47.8,47.8
EX24_Tunis_2023_01,Tunis,Tunis,Nord-Est,2023,1,2023-01-15,36.776507,10.156922,603240.91,4070704.15,3000,92.0,11.02,96.17,92.28,81.94,17.81,91.2,63.99,37.63,données du projet,47.17,45.77,56.06,95.05,32.22,49.66666666666671,67.67166666666667,45.47,55.81,55.81
EX24_Tunis_2023_02,Tunis,Tunis,Nord-Est,2023,2,2023-02-15,36.822567,10.186183,605788.81,4075845.78,3000,92.0,14.47,100.6,86.99,79.82,16.91,95.75,64.0,46.9,données du projet,37.63,47.17,45.77,85.56,40.33,43.52333333333337,58.10166666666667,65.94,57.13,57.13
EX24_Tunis_2023_03,Tunis,Tunis,Nord-Est,2023,3,2023-03-15,36.818813,10.189096,606053.8,4075432.56,3000,92.0,19.28,70.14,80.78,62.53,25.79,99.75,69.54,53.92,données du projet,46.9,37.63,47.17,76.42,47.76,43.900000000000034,51.65833333333333,62.34,61.15,61.15
EX24_Tunis_2023_04,Tunis,Tunis,Nord-Est,2023,4,2023-04-15,36.788211,10.137622,601503.04,4071981.82,3000,92.0,22.49,49.08,66.04,70.76,68.09,88.72,64.4,55.61,données du projet,53.92,46.9,37.63,56.06,63.55,46.150000000000034,47.90833333333334,54.7,80.63,80.63
EX24_Tunis_2023_05,Tunis,Tunis,Nord-Est,2023,5,2023-05-15,36.736164,10.199813,607124.65,4066275.73,3000,92.0,25.56,41.12,60.61,57.64,61.62,100.0,73.2,64.03,données du projet,55.61,53.92,46.9,45.77,68.99,52.143333333333366,47.833333333333336,83.17,79.93,79.93
EX24_Tunis_2023_06,Tunis,Tunis,Nord-Est,2023,6,2023-06-15,36.841692,10.192065,606286.88,4077974.04,3000,92.0,33.85,22.62,55.75,49.11,85.63,98.91,97.29,81.29,données du projet,64.03,55.61,53.92,47.17,90.03,57.85333333333336,50.876666666666665,96.81,79.97,79.97
EX24_Tunis_2023_07,Tunis,Tunis,Nord-Est,2023,7,2023-07-15,36.770827,10.188538,606070.1,4070108.6,3000,92.0,30.21,42.25,53.51,48.34,93.66,98.02,89.89,84.64,données du projet,81.29,64.03,55.61,37.63,95.05,66.9766666666667,56.56333333333333,82.2,74.35,74.35
EX24_Tunis_2023_08,Tunis,Tunis,Nord-Est,2023,8,2023-08-15,36.808445,10.20315,607321.74,4074298.05,3000,92.0,29.36,10.19,62.65,46.77,87.19,100.0,81.32,87.64,données du projet,84.64,81.29,64.03,46.9,85.56,76.65333333333336,64.39833333333333,72.78,60.87,60.87
EX24_Tunis_2023_09,Tunis,Tunis,Nord-Est,2023,9,2023-09-15,36.811244,10.130278,600817.6,4074529.25,3000,92.0,25.0,44.81,64.46,63.34,52.16,93.7,93.98,74.79,données du projet,87.64,84.64,81.29,53.92,76.42,84.52333333333337,71.18833333333335,56.52,49.46,49.46
EX24_Tunis_2023_10,Tunis,Tunis,Nord-Est,2023,10,2023-10-15,36.83127,10.180343,605256.01,4076804.85,3000,92.0,20.0,65.99,78.01,67.86,29.26,95.78,54.07,61.02,données du projet,74.79,87.64,84.64,55.61,56.06,82.3566666666667,74.66666666666667,44.51,42.67,42.67
EX24_Tunis_2023_11,Tunis,Tunis,Nord-Est,2023,11,2023-11-15,36.822572,10.1608,603524.89,4075818.54,3000,92.0,17.59,83.73,82.77,64.66,22.66,88.82,74.58,53.08,données du projet,61.02,74.79,87.64,64.03,45.77,74.48333333333336,75.56833333333334,23.57,35.07,35.07
EX24_Tunis_2023_12,Tunis,Tunis,Nord-Est,2023,12,2023-12-15,36.758131,10.163312,603835.88,4068672.48,3000,92.0,13.28,78.35,83.34,73.16,15.95,92.6,77.73,37.83,données du projet,53.08,61.02,74.79,81.29,47.17,62.96333333333337,73.74333333333333,30.69,40.91,40.91
EX24_Tunis_2024_01,Tunis,Tunis,Nord-Est,2024,1,2024-01-15,36.802335,10.174095,604738.21,4073588.08,3000,92.0,11.8,101.42,85.01,76.7,11.1,81.11,68.43,34.89,données du projet,37.83,53.08,61.02,84.64,37.63,50.643333333333366,66.5,31.78,50.13,50.13
EX24_Tunis_2024_02,Tunis,Tunis,Nord-Est,2024,2,2024-02-15,36.789664,10.171374,604512.69,4072179.4,3000,92.0,12.98,120.13,86.75,77.96,11.07,85.42,70.3,38.86,données du projet,34.89,37.83,53.08,87.64,46.9,41.93333333333336,58.20833333333334,44.51,52.06,52.06
EX24_Tunis_2024_03,Tunis,Tunis,Nord-Est,2024,3,2024-03-15,36.755351,10.214226,608384.56,4068420.53,3000,92.0,18.24,97.89,82.99,69.89,23.55,96.81,69.5,46.29,données du projet,38.86,34.89,37.83,74.79,53.92,37.193333333333364,50.078333333333326,41.67,60.87,60.87
EX24_Tunis_2024_04,Tunis,Tunis,Nord-Est,2024,4,2024-04-15,36.743633,10.139905,601765.71,4067039.01,3000,92.0,20.04,69.41,75.17,62.26,47.01,93.84,64.81,58.88,données du projet,46.29,38.86,34.89,61.02,55.61,40.01333333333336,45.32833333333334,58.43,77.15,77.15
EX24_Tunis_2024_05,Tunis,Tunis,Nord-Est,2024,5,2024-05-15,36.799256,10.144795,602128.44,4073214.81,3000,92.0,25.29,44.15,62.69,60.44,81.64,100.0,60.56,62.74,données du projet,58.88,46.29,38.86,53.08,64.03,48.010000000000026,44.971666666666664,86.82,87.13,87.13
EX24_Tunis_2024_06,Tunis,Tunis,Nord-Est,2024,6,2024-06-15,36.811581,10.154527,602980.15,4074592.45,3000,92.0,33.39,26.79,57.54,41.33,64.56,100.0,100.0,80.11,données du projet,62.74,58.88,46.29,37.83,81.29,55.97000000000003,46.58166666666667,77.52,87.22,87.22
EX24_Tunis_2024_07,Tunis,Tunis,Nord-Est,2024,7,2024-07-15,36.817915,10.178211,605084.16,4075320.99,3000,92.0,33.25,4.24,62.24,48.21,80.24,100.0,95.36,83.57,données du projet,80.11,62.74,58.88,34.89,84.64,67.24333333333335,53.62833333333333,94.09,72.91,72.91
EX24_Tunis_2024_08,Tunis,Tunis,Nord-Est,2024,8,2024-08-15,36.849288,10.153611,602847.97,4078774.62,3000,92.0,32.71,22.91,56.76,41.28,82.44,100.0,90.84,89.16,données du projet,83.57,80.11,62.74,38.86,87.64,75.47333333333336,61.74166666666667,88.16,62.19,62.19
EX24_Tunis_2024_09,Tunis,Tunis,Nord-Est,2024,9,2024-09-15,36.803552,10.18334,605561.33,4073733.18,3000,92.0,28.04,42.2,62.46,55.55,56.03,100.0,96.47,82.23,données du projet,89.16,83.57,80.11,46.29,74.79,84.28000000000003,70.125,43.1,50.61,50.61
EX24_Tunis_2024_10,Tunis,Tunis,Nord-Est,2024,10,2024-10-15,36.79668,10.176377,604949.53,4072963.19,3000,92.0,20.9,60.13,79.74,66.98,48.69,87.78,69.94,55.24,données du projet,82.23,89.16,83.57,58.88,61.02,84.9866666666667,76.11500000000001,60.26,42.03,42.03
EX24_Tunis_2024_11,Tunis,Tunis,Nord-Est,2024,11,2024-11-15,36.775535,10.153691,602953.84,4070592.84,3000,92.0,16.29,88.28,85.73,70.74,23.82,91.33,67.69,56.11,données du projet,55.24,82.23,89.16,62.74,53.08,75.54333333333336,75.50833333333333,33.11,35.73,35.73
EX24_Tunis_2024_12,Tunis,Tunis,Nord-Est,2024,12,2024-12-15,36.874038,10.146087,602144.23,4081512.16,3000,92.0,11.16,96.54,92.73,76.36,12.56,76.38,62.02,36.4,données du projet,56.11,55.24,82.23,80.11,37.83,64.52666666666669,74.40333333333332,36.91,46.8,46.8
EX24_Tunis_2025_01,Tunis,Tunis,Nord-Est,2025,1,2025-01-15,36.836649,10.183498,605529.96,4077405.11,3000,92.0,16.4,93.51,84.14,81.16,11.74,91.29,74.06,38.41,données du projet,36.4,56.11,55.24,83.57,34.89,49.25000000000003,67.11833333333334,56.81,55.0,55.0
EX24_Tunis_2025_02,Tunis,Tunis,Nord-Est,2025,2,2025-02-15,36.872592,10.171675,604426.78,4081379.48,3000,92.0,11.87,89.38,87.6,78.9,22.0,90.84,77.08,44.91,données du projet,38.41,36.4,56.11,89.16,38.86,43.64000000000002,59.59166666666667,65.48,67.18,67.18
EX24_Tunis_2025_03,Tunis,Tunis,Nord-Est,2025,3,2025-03-15,36.824663,10.210677,607970.39,4076105.74,3000,92.0,14.39,86.64,78.76,69.57,44.9,83.3,63.66,59.41,données du projet,44.91,38.41,36.4,82.23,46.29,39.906666666666695,52.21666666666666,40.14,69.52,69.52
EX24_Tunis_2025_04,Tunis,Tunis,Nord-Est,2025,4,2025-04-15,36.838896,10.183119,605493.11,4077653.86,3000,92.0,21.53,53.52,79.64,55.34,49.46,98.2,70.12,55.13,données du projet,59.41,44.91,38.41,55.24,58.88,47.57666666666669,48.413333333333334,60.83,79.14,79.14
EX24_Tunis_2025_05,Tunis,Tunis,Nord-Est,2025,5,2025-05-15,36.804652,10.205594,607545.05,4073880.09,3000,92.0,27.52,57.97,73.04,54.81,59.83,96.76,73.38,73.44,données du projet,55.13,59.41,44.91,56.11,62.74,53.15000000000003,48.395,88.38,84.06,84.06
EX24_Tunis_2025_06,Tunis,Tunis,Nord-Est,2025,6,2025-06-15,36.789612,10.18626,605840.96,4072189.96,3000,92.0,29.29,79.07,52.18,55.41,68.23,100.0,94.03,76.73,données du projet,73.44,55.13,59.41,36.4,80.11,62.660000000000025,51.28333333333333,77.22,87.3,87.3
EX24_Tunis_2025_07,Tunis,Tunis,Nord-Est,2025,7,2025-07-15,36.798015,10.189227,606094.17,4073125.48,3000,92.0,29.59,13.65,60.01,49.51,74.58,100.0,92.6,84.97,données du projet,76.73,73.44,55.13,38.41,83.57,68.43333333333335,58.004999999999995,100.0,85.98,85.98
EX24_Tunis_2025_08,Tunis,Tunis,Nord-Est,2025,8,2025-08-15,36.785524,10.165804,604021.28,4071714.07,3000,92.0,31.08,21.18,59.69,50.56,92.15,100.0,94.65,96.65,données du projet,84.97,76.73,73.44,44.91,89.16,78.38000000000004,65.765,78.43,65.5,65.5
EX24_Tunis_2025_09,Tunis,Tunis,Nord-Est,2025,9,2025-09-15,36.773406,10.16455,603925.76,4070368.38,3000,92.0,29.22,47.87,68.85,49.47,66.26,99.04,92.02,78.43,données du projet,96.65,84.97,76.73,59.41,82.23,86.11666666666669,74.38833333333334,74.54,62.86,62.86
EX24_Zaghouan_2017_01,Zaghouan,Zaghouan,Nord-Est,2017,1,2017-01-15,36.359926,10.137261,602032.83,4024471.11,110,48.0,12.26,93.92,88.18,85.34,13.68,53.92,35.76,25.86,données du projet,29.99,55.11,70.43,89.78,37.35,51.84333333333336,65.66666666666667,52.54,48.85,48.85
EX24_Zaghouan_2017_02,Zaghouan,Zaghouan,Nord-Est,2017,2,2017-02-15,36.399361,10.151506,603258.82,4028860.65,110,48.0,14.52,87.02,82.27,76.41,15.48,69.14,41.21,36.78,données du projet,25.86,29.99,55.11,75.66,35.0,36.98666666666669,55.01333333333333,45.02,46.22,46.22
EX24_Zaghouan_2017_03,Zaghouan,Zaghouan,Nord-Est,2017,3,2017-03-15,36.39323,10.159033,603941.93,4028188.67,110,48.0,18.37,77.91,90.32,72.84,26.2,51.82,49.59,45.56,données du projet,36.78,25.86,29.99,73.03,37.07,30.876666666666694,48.53333333333333,34.48,56.67,56.67
EX24_Zaghouan_2017_04,Zaghouan,Zaghouan,Nord-Est,2017,4,2017-04-15,36.424587,10.144661,602611.79,4031651.69,110,48.0,20.7,75.28,68.68,63.28,52.53,61.93,52.02,47.86,données du projet,45.56,36.78,25.86,70.43,62.97,36.0666666666667,43.955000000000005,59.86,75.84,75.84
EX24_Zaghouan_2017_05,Zaghouan,Zaghouan,Nord-Est,2017,5,2017-05-15,36.425444,10.113078,599779.39,4031713.61,110,48.0,26.23,92.64,71.63,63.72,50.65,64.08,38.83,59.47,données du projet,47.86,45.56,36.78,55.11,71.11,43.400000000000034,40.193333333333335,94.36,87.6,87.6
EX24_Zaghouan_2017_06,Zaghouan,Zaghouan,Nord-Est,2017,6,2017-06-15,36.43841,10.118129,600215.51,4033157.13,110,48.0,28.8,34.58,59.03,48.34,75.54,76.45,72.04,77.58,données du projet,59.47,47.86,45.56,29.99,76.67,50.96333333333337,40.92,100.0,78.14,78.14
EX24_Zaghouan_2017_07,Zaghouan,Zaghouan,Nord-Est,2017,7,2017-07-15,36.409902,10.145292,602687.65,4030023.34,110,48.0,34.04,12.35,61.34,47.52,85.95,76.39,56.6,91.36,données du projet,77.58,59.47,47.86,25.86,89.78,61.63666666666669,48.85166666666667,84.27,72.46,72.46
EX24_Zaghouan_2017_08,Zaghouan,Zaghouan,Nord-Est,2017,8,2017-08-15,36.381336,10.136041,601895.44,4026844.79,110,48.0,32.25,24.1,54.93,48.49,80.07,74.28,59.48,83.68,données du projet,91.36,77.58,59.47,36.78,75.66,76.1366666666667,59.76833333333334,50.83,57.0,57.0
EX24_Zaghouan_2017_09,Zaghouan,Zaghouan,Nord-Est,2017,9,2017-09-15,36.386193,10.132883,601605.85,4027380.17,110,48.0,27.63,35.85,66.58,65.26,61.7,76.27,71.1,62.64,données du projet,83.68,91.36,77.58,45.56,73.03,84.2066666666667,67.585,71.69,56.06,56.06
EX24_Zaghouan_2017_10,Zaghouan,Zaghouan,Nord-Est,2017,10,2017-10-15,36.411654,10.135481,601805.67,4030207.26,110,48.0,20.99,68.04,71.53,69.0,43.08,71.66,54.48,61.98,données du projet,62.64,83.68,91.36,47.86,70.43,79.2266666666667,70.43166666666667,20.84,47.81,47.81
EX24_Zaghouan_2017_11,Zaghouan,Zaghouan,Nord-Est,2017,11,2017-11-15,36.427311,10.14167,602340.02,4031950.64,110,48.0,15.88,72.27,79.47,73.63,31.47,71.97,53.33,45.28,données du projet,61.98,62.64,83.68,59.47,55.11,69.43333333333337,72.785,47.48,44.02,44.02
EX24_Zaghouan_2017_12,Zaghouan,Zaghouan,Nord-Est,2017,12,2017-12-15,36.349375,10.140736,602358.43,4023304.41,110,48.0,15.25,109.64,83.93,76.34,13.37,42.9,51.13,54.07,données du projet,45.28,61.98,62.64,77.58,29.99,56.63333333333336,70.42,34.17,44.04,44.04
EX24_Zaghouan_2018_01,Zaghouan,Zaghouan,Nord-Est,2018,1,2018-01-15,36.380487,10.136225,601913.1,4026750.8,110,48.0,14.99,92.46,85.32,72.54,19.28,68.48,48.03,39.68,données du projet,54.07,45.28,61.98,91.36,25.86,53.7766666666667,66.50166666666667,33.7,43.52,43.52
EX24_Zaghouan_2018_02,Zaghouan,Zaghouan,Nord-Est,2018,2,2018-02-15,36.434967,10.158299,603820.57,4032817.76,110,48.0,14.78,86.34,81.89,72.99,26.44,49.65,56.48,41.25,données du projet,39.68,54.07,45.28,83.68,36.78,46.34333333333336,57.88833333333333,39.34,54.38,54.38
EX24_Zaghouan_2018_03,Zaghouan,Zaghouan,Nord-Est,2018,3,2018-03-15,36.400697,10.112201,599732.4,4028967.59,110,48.0,20.39,76.15,72.75,75.68,43.86,71.4,46.3,47.21,données du projet,41.25,39.68,54.07,62.64,45.56,45.00000000000003,50.81666666666666,62.21,62.03,62.03
EX24_Zaghouan_2018_04,Zaghouan,Zaghouan,Nord-Est,2018,4,2018-04-15,36.35843,10.181404,605995.46,4024352.68,110,48.0,21.97,101.13,78.46,55.44,47.61,65.64,40.83,51.85,données du projet,47.21,41.25,39.68,61.98,47.86,42.71333333333337,48.245,73.29,74.82,74.82
EX24_Zaghouan_2018_05,Zaghouan,Zaghouan,Nord-Est,2018,5,2018-05-15,36.409967,10.164437,604404.23,4030051.08,110,48.0,26.63,38.87,60.64,53.78,59.1,68.84,29.53,67.01,données du projet,51.85,47.21,41.25,45.28,59.47,46.77000000000003,46.556666666666665,70.77,73.81,73.81
EX24_Zaghouan_2018_06,Zaghouan,Zaghouan,Nord-Est,2018,6,2018-06-15,36.39526,10.119773,600418.36,4028372.27,110,48.0,31.2,11.71,54.61,49.98,69.54,74.32,56.63,74.87,données du projet,67.01,51.85,47.21,54.07,77.58,55.35666666666669,50.178333333333335,75.29,71.47,71.47
EX24_Zaghouan_2018_07,Zaghouan,Zaghouan,Nord-Est,2018,7,2018-07-15,36.38403,10.112653,599794.18,4027119.21,110,48.0,33.31,14.58,56.99,43.63,93.54,68.43,68.23,80.22,données du projet,74.87,67.01,51.85,39.68,91.36,64.5766666666667,53.645,52.06,64.13,64.13
EX24_Zaghouan_2018_08,Zaghouan,Zaghouan,Nord-Est,2018,8,2018-08-15,36.413204,10.166366,604572.86,4030412.31,110,48.0,32.69,18.89,50.42,51.52,88.35,69.92,75.98,70.58,données du projet,80.22,74.87,67.01,41.25,83.68,74.03333333333336,60.401666666666664,65.42,55.49,55.49
EX24_Zaghouan_2018_09,Zaghouan,Zaghouan,Nord-Est,2018,9,2018-09-15,36.342394,10.132589,601636.48,4022521.41,110,48.0,24.8,40.55,62.07,57.33,59.44,62.88,80.04,68.72,données du projet,70.58,80.22,74.87,47.21,62.64,75.22333333333336,65.29,49.6,48.49,48.49
EX24_Zaghouan_2018_10,Zaghouan,Zaghouan,Nord-Est,2018,10,2018-10-15,36.414431,10.155398,603587.81,4030536.51,110,48.0,20.02,83.58,85.51,67.15,53.35,60.67,34.78,61.57,données du projet,68.72,70.58,80.22,51.85,61.98,73.17333333333336,68.875,59.2,35.02,35.02
EX24_Zaghouan_2018_11,Zaghouan,Zaghouan,Nord-Est,2018,11,2018-11-15,36.392925,10.14787,602941.24,4028142.9,110,48.0,17.54,79.68,81.19,68.26,26.22,56.54,52.02,46.65,données du projet,61.57,68.72,70.58,67.01,45.28,66.95666666666669,70.49499999999999,27.16,35.26,35.26
EX24_Zaghouan_2018_12,Zaghouan,Zaghouan,Nord-Est,2018,12,2018-12-15,36.370148,10.15451,603566.93,4025623.32,110,48.0,12.77,139.66,93.01,68.32,15.01,62.19,46.18,33.27,données du projet,46.65,61.57,68.72,74.87,54.07,58.980000000000025,67.10166666666667,18.4,34.6,34.6
EX24_Zaghouan_2019_01,Zaghouan,Zaghouan,Nord-Est,2019,1,2019-01-15,36.405467,10.111426,599656.73,4029495.91,110,48.0,10.11,110.72,87.83,79.84,0.0,54.24,40.81,33.27,données du projet,33.27,46.65,61.57,80.22,39.68,47.163333333333355,60.16833333333333,32.22,40.41,40.41
EX24_Zaghouan_2019_02,Zaghouan,Zaghouan,Nord-Est,2019,2,2019-02-15,36.38071,10.108414,599418.24,4026746.54,110,48.0,15.55,100.22,84.16,76.41,18.05,62.98,38.44,36.01,données du projet,33.27,33.27,46.65,70.58,41.25,37.730000000000025,52.34333333333333,37.26,47.01,47.01
EX24_Zaghouan_2019_03,Zaghouan,Zaghouan,Nord-Est,2019,3,2019-03-15,36.413693,10.097773,598422.17,4030394.36,110,48.0,19.29,68.32,75.24,65.9,38.66,59.4,42.18,37.47,données du projet,36.01,33.27,33.27,68.72,47.21,34.18333333333336,46.58166666666667,36.91,60.41,60.41
EX24_Zaghouan_2019_04,Zaghouan,Zaghouan,Nord-Est,2019,4,2019-04-15,36.376519,10.166699,604651.84,4026343.26,110,48.0,22.27,59.19,72.38,61.31,55.5,75.57,55.63,46.73,données du projet,37.47,36.01,33.27,61.57,51.85,35.58333333333335,41.373333333333335,59.64,64.95,64.95
EX24_Zaghouan_2019_05,Zaghouan,Zaghouan,Nord-Est,2019,5,2019-05-15,36.422305,10.143678,602526.61,4031397.44,110,48.0,26.5,46.6,58.8,52.06,65.75,64.88,45.5,58.62,données du projet,46.73,37.47,36.01,46.65,67.01,40.07000000000002,38.9,65.58,72.37,72.37
EX24_Zaghouan_2019_06,Zaghouan,Zaghouan,Nord-Est,2019,6,2019-06-15,36.363344,10.157896,603879.72,4024872.27,110,48.0,32.84,20.8,68.02,51.5,69.63,65.92,53.99,66.25,données du projet,58.62,46.73,37.47,33.27,74.87,47.60666666666669,40.895,82.83,76.9,76.9
EX24_Zaghouan_2019_07,Zaghouan,Zaghouan,Nord-Est,2019,7,2019-07-15,36.372611,10.178985,605759.27,4025923.08,110,48.0,31.79,28.49,62.92,48.84,88.39,80.87,70.73,79.0,données du projet,66.25,58.62,46.73,33.27,80.22,57.200000000000024,46.39166666666667,72.87,66.67,66.67
EX24_Zaghouan_2019_08,Zaghouan,Zaghouan,Nord-Est,2019,8,2019-08-15,36.382737,10.134548,601759.77,4026998.59,110,48.0,34.15,26.1,51.43,51.99,78.86,73.99,61.04,68.74,données du projet,79.0,66.25,58.62,36.01,70.58,67.95666666666669,54.01333333333333,63.71,57.3,57.3
EX24_Zaghouan_2019_09,Zaghouan,Zaghouan,Nord-Est,2019,9,2019-09-15,36.402897,10.105577,599135.54,4029204.79,110,48.0,29.1,44.05,65.0,56.62,65.63,77.84,66.28,65.27,données du projet,68.74,79.0,66.25,37.47,68.72,71.33000000000003,59.468333333333334,40.74,48.26,48.26
EX24_Zaghouan_2019_10,Zaghouan,Zaghouan,Nord-Est,2019,10,2019-10-15,36.403207,10.186041,606350.56,4029324.87,110,48.0,22.41,104.34,70.91,59.78,30.8,58.97,25.44,54.23,données du projet,65.27,68.74,79.0,46.73,61.57,71.00333333333334,64.10166666666666,42.02,43.69,43.69
EX24_Zaghouan_2019_11,Zaghouan,Zaghouan,Nord-Est,2019,11,2019-11-15,36.389342,10.111999,599728.73,4027707.74,110,48.0,15.73,74.41,79.34,74.6,20.52,61.78,56.74,43.85,données du projet,54.23,65.27,68.74,58.62,46.65,62.74666666666669,65.35166666666667,44.44,34.88,34.88
EX24_Zaghouan_2019_12,Zaghouan,Zaghouan,Nord-Est,2019,12,2019-12-15,36.379984,10.193664,607065.93,4026757.16,110,48.0,15.0,117.43,85.98,74.47,11.11,68.24,60.78,44.7,données du projet,43.85,54.23,65.27,66.25,33.27,54.450000000000024,62.88999999999999,20.78,34.27,34.27
EX24_Zaghouan_2020_01,Zaghouan,Zaghouan,Nord-Est,2020,1,2020-01-15,36.399766,10.164486,604422.27,4028919.63,110,48.0,12.58,115.35,92.63,67.85,26.57,57.22,43.21,34.82,données du projet,44.7,43.85,54.23,79.0,33.27,47.59333333333336,59.298333333333325,23.3,43.54,43.54
EX24_Zaghouan_2020_02,Zaghouan,Zaghouan,Nord-Est,2020,2,2020-02-15,36.345557,10.1637,604424.17,4022905.38,110,48.0,13.44,87.33,88.0,77.55,7.03,61.88,52.77,30.82,données du projet,34.82,44.7,43.85,68.74,36.01,41.12333333333336,51.935,62.3,60.54,60.54
EX24_Zaghouan_2020_03,Zaghouan,Zaghouan,Nord-Est,2020,3,2020-03-15,36.403512,10.157289,603771.86,4029327.36,110,48.0,20.14,77.05,74.41,66.29,33.99,74.05,41.16,50.95,données du projet,30.82,34.82,44.7,65.27,37.47,36.78000000000002,45.615,53.76,58.42,58.42
EX24_Zaghouan_2020_04,Zaghouan,Zaghouan,Nord-Est,2020,4,2020-04-15,36.401516,10.119042,600344.78,4029065.47,110,48.0,23.24,43.73,71.58,65.66,52.24,69.67,38.13,55.62,données du projet,50.95,30.82,34.82,54.23,46.73,38.86333333333336,43.22833333333333,55.95,67.32,67.32
EX24_Zaghouan_2020_05,Zaghouan,Zaghouan,Nord-Est,2020,5,2020-05-15,36.403856,10.197478,607375.24,4029409.5,110,48.0,26.58,48.92,59.94,55.02,64.9,75.94,30.68,58.04,données du projet,55.62,50.95,30.82,43.85,58.62,45.79666666666669,43.46,78.29,78.32,78.32
EX24_Zaghouan_2020_06,Zaghouan,Zaghouan,Nord-Est,2020,6,2020-06-15,36.365087,10.171357,605085.04,4025080.17,110,48.0,30.14,30.41,64.42,47.07,73.68,69.85,80.25,73.46,données du projet,58.04,55.62,50.95,44.7,66.25,54.870000000000026,45.824999999999996,85.44,71.89,71.89
EX24_Zaghouan_2020_07,Zaghouan,Zaghouan,Nord-Est,2020,7,2020-07-15,36.420496,10.164458,604392.0,4031219.06,110,48.0,33.46,28.81,50.73,47.54,66.85,76.91,87.75,75.92,données du projet,73.46,58.04,55.62,34.82,79.0,62.373333333333356,50.61833333333333,90.36,75.43,75.43
EX24_Zaghouan_2020_08,Zaghouan,Zaghouan,Nord-Est,2020,8,2020-08-15,36.390332,10.088496,597619.56,4027793.53,110,48.0,33.36,3.22,58.28,49.89,95.8,82.97,62.54,78.69,données du projet,75.92,73.46,58.04,30.82,68.74,69.14000000000003,57.468333333333334,73.65,58.27,58.27
EX24_Zaghouan_2020_09,Zaghouan,Zaghouan,Nord-Est,2020,9,2020-09-15,36.404785,10.158842,603909.47,4029470.3,110,48.0,25.99,39.43,67.53,57.75,63.96,70.15,66.21,69.45,données du projet,78.69,75.92,73.46,50.95,65.27,76.02333333333335,65.44666666666667,68.34,51.66,51.66
EX24_Zaghouan_2020_10,Zaghouan,Zaghouan,Nord-Est,2020,10,2020-10-15,36.419403,10.131676,601454.48,4031062.87,110,48.0,18.88,91.96,67.56,77.34,31.25,69.14,35.94,61.56,données du projet,69.45,78.69,75.92,55.62,54.23,74.6866666666667,68.53,49.89,42.4,42.4
EX24_Zaghouan_2020_11,Zaghouan,Zaghouan,Nord-Est,2020,11,2020-11-15,36.402566,10.175196,605378.86,4029241.79,110,48.0,17.7,78.09,84.02,76.46,27.83,64.91,46.53,53.78,données du projet,61.56,69.45,78.69,58.04,43.85,69.90000000000002,69.52,32.29,33.45,33.45
EX24_Zaghouan_2020_12,Zaghouan,Zaghouan,Nord-Est,2020,12,2020-12-15,36.387103,10.139592,602206.4,4027488.2,110,48.0,14.93,113.79,86.87,72.64,10.01,60.39,40.3,38.5,données du projet,53.78,61.56,69.45,73.46,44.7,61.59666666666669,68.81,34.75,36.31,36.31
EX24_Zaghouan_2021_01,Zaghouan,Zaghouan,Nord-Est,2021,1,2021-01-15,36.432214,10.127004,601019.02,4032479.12,110,48.0,14.43,104.28,93.99,80.11,14.39,49.44,64.05,27.69,données du projet,38.5,53.78,61.56,75.92,34.82,51.28000000000003,62.98333333333334,17.75,37.57,37.57
EX24_Zaghouan_2021_02,Zaghouan,Zaghouan,Nord-Est,2021,2,2021-02-15,36.399323,10.119335,600373.83,4028822.5,110,48.0,12.14,89.04,85.84,74.64,10.11,49.02,41.33,31.76,données du projet,27.69,38.5,53.78,78.69,30.82,39.99000000000002,54.945,52.09,54.24,54.24
EX24_Zaghouan_2021_03,Zaghouan,Zaghouan,Nord-Est,2021,3,2021-03-15,36.396889,10.089215,597675.91,4028521.62,110,48.0,19.74,88.62,70.03,73.51,42.23,58.76,67.04,45.29,données du projet,31.76,27.69,38.5,69.45,50.95,32.65000000000003,47.123333333333335,46.03,64.94,64.94
EX24_Zaghouan_2021_04,Zaghouan,Zaghouan,Nord-Est,2021,4,2021-04-15,36.367109,10.121721,600629.32,4025251.56,110,48.0,24.0,79.86,72.18,59.09,53.85,61.89,50.64,55.82,données du projet,45.29,31.76,27.69,61.56,55.62,34.913333333333355,43.09666666666667,57.07,74.34,74.34
EX24_Zaghouan_2021_05,Zaghouan,Zaghouan,Nord-Est,2021,5,2021-05-15,36.40184,10.142859,602480.08,4029126.47,110,48.0,27.3,27.98,61.0,49.37,58.09,77.44,43.6,55.69,données du projet,55.82,45.29,31.76,53.78,58.04,44.29000000000002,42.14000000000001,81.36,82.26,82.26
EX24_Zaghouan_2021_06,Zaghouan,Zaghouan,Nord-Est,2021,6,2021-06-15,36.424488,10.172709,605126.29,4031670.95,110,48.0,30.82,28.97,53.49,54.49,75.69,84.15,72.79,84.13,données du projet,55.69,55.82,45.29,38.5,73.46,52.26666666666669,42.458333333333336,80.7,77.41,77.41
EX24_Zaghouan_2021_07,Zaghouan,Zaghouan,Nord-Est,2021,7,2021-07-15,36.394307,10.188942,606622.79,4028340.73,110,48.0,32.72,18.44,62.1,51.54,86.75,69.08,62.7,84.45,données du projet,84.13,55.69,55.82,27.69,75.92,65.21333333333335,50.06333333333333,57.35,66.9,66.9
EX24_Zaghouan_2021_08,Zaghouan,Zaghouan,Nord-Est,2021,8,2021-08-15,36.375292,10.129717,601336.06,4026167.71,110,48.0,34.48,14.63,59.32,41.31,82.33,71.46,60.57,78.31,données du projet,84.45,84.13,55.69,31.76,78.69,74.75666666666667,59.52333333333333,47.06,59.3,59.3
EX24_Zaghouan_2021_09,Zaghouan,Zaghouan,Nord-Est,2021,9,2021-09-15,36.377222,10.126766,601068.88,4026378.63,110,48.0,28.56,32.91,67.0,58.38,58.2,84.15,61.28,65.05,données du projet,78.31,84.45,84.13,45.29,69.45,82.29666666666668,67.28166666666667,64.09,51.26,51.26
EX24_Zaghouan_2021_10,Zaghouan,Zaghouan,Nord-Est,2021,10,2021-10-15,36.395297,10.142151,602425.24,4028399.94,110,48.0,20.41,118.95,73.13,67.19,30.9,66.77,29.86,57.48,données du projet,65.05,78.31,84.45,55.82,61.56,75.93666666666668,70.575,55.13,47.84,47.84
EX24_Zaghouan_2021_11,Zaghouan,Zaghouan,Nord-Est,2021,11,2021-11-15,36.384209,10.057514,594848.33,4027083.44,110,48.0,16.23,102.19,87.42,67.06,20.11,58.55,47.37,53.16,données du projet,57.48,65.05,78.31,55.69,53.78,66.94666666666669,70.85166666666666,24.14,39.94,39.94
EX24_Zaghouan_2021_12,Zaghouan,Zaghouan,Nord-Est,2021,12,2021-12-15,36.421673,10.197213,607326.96,4031385.57,110,48.0,12.64,95.1,82.17,78.26,19.66,55.43,44.7,39.29,données du projet,53.16,57.48,65.05,84.13,38.5,58.563333333333354,70.42999999999999,37.7,49.38,49.38
EX24_Zaghouan_2022_01,Zaghouan,Zaghouan,Nord-Est,2022,1,2022-01-15,36.46313,10.147018,602772.25,4035929.79,110,48.0,13.17,93.32,87.61,79.13,8.77,69.82,40.2,45.24,données du projet,39.29,53.16,57.48,84.45,27.69,49.97666666666669,62.95666666666667,47.15,53.77,53.77
EX24_Zaghouan_2022_02,Zaghouan,Zaghouan,Nord-Est,2022,2,2022-02-15,36.407698,10.100152,598643.0,4029731.78,110,48.0,12.55,82.62,88.6,69.04,15.08,51.88,37.58,40.31,données du projet,45.24,39.29,53.16,78.31,31.76,45.8966666666667,56.42166666666666,56.22,65.08,65.08
EX24_Zaghouan_2022_03,Zaghouan,Zaghouan,Nord-Est,2022,3,2022-03-15,36.385895,10.074337,596355.24,4027287.21,110,48.0,16.68,73.48,79.43,64.0,38.11,64.85,52.38,57.11,données du projet,40.31,45.24,39.29,65.05,45.29,41.613333333333365,50.08833333333333,72.12,72.23,72.23
EX24_Zaghouan_2022_04,Zaghouan,Zaghouan,Nord-Est,2022,4,2022-04-15,36.365539,10.14663,602866.05,4025103.72,110,48.0,24.23,50.16,75.09,59.24,45.93,66.32,48.4,64.73,données du projet,57.11,40.31,45.24,57.48,55.82,47.55333333333336,48.76499999999999,69.43,76.0,76.0
EX24_Zaghouan_2022_05,Zaghouan,Zaghouan,Nord-Est,2022,5,2022-05-15,36.350847,10.155794,603707.75,4023483.72,110,48.0,26.99,29.6,59.68,56.84,51.97,77.18,38.68,65.27,données du projet,64.73,57.11,40.31,53.16,55.69,54.05000000000002,49.973333333333336,71.05,82.71,82.71
EX24_Zaghouan_2022_06,Zaghouan,Zaghouan,Nord-Est,2022,6,2022-06-15,36.375269,10.173152,605232.38,4026211.6,110,48.0,31.44,21.68,62.52,44.43,84.18,82.8,60.41,85.47,données du projet,65.27,64.73,57.11,39.29,84.13,62.370000000000026,51.99166666666667,94.97,80.12,80.12
EX24_Zaghouan_2022_07,Zaghouan,Zaghouan,Nord-Est,2022,7,2022-07-15,36.408198,10.110056,599530.44,4029797.38,110,48.0,32.45,1.1,60.6,47.15,86.36,70.92,51.4,82.43,données du projet,85.47,65.27,64.73,45.24,84.45,71.82333333333337,59.68833333333333,100.0,72.99,72.99
EX24_Zaghouan_2022_08,Zaghouan,Zaghouan,Nord-Est,2022,8,2022-08-15,36.393046,10.171574,605066.93,4028181.84,110,48.0,31.67,32.36,65.8,48.18,66.11,79.36,64.31,83.98,données du projet,82.43,85.47,65.27,40.31,78.31,77.72333333333336,65.88666666666667,81.27,64.67,64.67
EX24_Zaghouan_2022_09,Zaghouan,Zaghouan,Nord-Est,2022,9,2022-09-15,36.413751,10.142481,602430.53,4030447.31,110,48.0,27.61,58.92,65.45,55.74,55.59,79.55,62.07,71.28,données du projet,83.98,82.43,85.47,57.11,65.05,83.96000000000002,73.165,73.85,54.53,54.53
EX24_Zaghouan_2022_10,Zaghouan,Zaghouan,Nord-Est,2022,10,2022-10-15,36.357217,10.210065,608568.76,4024249.94,110,48.0,23.36,66.23,76.58,64.42,43.27,61.31,44.88,66.93,données du projet,71.28,83.98,82.43,64.73,57.48,79.23000000000003,75.52666666666667,57.83,36.92,36.92
EX24_Zaghouan_2022_11,Zaghouan,Zaghouan,Nord-Est,2022,11,2022-11-15,36.360886,10.121443,600612.37,4024561.01,110,48.0,14.71,113.21,73.04,70.76,18.8,59.35,37.63,52.37,données du projet,66.93,71.28,83.98,65.27,53.16,74.06333333333335,75.89333333333333,34.25,39.86,39.86
EX24_Zaghouan_2022_12,Zaghouan,Zaghouan,Nord-Est,2022,12,2022-12-15,36.396431,10.194339,607103.95,4028582.34,110,48.0,15.85,75.67,83.85,84.99,16.64,56.5,44.73,39.59,données du projet,52.37,66.93,71.28,85.47,39.29,63.52666666666669,73.74333333333334,36.07,45.76,45.76
EX24_Zaghouan_2023_01,Zaghouan,Zaghouan,Nord-Est,2023,1,2023-01-15,36.426577,10.196006,607212.02,4031928.25,110,48.0,14.44,106.05,93.78,81.3,11.96,54.48,43.47,42.95,données du projet,39.59,52.37,66.93,82.43,45.24,52.96333333333336,66.09666666666666,44.34,46.03,46.03
EX24_Zaghouan_2023_02,Zaghouan,Zaghouan,Nord-Est,2023,2,2023-02-15,36.39568,10.130688,601396.71,4028430.3,110,48.0,14.6,104.36,85.7,83.78,20.44,65.22,26.18,40.05,données du projet,42.95,39.59,52.37,83.98,40.31,44.97000000000002,59.51666666666667,34.1,57.36,57.36
EX24_Zaghouan_2023_03,Zaghouan,Zaghouan,Nord-Est,2023,3,2023-03-15,36.421989,10.158704,603874.11,4031378.5,110,48.0,20.04,74.75,78.44,67.83,22.9,55.79,44.53,43.74,données du projet,40.05,42.95,39.59,71.28,57.11,40.86333333333335,52.19499999999999,30.68,62.75,62.75
EX24_Zaghouan_2023_04,Zaghouan,Zaghouan,Nord-Est,2023,4,2023-04-15,36.387617,10.082386,597075.01,4027486.26,110,48.0,24.31,73.39,72.42,73.3,49.66,59.04,54.99,53.1,données du projet,43.74,40.05,42.95,66.93,64.73,42.246666666666684,47.605,59.97,80.06,80.06
EX24_Zaghouan_2023_05,Zaghouan,Zaghouan,Nord-Est,2023,5,2023-05-15,36.414376,10.178476,605657.0,4030555.49,110,48.0,27.02,54.29,70.88,56.36,56.29,66.3,41.04,69.79,données du projet,53.1,43.74,40.05,52.37,65.27,45.63000000000002,45.300000000000004,79.98,82.12,82.12
EX24_Zaghouan_2023_06,Zaghouan,Zaghouan,Nord-Est,2023,6,2023-06-15,36.371497,10.151858,603327.23,4025770.2,110,48.0,30.05,54.89,61.8,44.55,57.05,79.53,75.65,74.98,données du projet,69.79,53.1,43.74,39.59,85.47,55.54333333333336,48.20333333333334,81.93,88.4,88.4
EX24_Zaghouan_2023_07,Zaghouan,Zaghouan,Nord-Est,2023,7,2023-07-15,36.357107,10.1124,599805.89,4024132.46,110,48.0,35.21,19.86,52.57,50.19,84.57,75.35,71.31,86.81,données du projet,74.98,69.79,53.1,42.95,82.43,65.95666666666669,54.10166666666667,89.83,77.75,77.75
EX24_Zaghouan_2023_08,Zaghouan,Zaghouan,Nord-Est,2023,8,2023-08-15,36.415278,10.152465,603323.67,4030627.42,110,48.0,34.21,49.79,59.44,40.41,85.58,73.9,73.62,96.57,données du projet,86.81,74.98,69.79,40.05,83.98,77.19333333333337,61.41166666666667,90.13,66.93,66.93
EX24_Zaghouan_2023_09,Zaghouan,Zaghouan,Nord-Est,2023,9,2023-09-15,36.373626,10.212185,608736.08,4026072.49,110,48.0,27.49,49.19,64.47,53.85,69.87,80.17,59.63,80.29,données du projet,96.57,86.81,74.98,43.74,71.28,86.12000000000002,70.83166666666666,54.57,57.81,57.81
EX24_Zaghouan_2023_10,Zaghouan,Zaghouan,Nord-Est,2023,10,2023-10-15,36.419105,10.104327,599002.88,4031001.41,110,48.0,24.02,70.28,71.14,63.43,43.47,67.85,50.15,60.32,données du projet,80.29,96.57,86.81,53.1,66.93,87.89000000000003,76.92333333333333,58.08,50.03,50.03
EX24_Zaghouan_2023_11,Zaghouan,Zaghouan,Nord-Est,2023,11,2023-11-15,36.397914,10.122366,600647.51,4028669.44,110,48.0,17.5,78.82,87.6,69.91,33.32,58.01,44.32,58.47,données du projet,60.32,80.29,96.57,69.79,52.37,79.06000000000002,78.12666666666668,66.82,39.97,39.97
EX24_Zaghouan_2023_12,Zaghouan,Zaghouan,Nord-Est,2023,12,2023-12-15,36.481561,10.155201,603480.93,4037983.04,110,48.0,12.95,160.98,82.34,80.15,1.44,50.82,31.48,43.72,données du projet,58.47,60.32,80.29,74.98,39.59,66.36000000000003,76.24,44.36,44.94,44.94
EX24_Zaghouan_2024_01,Zaghouan,Zaghouan,Nord-Est,2024,1,2024-01-15,36.448074,10.161882,604124.21,4034275.5,110,48.0,14.92,117.57,90.01,75.71,11.32,54.7,37.47,48.39,données du projet,43.72,58.47,60.32,86.81,42.95,54.170000000000016,71.03,21.0,42.33,42.33
EX24_Zaghouan_2024_02,Zaghouan,Zaghouan,Nord-Est,2024,2,2024-02-15,36.447085,10.154805,603491.24,4034158.19,110,48.0,15.31,94.43,85.29,67.59,4.3,55.84,45.62,34.98,données du projet,48.39,43.72,58.47,96.57,40.05,50.19333333333336,64.62666666666667,70.94,54.31,54.31
EX24_Zaghouan_2024_03,Zaghouan,Zaghouan,Nord-Est,2024,3,2024-03-15,36.421454,10.126434,600981.8,4031284.86,110,48.0,20.02,92.71,88.55,69.2,36.05,52.19,58.24,50.43,données du projet,34.98,48.39,43.72,80.29,43.74,42.36333333333335,54.36166666666666,45.28,64.58,64.58
EX24_Zaghouan_2024_04,Zaghouan,Zaghouan,Nord-Est,2024,4,2024-04-15,36.384574,10.178786,605725.19,4027249.87,110,48.0,23.79,50.95,72.0,64.87,45.29,64.49,42.04,50.48,données du projet,50.43,34.98,48.39,60.32,53.1,44.60000000000002,49.385,65.2,76.52,76.52
EX24_Zaghouan_2024_05,Zaghouan,Zaghouan,Nord-Est,2024,5,2024-05-15,36.464464,10.161809,604095.72,4036093.58,110,48.0,27.38,78.32,63.33,71.23,58.68,72.07,60.99,64.49,données du projet,50.48,50.43,34.98,58.47,69.79,45.29666666666668,47.745000000000005,55.69,82.03,82.03
EX24_Zaghouan_2024_06,Zaghouan,Zaghouan,Nord-Est,2024,6,2024-06-15,36.469193,10.144615,602548.94,4036599.77,110,48.0,32.73,40.76,56.69,48.95,87.52,77.53,62.83,73.86,données du projet,64.49,50.48,50.43,43.72,74.98,55.13333333333335,48.748333333333335,76.44,88.93,88.93
EX24_Zaghouan_2024_07,Zaghouan,Zaghouan,Nord-Est,2024,7,2024-07-15,36.401537,10.103716,598970.44,4029052.06,110,48.0,33.87,7.41,55.89,50.07,91.86,67.09,57.14,88.67,données du projet,73.86,64.49,50.48,48.39,86.81,62.94333333333335,53.77166666666667,77.63,81.18,81.18
EX24_Zaghouan_2024_08,Zaghouan,Zaghouan,Nord-Est,2024,8,2024-08-15,36.420045,10.145018,602649.78,4031148.23,110,48.0,31.75,38.64,59.71,46.77,86.69,75.48,81.29,86.24,données du projet,88.67,73.86,64.49,34.98,96.57,75.67333333333335,60.48500000000001,100.0,69.81,69.81
EX24_Zaghouan_2024_09,Zaghouan,Zaghouan,Nord-Est,2024,9,2024-09-15,36.436646,10.122409,600601.4,4032965.95,110,48.0,26.48,59.68,62.12,58.99,60.59,70.97,78.35,86.88,données du projet,86.24,88.67,73.86,50.43,80.29,82.92333333333335,69.02833333333332,67.52,51.26,51.26
EX24_Zaghouan_2024_10,Zaghouan,Zaghouan,Nord-Est,2024,10,2024-10-15,36.424128,10.160785,604057.87,4031617.98,110,48.0,22.96,84.01,77.62,57.56,30.42,65.44,48.7,68.65,données du projet,86.88,86.24,88.67,50.48,60.32,87.26333333333336,75.10333333333334,58.59,46.9,46.9
EX24_Zaghouan_2024_11,Zaghouan,Zaghouan,Nord-Est,2024,11,2024-11-15,36.463106,10.099578,598521.46,4035877.59,110,48.0,16.54,75.61,80.43,72.95,33.85,51.61,56.56,53.36,données du projet,68.65,86.88,86.24,64.49,58.47,80.59000000000002,78.13166666666666,35.13,39.08,39.08
EX24_Zaghouan_2024_12,Zaghouan,Zaghouan,Nord-Est,2024,12,2024-12-15,36.407819,10.181141,605904.9,4029831.03,110,48.0,14.37,102.52,83.76,88.52,14.07,52.69,57.83,42.62,données du projet,53.36,68.65,86.88,73.86,43.72,69.63000000000001,76.27666666666667,51.84,46.36,46.36
EX24_Zaghouan_2025_01,Zaghouan,Zaghouan,Nord-Est,2025,1,2025-01-15,36.398518,10.101947,598815.58,4028715.36,110,48.0,12.83,102.36,94.39,77.12,1.03,61.78,36.86,43.48,données du projet,42.62,53.36,68.65,88.67,48.39,54.87666666666669,71.07000000000001,49.19,48.67,48.67
EX24_Zaghouan_2025_02,Zaghouan,Zaghouan,Nord-Est,2025,2,2025-02-15,36.386793,10.115243,600022.95,4027428.36,110,48.0,13.14,88.62,84.46,72.29,13.76,57.12,31.49,41.68,données du projet,43.48,42.62,53.36,86.24,34.98,46.48666666666668,63.53833333333333,55.69,55.55,55.55
EX24_Zaghouan_2025_03,Zaghouan,Zaghouan,Nord-Est,2025,3,2025-03-15,36.397825,10.172074,605105.31,4028712.52,110,48.0,18.2,89.36,75.27,66.98,24.39,62.76,58.01,46.2,données du projet,41.68,43.48,42.62,86.88,50.43,42.593333333333355,56.11166666666667,74.58,66.87,66.87
EX24_Zaghouan_2025_04,Zaghouan,Zaghouan,Nord-Est,2025,4,2025-04-15,36.397235,10.190363,606746.24,4028667.08,110,48.0,21.15,57.91,63.37,54.27,53.45,82.86,37.81,54.04,données du projet,46.2,41.68,43.48,68.65,50.48,43.78666666666668,49.33166666666667,65.89,78.76,78.76
EX24_Zaghouan_2025_05,Zaghouan,Zaghouan,Nord-Est,2025,5,2025-05-15,36.329897,10.146537,602904.58,4021149.85,110,48.0,25.71,29.74,62.86,54.51,62.06,74.61,44.93,66.62,données du projet,54.04,46.2,41.68,53.36,64.49,47.30666666666669,46.89666666666667,84.01,82.67,82.67
EX24_Zaghouan_2025_06,Zaghouan,Zaghouan,Nord-Est,2025,6,2025-06-15,36.394869,10.117193,600187.45,4028326.21,110,48.0,29.98,9.28,68.31,51.93,88.42,83.28,63.49,79.28,données du projet,66.62,54.04,46.2,42.62,73.86,55.620000000000026,49.10666666666666,84.07,83.77,83.77
EX24_Zaghouan_2025_07,Zaghouan,Zaghouan,Nord-Est,2025,7,2025-07-15,36.389505,10.147005,602868.18,4027762.57,110,48.0,34.59,17.06,50.34,46.58,100.0,75.54,76.91,91.9,données du projet,79.28,66.62,54.04,43.48,88.67,66.64666666666669,55.21666666666667,100.0,71.42,71.42
EX24_Zaghouan_2025_08,Zaghouan,Zaghouan,Nord-Est,2025,8,2025-08-15,36.387745,10.122494,600672.04,4027541.49,110,48.0,32.05,16.12,60.02,53.92,89.69,69.92,76.47,92.02,données du projet,91.9,79.28,66.62,41.68,86.24,79.2666666666667,63.28666666666667,79.52,59.25,59.25
EX24_Zaghouan_2025_09,Zaghouan,Zaghouan,Nord-Est,2025,9,2025-09-15,36.421833,10.149118,603014.96,4031350.96,110,48.0,27.66,23.14,56.17,59.62,76.9,66.43,67.15,69.16,données du projet,92.02,91.9,79.28,46.2,86.88,87.73333333333335,71.67666666666666,52.17,51.61,51.61
